time,ch1,ch2,ch3,ch4
1764848206.6930704,-239.5387222119607,-0.12341669853776693,-6.683201220817864,-4.42056174762547
1764848206.6980705,-118.5361290955916,-3.3172912606969476,-7.595736810006201,-4.484140046872199
1764848206.7030704,0.5740746431984007,-0.14959599822759628,3.21631396189332,1.1818083859980106
1764848206.7080705,-240.49052675068378,-0.5759445931762457,-9.581623686477542,-8.388595600612462
1764848206.7130704,-373.06811022991315,-4.383162748068571,-9.540484786964953,-1.0284724878147244
1764848206.7180705,-120.43599827308208,-1.3538437839597464,-0.0523585993796587,-0.22065409738570452
1764848206.7230704,6.25498267589137,-3.062978063710034,-3.590303957462311,2.2364601735025644
1764848206.7280705,-236.6309499964118,-3.4481877591460943,-11.560030763037503,0.14959599822759628
1764848206.7330704,-375.51400480093434,-4.794551743194461,-9.020638693124056,-2.3561369720846415
1764848206.7380705,-118.13969970028847,-0.08601769898086786,-3.9343747533857822,0.6956213917583227
1764848206.7430704,5.645378983113915,1.7353135794401169,-5.037645240314305,0.6208233926445246
1764848206.7480705,-240.05669835582376,-0.8414774900302291,-9.024378593079746,-3.781038855202496
1764848206.7530704,-378.87617486109957,0.007479799911379814,-11.208480167202652,-6.283031925559044
1764848206.7580705,-121.75244305748492,-2.221500573679805,-0.5086263939738274,2.703947667963803
1764848206.7630703,6.146525577176362,-0.2056944975629449,-5.703347432427108,0.4674874944612384
1764848206.7680705,-244.5969369020313,-3.8034782549366355,-4.499099646694958,-1.4361215829849243
1764848206.7730703,-382.1972060217522,1.3837629836052656,-11.70214696135372,-3.9605540530756116
1764848206.7780704,-120.77632916904986,-1.7914120787754655,-12.06491725705564,-4.6486956449225545
1764848206.7830703,4.575767595786601,-0.014959599822759628,-5.037645240314305,0.34033089596778154
1764848206.7880704,-241.23476684186608,1.4810003824532032,-5.015205840580165,-5.269519037567079
1764848206.7930703,-384.3887873957865,-1.649295880459249,-7.558337810449302,-5.422854935750365
1764848206.7980704,-121.36723336204886,0.06731819920241833,-3.014359364286065,2.41597537137568
1764848206.8030703,6.954343967605382,-1.4548210827633739,-7.999646005220711,-1.249126585200429
1764848206.8080704,-240.13897615484893,1.7951519787311554,-4.716013844124973,1.7614928791299462
1764848206.8130703,-383.9138201014139,-6.799138119444251,-10.348303177393973,-0.7292804913595319
1764848206.8180704,-122.32090785074979,0.3590303957462311,-3.896975753828883,1.7091342797502875
1764848206.8230705,8.62981914775446,4.959107341244817,-3.3172912606969476,-1.9858868764713407
1764848206.8280704,-240.3708499521017,-1.813851478509605,-10.4492804761976,-0.23187379725277424
1764848206.8330705,-381.35946843167767,-3.264932661317289,-11.058884168975055,-6.04741822835058
1764848206.8380704,-118.26685629878193,1.0920507870614529,-3.788518655113876,1.5183993820101023
1764848206.8430705,1.7970219287090003,0.6170834926888347,-8.930881094187498,0.762939590960741
1764848206.8480704,-235.01157331559807,-0.34033089596778154,-5.097483639605343,-7.042231616564095
1764848206.8530705,-384.36634799605235,0.09349749889224768,-8.167941503226757,-6.537345122545958
1764848206.8580704,-123.87670623231679,-0.5722046932205558,-6.615883021615446,2.128003074787557
1764848206.8630705,5.1292727892287076,-2.935821465216577,-3.2387533616274595,1.3463639840483665
1764848206.8680704,-238.1156902788207,-5.022685640491545,-11.25709886662662,-0.8003385905176401
1764848206.8730705,-379.0220309593715,0.13089649844914675,-10.127649080008268,-3.7997383549809456
1764848206.8780704,-126.82748729735613,-2.3523970721289515,-1.2603462850674987,-1.0284724878147244
1764848206.8830705,4.796421693172306,0.22065409738570452,-6.552304722368717,-0.35529049579054117
1764848206.8880703,-236.5598918972537,-1.406202383339405,-8.205340502783656,-2.41597537137568
1764848206.8930705,-380.51425104169175,-4.944147741422057,-7.363863012753427,-5.295698337256908
1764848206.8980703,-135.5788531936705,2.01954597607255,-3.332250860519707,-0.9873335883021355
1764848206.9030704,2.825494416523725,3.3546902602538466,-9.764878784306347,5.093743739649653
1764848206.9080703,-230.30303927138448,-2.0719045754522085,-10.580176974646747,-2.0719045754522085
1764848206.9130704,-374.87822180846706,2.01206617616117,-11.122462468221784,-2.898422465659678
1764848206.9180703,-134.75607520341873,1.7988918786868453,-5.2134205382317305,-1.2603462850674987
1764848206.9230704,-0.2374836471863091,-2.7226471677422523,-9.966833381913602,-0.5385455936193466
1764848206.9280703,-223.7694340487942,-0.044878799468278885,-5.789365131407976,-4.02787225227803
1764848206.9330704,-374.69122681068256,-0.5011465940624475,-7.580777210183442,-2.771265867166221
1764848206.9380703,-137.48246227111667,-1.4772604824975133,-1.851250478066504,2.614190069027245
1764848206.9430704,0.42821854492649436,1.0359522877261043,-7.008572516962886,2.939561365172267
1764848206.9480705,-222.04160026926547,1.6343362806364894,-5.381716036237776,1.6679953802376986
1764848206.9530704,-372.58566313562915,0.1047171987593174,-9.985532881692052,-1.9447479769587517
1764848206.9580705,-144.61819138657302,-0.044878799468278885,-9.518045387230814,-1.0808310871943831
1764848206.9630704,-3.259322811383754,-2.337437472306192,-5.867903030477464,0.8302577901631594
1764848206.9680705,-215.26864144951105,-2.5094728702679276,-5.740746431984007,-2.165402074344456
1764848206.9730704,-372.3500494384207,-3.9605540530756116,-9.892035382799804,-6.006279328837991
1764848206.9780705,-147.4418158531189,-4.01291265245527,-4.080230851657689,-2.4346748711541295
1764848206.9830704,-0.9218853390775621,0.160815698094666,-6.604663321748376,-0.45252789463847876
1764848206.9880705,-215.14896465092897,1.6642554802820086,-7.835090407170355,-2.3972758715972304
1764848206.9930704,-375.6710805990733,-3.949334353208542,-4.499099646694958,-3.294851860962808
1764848206.9980705,-150.34023831877857,-2.935821465216577,-6.664501721039414,1.9522277768701315
1764848207.0030704,-1.8606002279557288,-1.1818083859980106,-5.740746431984007,0.4188687950372696
1764848207.0080705,-214.04569416400045,-3.504286258481443,-5.314397837035358,-0.04861869942396879
1764848207.0130703,-373.95820641936734,-6.589703721925616,-13.493559040129185,-0.06357829924672842
1764848207.0180705,-153.88192357681692,1.7240938795730472,-5.23212003801018,1.249126585200429
1764848207.0230703,-6.913205068092793,2.9545209649950266,-0.12341669853776693,0.033659099601209164
1764848207.0280704,-209.77846831455827,0.8526971898972988,-6.253112725913525,-0.08975759893655777
1764848207.0330703,-372.21167314006016,-4.132589451037347,-12.726879549212754,-4.121369751170278
1764848207.0380704,-163.97591355722398,4.319584448821843,-2.696467868052423,-0.4861869942396879
1764848207.0430703,-6.464417073410004,2.165402074344456,-9.013158893212676,2.124263174831867
1764848207.0480704,-207.0221620472148,-0.45626779459416866,-7.853789906948805,-1.3987225834280252
1764848207.0530703,-368.76722528086975,-1.1107502868399024,-7.195567514747381,-0.9910734882578254
1764848207.0580704,-159.1140436148271,-3.0779376635327935,-3.579084257595241,1.5782377813011408
1764848207.0630703,-11.48710271390155,0.23935359716415405,-3.5603847578167915,1.3089649844914675
1764848207.0680704,-202.8783528963104,-2.4384147711098194,-5.991319729015231,-7.25914581399411
1764848207.0730705,-366.88605560315773,-0.35529049579054117,-12.034998057410121,-3.781038855202496
1764848207.0780704,-161.73197358381003,-1.2416467852890491,-7.038491716608405,-4.192427850328386
1764848207.0830705,-18.26754133356735,0.0,-6.514905722811818,3.107856863178313
1764848207.0880704,-199.86399353202432,0.5684647932648659,-8.751365896314383,-0.5497652934864163
1764848207.0930705,-365.4611537200399,2.300038472749293,-7.479799911379814,-2.8161446666345
1764848207.0980704,-163.91607515793294,-1.3800230836495757,-5.202200838364661,2.8423239663243294
1764848207.1030705,-13.282254692632705,0.08227779902517796,-6.402708724141121,-0.14959599822759628
1764848207.1080704,-199.00381654221565,-1.9260484771803021,-5.609849933534861,-1.6679953802376986
1764848207.1130705,-360.62172317737713,-0.80407849047333,-8.788764895871282,-4.02039245236665
1764848207.1180704,-161.15602899063379,-1.372543283738196,-7.689234308898449,-0.07105809915810823
1764848207.1230705,-9.42641783831641,4.543978446163237,-4.065271251834929,4.323324348777533
1764848207.1280704,-190.95555183757097,-0.564724893309176,-6.2194536263123155,-4.457960747182369
1764848207.1330705,-364.36536303302273,-3.388349359855056,-11.032704869285226,-6.204494026489556
1764848207.1380703,-167.3754826169461,-0.6881415918469429,-2.045725275762379,-1.851250478066504
1764848207.1430705,-20.27960750972852,-0.7031011916697025,-3.22753366176039,1.4174220832064748
1764848207.1480703,-196.61776037048548,0.5273258937522769,-7.281585213728249,-0.845217389985919
1764848207.1530704,-357.43532841512933,1.529619081877172,-10.389442076906562,-9.24129279050976
1764848207.1580703,-167.59239681437612,-0.8265178902074695,-4.6486956449225545,2.7600461672991514
1764848207.1630704,-24.438376260455698,-1.323924584314227,-0.7891188906505704,-0.19073489774018526
1764848207.1680703,-196.81223516818136,-0.35529049579054117,1.047171987593174,-0.6918814918026328
1764848207.1730704,-361.6314961654134,-0.4151288950815797,-12.513705251738429,-2.539392069913447
1764848207.1780703,-187.51858377829194,-4.5664178458973765,-8.321277401410043,0.49366679415106773
1764848207.1830704,-11.4684032141231,2.090604075230658,-5.146102339029312,1.6006771810352802
1764848207.1880703,-197.5415156595409,-0.3141515962779522,-7.498499411158264,-2.01954597607255
1764848207.1930704,-357.06133841956034,-3.422008459456265,-9.24129279050976,-4.644955744966865
1764848207.1980705,-170.7825314765796,-0.9985532881692052,-7.700454008765519,1.1556290863081813
1764848207.2030704,-21.723208892624825,-1.727833779528737,-4.985286640934646,4.977806841023266
1764848207.2080705,-190.6077411416918,0.160815698094666,-6.312951125204563,0.10097729880362749
1764848207.2130704,-357.1062172190286,0.6694420920684934,-9.368449389003217,-1.61189688090235
1764848207.2180705,-176.59059610776603,-2.180361674167216,-3.8109580548480153,2.1990611739456654
1764848207.2230704,-24.976921854075044,1.2940053846687078,-8.82242399547249,-3.4070488596335053
1764848207.2280705,-192.58240831829607,-0.34407079592347145,-5.8978222301229835,-4.757152743637562
1764848207.2330704,-352.28548617614433,-5.916521729901433,-4.996506340801716,-5.24707963783294
1764848207.2380705,-180.61098856013268,-1.0359522877261043,-6.896375518292189,-2.296298572793603
1764848207.2430704,-20.608718705829233,0.033659099601209164,-5.449034235440195,5.703347432427108
1764848207.2480705,-187.4550054790452,-2.053205075673759,-6.896375518292189,-2.6852481681853533
1764848207.2530704,-355.4831006382592,-3.6800615563988686,-10.329603677615523,-7.341423613019288
1764848207.2580705,-178.33338948711753,0.44130819477140903,-2.4720738707110286,-1.4286417830735445
1764848207.2630703,-22.542246982920915,-4.7309734439477324,-9.364709489047527,2.206540973857045
1764848207.2680705,-188.58071536570787,-6.615883021615446,-5.4527741353958845,-2.3935359716415405
1764848207.2730703,-350.4491952979006,-0.23935359716415405,-9.22259329073131,-2.8759830659255385
1764848207.2780704,-180.43521326221526,1.6792150801047683,-3.2911119610071182,0.3590303957462311
1764848207.2830703,-23.20420927507803,4.162508650682867,-7.019792216829956,3.545425157994032
1764848207.2880704,-189.80366265121847,4.229826849885285,-7.62939590960741,-5.546271634288132
1764848207.2930703,-357.1099571189843,0.9349749889224768,-5.314397837035358,-4.342023848555982
1764848207.2980704,-179.1561674773693,-0.29919199645519257,-4.525278946384788,-0.14959599822759628
1764848207.3030703,-24.875944555271417,2.6254097688943148,-3.7698191553354263,3.5603847578167915
1764848207.3080704,-184.10405511874706,0.5722046932205558,-10.553997674956918,-6.354090024717152
1764848207.3130703,-359.0360055961646,-3.0031396644189954,-10.939207370392978,-6.305471325293183
1764848207.3180704,-177.5330508965999,1.4810003824532032,-2.9545209649950266,-1.7951519787311554
1764848207.3230705,-21.07246630033478,-1.9073489774018526,-5.505132734775543,0.018699499778449535
1764848207.3280704,-182.27898394037038,2.490773370489478,-8.104363203980029,-2.9657406648620963
1764848207.3330705,-359.58577088965103,-5.430334735661745,-11.829303559847176,-4.506579446606338
1764848207.3380704,-192.836721515283,-0.4899268941953778,-6.776698719710112,1.0733512872830033
1764848207.3430705,-21.251981498207897,1.810111578553915,-7.203047314658761,5.377976136282086
1764848207.3480704,-173.84176964033395,3.8109580548480153,-10.112689480185509,1.1556290863081813
1764848207.3530705,-361.455720867496,-1.1070103868842125,-3.7286802558228374,-5.523832234553993
1764848207.3580704,-193.44632520806044,-1.0957906870171428,-7.831350507214665,1.8587302779778838
1764848207.3630705,-15.91888416139409,-0.9723739884793758,-9.319830689579248,1.7465332793071866
1764848207.3680704,-170.69277387764305,-0.8003385905176401,1.009772988036275,-1.3912427835166454
1764848207.3730705,-362.1999609586783,-3.021839164197445,-11.724586361087859,-1.0546517875045538
1764848207.3780704,-187.24931098148227,-0.7517198910936713,1.006033088080585,3.62770295701921
1764848207.3830705,-23.806333167944103,-0.7928587906062603,-8.489572899416089,6.200754126533866
1764848207.3880703,-172.46174655668437,-0.7479799911379814,-2.9919199645519257,-3.982993452809751
1764848207.3930705,-356.3320579282008,-3.5641246577724814,-9.869595983065665,-5.194721038453281
1764848207.3980703,-190.8695341385901,3.100377063266933,-13.66933433804661,-2.460854170843959
1764848207.4030704,-14.27706808084622,-0.9349749889224768,-1.1331896865740418,1.9110888773575425
1764848207.4080703,-170.95456687454134,0.1645555980503559,-8.740146196447313,-1.6567756803706288
1764848207.4130704,-361.4893799670972,-3.982993452809751,-11.406694864854217,-6.986133117228746
1764848207.4180703,-200.21554412785918,-3.22005386184901,-5.24707963783294,-2.651589068584144
1764848207.4230704,-19.228695622179657,0.29171219654381275,-9.207633690908551,3.414528659544885
1764848207.4280703,-165.78976503573358,-3.1153366630896926,-6.82531741913408,-3.586564057506621
1764848207.4330704,-360.58432417782024,-1.9971065763384104,-12.584763350896537,-3.0704578636214137
1764848207.4380703,-196.96183116640896,-3.7137206560000777,-11.776944960467517,-0.24309349711984396
1764848207.4430704,-20.216029210481793,-0.927495189011097,0.2169141974300146,-2.696467868052423
1764848207.4480705,-162.36027677636594,-1.2192073855549097,-9.360969589091837,0.5198460938408971
1764848207.4530704,-354.4097493509762,-1.447341282851994,-5.434074635617435,-3.7660792553797364
1764848207.4580705,-202.6502189990133,-2.569311269558966,-8.02956520486623,1.4697806825861335
1764848207.4630704,-21.95882258983329,-3.825917654670775,-8.179161203093827,-3.4781069587916136
1764848207.4680705,-165.5242321388796,1.7876721788197756,-2.0232858760282397,-2.086864175274968
1764848207.4730704,-362.4131352561526,-3.6725817564874887,-11.088803368620574,-5.157322038896382
1764848207.4780705,-205.03253527078778,-0.643262792378664,-8.545671398751438,-3.302331660874188
1764848207.4830704,-17.826233138795942,3.0293189641088247,-1.649295880459249,1.4548210827633739
1764848207.4880705,-162.60711017344147,2.651589068584144,-3.1190765630453825,-0.6694420920684934
1764848207.4930704,-359.7353668878786,-0.7031011916697025,-12.154674855992198,-2.703947667963803
1764848207.4980705,-199.43390503711998,-1.9559676768258214,-4.659915344789624,-1.1818083859980106
1764848207.5030704,-15.327979968395084,-4.01665255241096,-2.8872027657926083,-2.8722431659698486
1764848207.5080705,-161.29066538903862,1.1219699867069721,-6.784178519621491,0.2692727968096733
1764848207.5130703,-359.3314576926641,-2.501993070356548,-4.656175444833934,0.6731819920241833
1764848207.5180705,-205.55238136462867,2.457114270888269,-5.819284331053495,-1.3351442841812968
1764848207.5230703,-11.229049616958946,-0.11967679858207703,-14.47341282851994,1.9185686772689223
1764848207.5280704,-161.99750648066401,-4.379422848112881,-6.013759128749371,0.9125355891883373
1764848207.5330703,-356.414335727226,0.007479799911379814,-2.6328895688056946,-4.360723348334432
1764848207.5380704,-200.00984963029623,4.211127350106835,-11.010265469551086,-0.40390919521450996
1764848207.5430703,-16.73792225169018,-0.12715659849345684,-4.01291265245527,-2.1205232748761773
1764848207.5480704,-157.41612903494388,1.0284724878147244,-12.581023450940847,-4.241046549752355
1764848207.5530703,-358.50867970241234,-2.6403693687170744,-8.268918802030385,-6.395228924229741
1764848207.5580704,-207.20167724508792,4.00917275249958,-8.145502103492618,-1.3538437839597464
1764848207.5630703,-19.419430519919842,2.3523970721289515,-3.066717963665724,0.523585993796587
1764848207.5680704,-159.41697551123798,-1.9896267764270306,-2.41223547141999,0.39642939530313015
1764848207.5730705,-361.20514757046476,-5.834243930876255,-11.174821067601442,0.38894959539175034
1764848207.5780704,-214.98066915292293,0.7367602912709117,-3.8857560539618134,0.725540591403842
1764848207.5830705,-12.949403596576303,0.05983839929103851,-8.785024995915592,2.692727968096733
1764848207.5880704,-158.27630602475256,-1.3538437839597464,-2.180361674167216,0.2056944975629449
1764848207.5930705,-372.8960748319514,0.7554597910493612,-6.978653317317367,-0.9125355891883373
1764848207.5980704,-214.68147715646774,-0.927495189011097,-5.475213535130024,-1.61189688090235
1764848207.6030705,-11.666617911774665,-1.4585609827190638,-5.837983830831945,0.06731819920241833
1764848207.6080704,-143.79167349636555,-3.5155059583485126,-5.370496336370707,-3.3621700601652265
1764848207.6130705,-359.5969905895181,-2.7114274678751826,-6.384009224362671,-4.390642547979951
1764848207.6180704,-217.512581422925,-1.8624701779335737,-0.2505732970312238,5.176021538674831
1764848207.6230705,-15.215782969724387,-0.8788764895871282,-5.336837236769497,1.929788377135992
1764848207.6280704,-142.93149650655687,-0.04861869942396879,-6.877676018513739,1.5819776812568307
1764848207.6330705,-359.94480128539726,-2.7226471677422523,-9.072997292503715,-3.504286258481443
1764848207.6380703,-223.18974955566227,-2.0008464762941003,-10.06781068071723,0.38520969543606043
1764848207.6430705,-10.65684492373839,-0.762939590960741,-6.7019007205963135,-4.461700647138059
1764848207.6480703,-139.65160424541682,2.8348441664129496,-6.85149671882391,-5.198460938408971
1764848207.6530704,-365.35643652128056,-3.018099264241755,-13.889988435432315,-4.1662485506385565
1764848207.6580703,-219.42741020023823,1.8026317786425352,-3.709980756044388,4.41682184766978
1764848207.6630704,-5.151712188962847,1.5595382815226912,-12.05743745714426,1.7091342797502875
1764848207.6680703,-141.05032682884485,-0.29171219654381275,-2.251419773325324,0.1084570987150073
1764848207.6730704,-370.5960363592021,-1.6006771810352802,-7.1020700158551335,-5.830504030920565
1764848207.6780703,-220.35864528920501,-2.6403693687170744,-3.0816775634884834,-1.084570987150073
1764848207.6830704,-1771.12125156587,12.799807598348707,13.753482087049633,17.418584043625742
1764848207.6880703,-1916.9904394876212,10.937337420415133,11.247749116737396,13.121438994538039
1764848207.6930704,-2140.6233671880327,11.47962291399017,10.896198520902544,12.474436302203685
1764848207.6980705,-1983.9757875939831,16.543447453994304,13.207456693518907,13.166317794006318
1764848207.7030704,-1768.6155185955577,12.590373200830072,6.0567679782398045,16.509788354393095
1764848207.7080705,-1918.1946872733533,12.141585206147283,16.147018058691174,12.496875701937824
1764848207.7130704,-2144.5465222415514,12.616552500519902,11.722716411110014,9.299261239822954
1764848207.7180705,-1989.8287310246378,13.678684087935835,17.751435139682144,7.784601757768542
1764848207.7230704,-1767.452409709338,11.745155810844153,18.37973833223805,16.506048454437405
1764848207.7280705,-1914.159335221164,13.222416293341666,15.769288163166493,12.126625606324524
1764848207.7330704,-2145.275802732911,7.2647556639276445,12.799807598348707,9.385278938803822
1764848207.7380705,-1984.7836059844121,14.022754883859307,14.841792974155396,17.216629446018487
1764848207.7430704,-1764.0827598492615,13.136398594360799,13.259815292898566,15.548634065780789
1764848207.7480705,-1912.9363879356533,11.790034610312432,11.217829917091876,10.29033472808078
1764848207.7530704,-2153.039835040923,10.750342422630638,16.487348954658955,10.66432472364977
1764848207.7580705,-1987.667068850249,10.062200830783695,16.464909554924816,16.28913425700739
1764848207.7630703,-1767.0111015145667,10.054721030872315,19.58772601792589,12.321100404020399
1764848207.7680705,-1914.4772267173976,10.178137729410082,16.74540205160156,12.769888398703188
1764848207.7730703,-2149.6440058811568,6.25498267589137,10.110819530207664,13.603886088822037
1764848207.7780704,-1985.0827979808673,11.389865315053612,14.247148881200701,14.29576758062467
1764848207.7830703,-1764.340812946204,10.716683323029429,15.028787971939892,16.539707554038614
1764848207.7880704,-1909.9556876709685,16.397591355722398,11.128072318155318,16.850119250360876
1764848207.7930703,-2148.46967729507,13.555267389398068,10.926117720548064,5.581800683867186
1764848207.7980704,-1990.8422439126298,13.91055788518861,19.367071920540184,13.05412079533562
1764848207.8030703,-1762.328746770043,13.91055788518861,17.721515940036625,11.778814910445362
1764848207.8080704,-1908.467207488604,10.720423222985119,7.7060638586990535,13.573966889176518
1764848207.8130703,-2151.7682690559886,8.771935346070677,25.380831049289554,11.389865315053612
1764848207.8180704,-1993.8491234770045,10.918637920636684,17.86363213835284,12.018168507609516
1764848207.8230705,-1755.7951415474527,8.899091944564134,16.64442475279793,16.543447453994304
1764848207.8280704,-1906.391563013196,11.939630608540028,9.280561740044504,6.924424767959863
1764848207.8330705,-2152.232016650494,8.042654854711145,13.521608289796859,11.700277011375874
1764848207.8380704,-1994.09595687408,11.296367816161364,11.404824914876372,13.49168909015134
1764848207.8430705,-1751.3745797998272,14.437883778940886,12.186464005615562,17.665417440701276
1764848207.8480704,-1901.3314783731475,10.817660621833056,18.832266226876527,11.617999212350696
1764848207.8530705,-2155.381012413185,10.009842231404036,2.0775144253857434,11.427264314610511
1764848207.8580704,-1989.1480692327023,19.011781424749643,17.209149646107107,16.061000359710306
1764848207.8630705,-1751.6214131969027,14.000315484125167,14.381785279605538,11.707756811287254
1764848207.8680704,-1901.7428673682734,12.336060003843158,9.748049234505743,14.31072718044743
1764848207.8730705,-2152.923898142297,8.476483249571174,13.147618294227868,13.304694092366844
1764848207.8780704,-1995.4685001578182,11.03831471921876,11.606779512483627,11.629218912217766
1764848207.8830705,-1755.8437602468766,12.036868007387966,14.28828778071329,17.179230446461588
1764848207.8880703,-1898.0441063120961,12.949403596576303,10.036021531093866,14.594959577079862
1764848207.8930705,-2153.8102544317953,5.809934581164271,14.467802978586406,8.2820084518753
1764848207.8980703,-2001.2690849890932,13.764701786916703,18.420877231750637,16.378891855943948
1764848207.9030704,-1756.1317325434648,13.4692496904172,14.871712173800915,13.061600595247
1764848207.9080703,-1888.7429751222953,11.801254310179502,9.104786442127079,10.151958429720253
1764848207.9130704,-2147.5122629064135,14.29576758062467,16.66312425257638,10.712943423073739
1764848207.9180703,-1999.0962031148374,15.619692164938897,11.531981513369828,13.259815292898566
1764848207.9230704,-1756.371086140629,14.965209672693163,15.49627546640113,14.72211617557332
1764848207.9280703,-1892.7484079748392,13.794620986562222,15.320500168483704,13.87315888563171
1764848207.9330704,-2144.202451445628,9.86398613313213,11.326287015806884,8.001515955198556
1764848207.9380703,-2000.5622438974679,12.534274701494724,11.917191208805889,10.432450926396996
1764848207.9430704,-1766.2893008231185,12.111666006501764,10.66058482369408,14.194790281821042
1764848207.9480705,-1886.6785503467545,11.640438612084836,12.990542496088892,14.523901477921754
1764848207.9530704,-2136.7937096334063,7.130119265522808,14.935290473047644,11.546941113192588
1764848207.9580705,-2012.1297544604167,11.247749116737396,19.195036522578448,17.351265844423324
1764848207.9630704,-1767.8937179041095,13.151358194183558,11.84987300960347,14.019014983903617
1764848207.9680705,-1881.4090313091874,9.598453236278147,13.90681798523292,15.249442069325596
1764848207.9730704,-2133.685852770228,8.756975746247917,16.038560959976166,7.919238156173378
1764848207.9780705,-2016.7373112058267,11.599299712572247,18.76120812771842,14.25836858106777
1764848207.9830704,-1786.6119171823375,10.907418220769614,16.26295495731756,17.680377040524036
1764848207.9880705,-1880.5600740192458,12.25378220481798,11.143031917978078,14.796914174687117
1764848207.9930704,-2125.787184063811,8.611119647976011,11.08693341864273,9.923824532423168
1764848207.9980705,-2024.7818360105157,15.144724870566279,15.731889163609594,13.708603287581354
1764848208.0030704,-1799.1031830343418,14.220969581510872,11.539461313281208,13.07656019506976
1764848208.0080705,-1879.0566342370585,8.068834154400975,16.72670255182311,13.90681798523292
1764848208.0130703,-2118.3597427518107,10.731642922852188,13.678684087935835,10.593266624491662
1764848208.0180705,-2031.158365434967,10.570827224757522,10.69798382325098,13.435590590815991
1764848208.0230703,-1808.1126020275988,13.282254692632705,19.838299314957112,16.894998049829155
1764848208.0280704,-1877.9309243503958,13.027941495645791,10.518468625377864,15.11480567092076
1764848208.0330703,-2110.6705084429123,7.43305116193369,11.187910717446357,5.121792989317328
1764848208.0380704,-2037.3778190612793,11.920931108761579,13.839499786030501,16.180677158292383
1764848208.0430703,-1818.6105012032203,11.202870317269117,13.50290879001841,13.357052691746503
1764848208.0480704,-1877.1717246593907,10.006102331448346,15.604732565116137,10.410011526662856
1764848208.0530703,-2106.2649062951095,11.232789516914636,10.537168125156313,9.355359739158303
1764848208.0580704,-2041.0504008177668,17.257768345531076,8.872912644874305,13.89933818532154
1764848208.0630703,-1830.48094366258,14.090073083061725,15.08862637123093,13.839499786030501
1764848208.0680704,-1870.0359955439344,15.649611364584416,18.858445526566356,12.089226606767625
1764848208.0730705,-2094.0952718392946,11.000915719661862,14.247148881200701,16.128318558912724
1764848208.0780704,-2049.151024121791,11.823693709913641,16.378891855943948,10.68676412338391
1764848208.0830705,-1837.3473999812268,14.26958828093484,16.33401305647567,13.603886088822037
1764848208.0880704,-1865.5107165975496,8.951450543943793,16.061000359710306,10.133258929941803
1764848208.0930705,-2088.762174502481,10.316514027770609,12.66891109989956,11.87231240933761
1764848208.0980704,-2045.6841368628666,10.589526724535972,14.6547979763709,13.768441686872393
1764848208.1030705,-1839.5427212552167,18.36477873241529,12.68761059967801,16.7304424517788
1764848208.1080704,-1865.2377039007843,9.751789134461433,11.030834919307381,11.266448616515845
1764848208.1130705,-2086.7650679261424,11.0981531185098,9.964963431935757,5.970750279258937
1764848208.1180704,-2049.3903777189553,11.517021913547069,13.10647939471528,14.011535183992237
1764848208.1230705,-1847.6732637588866,12.796067698393017,18.218922634143382,12.983062696177512
1764848208.1280704,-1859.5044372687116,14.729595975484699,12.717529799323529,12.523055001627654
1764848208.1330705,-2078.9823361183517,8.532581748906523,14.045194283593446,11.629218912217766
1764848208.1380703,-2053.1265377746895,9.819107333663851,12.721269699279219,12.953143496531993
1764848208.1430705,-1847.4226904618554,12.362239303532988,18.458276231307536,13.742262387182564
1764848208.1480703,-1856.8865072997287,11.416044614743441,15.305540568660945,8.865432844962925
1764848208.1530704,-2076.1886308514513,13.297214292455465,11.928410908672959,8.693397447001189
1764848208.1580703,-2053.205075673759,9.325440539512783,17.717776040080935,16.472389354836196
1764848208.1630704,-1850.6764034233056,16.33027315651998,19.48300881916657,15.780507863033563
1764848208.1680703,-1853.5916554387659,12.336060003843158,16.408811055589467,10.952297020237893
1764848208.1730704,-2071.079927511979,9.250642540398985,11.07571371877566,9.377799138892442
1764848208.1780703,-2057.6031980216503,9.85276643326506,15.346679468173534,13.611365888733417
1764848208.1830704,-1863.309785473626,13.90307808527723,15.832866462413222,11.44596381438896
1764848208.1880703,-1850.0854992303066,13.360792591702193,9.011288943234831,15.182123870123178
1764848208.1930704,-2061.3617974771187,7.137599065434188,8.801854545716196,12.990542496088892
1764848208.1980705,-2059.53859624872,9.628372435923666,17.268988045398146,12.197683705482632
1764848208.2030704,-1862.7656300300732,15.391558267641813,16.225555957760662,16.29661405691877
1764848208.2080705,-1843.325630060397,11.920931108761579,15.05870717158541,13.656244688201696
1764848208.2130704,-2060.7989425337873,7.986556355375797,11.935890708584338,11.756375510711223
1764848208.2180705,-2066.218057569582,14.164871082175523,12.347279703710228,15.137245070654899
1764848208.2230704,-1866.9206588808447,14.355605979915708,15.679530564229935,20.649857605341822
1764848208.2280705,-1839.563290704973,11.86109270947054,16.76036165142432,11.790034610312432
1764848208.2330704,-2057.7920629694127,5.798714881297201,13.981615984346718,8.169811453204602
1764848208.2380705,-2076.9927093419246,9.665771435480565,15.769288163166493,14.037714483682066
1764848208.2430704,-1873.502882802859,13.06534049520269,16.33775295643136,13.90681798523292
1764848208.2480705,-1836.1824211450294,12.609072700608522,13.86193918576464,16.027341260109097
1764848208.2530704,-2055.5967416954227,12.609072700608522,14.628618676681072,11.0607541189529
1764848208.2580705,-2078.6120860227384,10.705463623162359,14.366825679782778,9.403978438582271
1764848208.2630703,-1868.7232906594872,12.844686397816986,14.766994975041598,13.297214292455465
1764848208.2680705,-1832.6669151866809,11.958330108318478,11.632958812173456,13.04664099542424
1764848208.2730703,-2050.095348860603,10.720423222985119,13.944216984789819,10.410011526662856
1764848208.2780704,-2080.9757027947344,13.547787589486688,15.46261636679992,14.800654074642807
1764848208.2830703,-1878.9032983388752,11.771335110533983,16.70800305204466,13.790881086606532
1764848208.2880704,-1821.1068844236434,12.519315101671964,10.357652927283198,10.604486324358732
1764848208.2930703,-2043.217672842089,13.319653692189604,13.89185838541016,9.549834536854178
1764848208.2980704,-2095.3518782244064,17.298907245043665,10.821400521788746,13.835759886074811
1764848208.3030703,-1888.5260609248653,12.941923796664923,17.403624443802983,13.633805288467556
1764848208.3080704,-1806.0276078023016,10.23049632878974,9.86772603308782,11.07945361873135
1764848208.3130703,-2033.486453157384,13.592666388954967,14.363085779827088,15.50001536635682
1764848208.3180704,-2109.4363414575346,11.161731417756528,16.868818750139326,12.796067698393017
1764848208.3230705,-1883.4210974853486,10.67180452356115,16.143278158735484,17.758914939593524
1764848208.3280704,-1799.4715631799772,11.44596381438896,9.101046542171389,16.67434395244345
1764848208.3330705,-2031.545445080381,10.166918029543012,11.330026915762573,9.389018838759512
1764848208.3380704,-2111.6653218311258,11.711496711242944,15.036267771851271,15.967502860818058
1764848208.3430705,-1894.7829135507345,10.27163522830233,17.11565214721486,14.66601767623797
1764848208.3480704,-1790.211570889689,14.67349747614935,18.170303934719414,9.576013836544007
1764848208.3530705,-2022.1321168919094,4.833820692729205,14.796914174687117,10.884978821035475
1764848208.3580704,-2122.0136250085197,13.678684087935835,12.814767198171467,16.113358959089965
1764848208.3630705,-1895.355118243955,14.471542878542095,16.169457458425313,15.544894165825099
1764848208.3680704,-1782.4026597822085,13.85071948589757,8.895352044608444,12.137845306191593
1764848208.3730705,-2019.5366263226606,12.739969199057668,13.760961886961013,11.139292018022388
1764848208.3780704,-2131.8832209915854,11.374905715230852,16.494828754570335,17.49338204273954
1764848208.3830705,-1899.8616976905614,14.164871082175523,22.923716778401285,17.639238141011447
1764848208.3880703,-1767.1176886633039,14.27332818089053,10.084640230517834,13.039161195512861
1764848208.3930705,-2016.4512088592164,9.968703331891447,13.49168909015134,10.858799521345645
1764848208.3980703,-2149.860920078587,13.372012291569263,16.32653325656429,17.250288545619696
1764848208.4030704,-1905.475287524052,12.897044997196645,11.146771817933768,10.178137729410082
1764848208.4080703,-1749.9253685669973,12.059307407122105,8.431604450102895,8.902831844519824
1764848208.4130704,-2014.8430518782698,9.08982684230432,14.69593687588349,11.281408216338605
1764848208.4180703,-2172.7790270070545,15.054967271629721,14.980169272515923,16.850119250360876
1764848208.4230704,-1916.1265225978568,14.3219468803145,10.481069625820965,9.662031535524875
1764848208.4280703,-1721.2216364070773,10.918637920636684,12.410858002956957,10.529688325244933
1764848208.4330704,-2005.6952565866522,8.210950352717191,10.884978821035475,10.907418220769614
1764848208.4380703,-2190.1097234017216,8.932751044165343,14.841792974155396,16.939876849297434
1764848208.4430704,-1921.5119785340503,10.065940730739385,14.176090782042593,15.761808363255113
1764848208.4480705,-1705.3569807950407,11.84613310964778,14.086333183106035,10.181877629365772
1764848208.4530704,-1994.5316552189179,6.954343967605382,14.26958828093484,9.45259713800624
1764848208.4580705,-2198.416041203309,9.347879939246923,20.582539406139404,14.415444379206747
1764848208.4630704,-1917.6972805792466,7.0590611663647,18.630311629269272,13.46550979046151
1764848208.4680705,-1710.1141335386783,14.426664079073817,14.643578276503831,12.100446306634694
1764848208.4730704,-2004.2553951037116,13.618845688644797,12.119145806413144,12.71004999941215
1764848208.4780705,-2180.7001351132058,14.153651382308453,15.12228547083214,16.794020751025528
1764848208.4830704,-1914.4772267173976,14.550080777611583,11.808734110090882,12.141585206147283
1764848208.4880705,-1717.5976733500138,14.935290473047644,11.84239320969209,13.944216984789819
1764848208.4930704,-2001.730962633621,9.08982684230432,13.375752191524953,13.278514792677015
1764848208.4980705,-2182.1848753956147,8.087533654179424,13.581446689087898,17.85615233844146
1764848208.5030704,-1915.509439105168,11.143031917978078,15.227002669591457,14.845532874111086
1764848208.5080705,-1729.307300111279,12.369719103444368,15.582293165381998,11.659138111863285
1764848208.5130703,-2003.937503607478,8.117452853824943,12.26500190468505,10.29033472808078
1764848208.5180705,-2169.057826551143,16.506048454437405,17.699076540302485,17.628018441144377
1764848208.5230703,-1905.6510628219694,15.720669463742524,18.125425135251135,13.07282029511407
1764848208.5280704,-1740.4709014790133,13.274774892721325,13.835759886074811,13.211196593474597
1764848208.5330703,-2015.202082274016,9.86772603308782,15.743108863476664,11.816213910002261
1764848208.5380704,-2154.2066838270985,11.689057311508805,14.340646380092949,14.920330873224884
1764848208.5430703,-1888.4550028257072,15.780507863033563,11.8760523092933,14.138691782485694
1764848208.5480704,-1747.0381658012047,12.859645997639745,11.393605215009302,12.25378220481798
1764848208.5530703,-2024.7350872610696,13.132658694405109,15.844086162280291,10.092120030429214
1764848208.5580704,-2150.990369865205,10.769041922409087,11.920931108761579,12.624032300431281
1764848208.5630703,-1883.2303625876084,9.695690635126084,14.389265079516917,10.948557120282203
1764848208.5680704,-1749.7570730689913,12.205163505394012,12.867125797551125,11.311327415984124
1764848208.5730705,-2033.1947409608401,12.395898403134197,10.574567124713212,7.8257406572811306
1764848208.5780704,-2143.7013048515655,10.806440921965986,16.195636758115143,17.55696034198627
1764848208.5830705,-1874.4415976917371,11.580600212793797,17.16801074659452,13.742262387182564
1764848208.5880704,-1747.722567493096,10.312774127814919,8.869172744918615,12.455736802425236
1764848208.5930705,-2033.6248294557445,8.397945350501686,12.437037302646786,13.91803768509999
1764848208.5980704,-2150.1900312746875,12.560454001184553,14.187310481909662,15.249442069325596
1764848208.6030705,-1865.3424210995436,11.89849170902744,10.383832226973027,14.078853383194655
1764848208.6080704,-1750.460174260661,14.591219677124172,8.906571744475514,11.700277011375874
1764848208.6130705,-2043.748738635797,9.317960739601403,13.439330490771681,11.681577511597425
1764848208.6180704,-2141.9659912721254,13.439330490771681,16.102139259222895,14.198530181776732
1764848208.6230705,-1857.679366090335,15.223262769635767,17.265248145442456,11.326287015806884
1764848208.6280704,-1756.6048298878595,13.248595593031496,8.023955354932696,12.64273180020973
1764848208.6330705,-2053.57719571935,8.21843015262857,16.461169654969126,12.399638303089887
1764848208.6380703,-2132.586322183255,17.280207745265216,17.44102344335988,12.941923796664923
1764848208.6430705,-1845.1619209386408,12.784847998525947,16.27417465718463,15.619692164938897
1764848208.6480703,-1762.3567960197106,8.992589443456382,13.173797593917698,9.905125032644719
1764848208.6530704,-2058.4802045612596,6.9019853682257235,18.129165035206825,10.226756428834051
1764848208.6580703,-2132.130054388661,16.554667153861374,17.84867253853008,14.228449381422251
1764848208.6630704,-1841.4668997824192,13.271034992765635,17.242808745708317,15.571073465514928
1764848208.6680703,-1760.277411644347,12.822246998082846,19.07909962395206,11.591819912660867
1764848208.6730704,-2073.368746284861,12.313620604109019,9.546094636898488,10.956036920193583
1764848208.6780703,-2128.932439926546,11.0981531185098,13.173797593917698,17.52704114234075
1764848208.6830704,-1827.767646244727,13.188757193740457,10.922377820592374,14.340646380092949
1764848208.6880703,1172.9373433031142,10.555867624934763,14.394874929450452,13.338353191968054
1764848208.6930704,857.7853237870149,7.911758356261998,13.474859540350735,11.640438612084836
1764848208.6980705,817.0353738698177,12.30988070415333,13.68803383782506,11.4684032141231
1764848208.7030704,1126.9814526475966,13.308433992322534,14.813743724487722,17.47842244291678
1764848208.7080705,1166.11202588398,11.225309717003256,12.805417448282242,13.327133492100984
1764848208.7130704,851.2965973638929,10.67554442351684,11.111242768354714,13.734782587271184
1764848208.7180705,817.8170129605569,10.67928432347253,17.895421287976205,16.906217749696225
1764848208.7230704,1132.7521182792261,14.882931873667985,10.83823007158935,14.011535183992237
1764848208.7280705,1164.328093605116,13.05038089537993,14.46219312865287,15.432697167154402
1764848208.7330704,845.3725958340801,5.278868787456304,14.630488626658916,9.149665241595358
1764848208.7380705,816.5753661752678,13.48420929023996,16.679953802376986,10.058460930828005
1764848208.7430704,1131.9368200888857,12.65769140003249,18.003878386691213,16.966056148987263
1764848208.7480705,1172.2230224115774,10.410011526662856,8.908441694453359,15.178383970167488
1764848208.7530704,845.7017070301808,13.738522487226874,15.445786816999316,7.7060638586990535
1764848208.7580705,815.4870552881621,12.107926106546074,14.641708326525986,12.878345497418195
1764848208.7630703,1132.36690858379,13.581446689087898,15.30741051863879,13.128918794449419
1764848208.7680705,1166.3812986807898,12.451996902469546,9.117876091971993,12.332320103887469
1764848208.7730703,838.7454931125976,7.84818005701527,13.456160040572286,7.2236167644150555
1764848208.7780704,804.1140195229091,12.377198903355747,16.16010770853609,18.34981913259253
1764848208.7830703,1136.0170509405434,11.520761813502759,19.33528277091682,15.672050764318556
1764848208.7880704,1185.7165814517066,11.202870317269117,10.168787979520857,14.404224679339677
1764848208.7930703,844.7143734418787,12.624032300431281,7.363863012753427,9.744309334550053
1764848208.7980704,779.6475940127857,10.110819530207664,14.163001132197678,9.983662931714207
1764848208.8030703,1131.5628300933167,15.212043069768697,19.585856067948043,10.582046924624592
1764848208.8080704,1213.7957503190264,12.186464005615562,10.90180837083608,16.476129254791886
1764848208.8130703,848.413134498056,7.492889561224729,14.159261232241988,11.782554810401052
1764848208.8180704,764.5720572913997,14.725856075529009,16.92678719945252,15.773028063122183
1764848208.8230705,1124.0119720827788,15.402777967508882,15.015698322094977,17.355005744379014
1764848208.8280704,1233.291848788038,8.932751044165343,12.711919949389994,11.244009216781706
1764848208.8330705,855.926593509037,8.349326651077718,9.293651389889419,7.1039399658329785
1764848208.8380704,740.8797910721041,11.87979220924899,11.945240458473563,13.772181586828083
1764848208.8430705,1113.1812218111008,12.68761059967801,15.180253920145333,17.48964214278385
1764848208.8480704,1246.34035973344,14.27332818089053,16.03669100999832,14.217229681555182
1764848208.8530705,853.4283403386362,6.318560975138098,9.540484786964953,7.717283558566123
1764848208.8580704,729.9630231014453,13.338353191968054,19.825209665112197,10.866279321257025
1764848208.8630705,1117.2577127628028,11.629218912217766,17.401754493825138,14.000315484125167
1764848208.8680704,1249.0517872013152,10.843839921522886,13.624455538578331,8.63729894766584
1764848208.8730705,852.0707566547208,13.147618294227868,10.239846078678966,7.320854163262993
1764848208.8780704,736.3058934262954,15.91888416139409,16.990365498699248,16.132058458868414
1764848208.8830705,1114.5201059952378,12.343539803754538,17.469072693027556,13.379492091480643
1764848208.8880703,1251.16483067628,10.780261622276157,8.938360894098878,10.843839921522886
1764848208.8930705,854.2361587290652,12.212643305305392,18.710719478316605,15.313020368572325
1764848208.8980703,737.9776287064888,13.637545188423246,14.346256230026484,14.886671773623675
1764848208.9030704,1119.3333572382107,11.371165815275162,13.340223141945899,13.839499786030501
1764848208.9080703,1238.1350192306563,9.42267793836072,19.069749874062836,13.282254692632705
1764848208.9130704,845.5446312320419,8.798114645760506,11.70214696135372,11.513282013591379
1764848208.9180703,744.4925344293006,12.511835301760584,10.793351272121072,11.580600212793797
1764848208.9230704,1126.9664930477738,12.141585206147283,11.014005369506776,15.597252765204757
1764848208.9280703,1226.7507637655362,8.569980748463422,12.86899574752897,14.28080798080191
1764848208.9330704,836.6436693374999,10.163178129587322,9.592843386344612,8.091273554135114
1764848208.9380703,755.233527102042,9.396498638670892,16.87068870011717,15.806687162723392
1764848208.9430704,1132.7633379790932,15.170904170256108,11.589949962683022,15.664570964407176
1764848208.9480705,1220.471471739933,11.745155810844153,12.438907252624631,13.51412848988548
1764848208.9530704,833.5732114738785,12.418337802868336,13.620715638622642,13.559007289353758
1764848208.9580705,765.4471938810311,10.451150426175445,11.092543268576264,18.117945335339755
1764848208.9630704,1139.760690796189,12.67265099985525,13.164447844028473,16.524747954215854
1764848208.9680705,1218.4855848634616,9.950003832112998,7.820130807347596,9.774228534195572
1764848208.9730704,826.2542272605933,15.597252765204757,16.219946107827127,12.141585206147283
1764848208.9780705,767.3246236587875,11.315067315939814,13.725432837381959,15.133505170699209
1764848208.9830704,1150.8233148651198,15.406517867464572,21.2688110480085,15.305540568660945
1764848208.9880705,1221.4064467288554,16.2479953574948,14.331296630203724,11.176691017579287
1764848208.9930704,825.4090098706074,10.795221222098917,9.996752581559122,11.808734110090882
1764848208.9980705,755.499059998896,11.913451308850199,20.06830316223204,11.793774510268122
1764848209.0030704,1149.155319484882,13.622585588600487,14.267718330956995,14.183570581953973
1764848209.0080705,1220.7557041365653,9.403978438582271,13.942347034811974,8.970150043722242
1764848209.0130703,819.3279325426556,9.04120814288035,10.976606369949877,10.099599830340594
1764848209.0180705,762.470233516302,16.921177349518985,15.576683315448463,10.784001522231847
1764848209.0230703,1160.4535572510213,17.725255839992315,15.550504015758634,16.113358959089965
1764848209.0280704,1226.9863774627447,11.520761813502759,15.999292010441422,11.569380512926728
1764848209.0330703,816.9156970712356,8.315667551476508,14.544470927678049,13.199976893607527
1764848209.0380704,757.5111261750571,11.696537111420184,15.195213519968092,16.599545953329653
1764848209.0430703,1162.446923927404,16.442470155190676,21.149134249426425,15.425217367243022
1764848209.0480704,1225.9541650749743,5.899692180100828,11.373035765253007,12.089226606767625
1764848209.0530703,807.9399371775798,11.722716411110014,10.972866469994187,12.754928798880428
1764848209.0580704,769.1796140368097,14.30324738053605,13.28786454256624,14.860492473933846
1764848209.0630703,1173.2028761999682,16.176937258336693,17.570049991831183,12.384678703267127
1764848209.0680704,1223.3212755061686,9.86772603308782,13.104609444737434,11.550681013148278
1764848209.0730705,796.9483712078072,7.612566359806806,11.118722568266094,8.985109643545002
1764848209.0780704,771.5619303085841,10.757822222542018,18.254451683722436,15.668310864362866
1764848209.0830705,1186.7749731391668,17.13061174703762,17.394274693913758,15.339199668262154
1764848209.0880704,1213.403060823679,8.607379748020321,10.905548270791769,11.0981531185098
1764848209.0930705,793.1112338532694,13.405671391170472,7.25540591403842,9.766748734284192
1764848209.0980704,776.5696563492529,9.07112734252587,15.124155420809984,13.749742187093943
1764848209.1030705,1194.3632301492617,14.66601767623797,13.156968044117093,11.251489016693085
1764848209.1080704,1215.0037380047143,7.171258165035397,12.4501269524917,16.431250455323607
1764848209.1130705,781.1061549955048,8.510142349172384,10.46797997597605,12.609072700608522
1764848209.1180704,780.7546043996699,13.772181586828083,14.540731027722359,16.584586353506893
1764848209.1230705,1204.1430685333908,13.86941898567602,18.336729482747614,16.917437449563295
1764848209.1280704,1213.9490862172097,9.624632535967976,10.669934573583305,9.807887633796781
1764848209.1330705,781.6035616896115,12.313620604109019,13.71795303747058,8.330627151299268
1764848209.1380703,778.5854624253698,13.031681395601481,18.377868382260203,11.277668316382915
1764848209.1430705,1202.138482157141,11.550681013148278,16.44060020521283,15.283101168926805
1764848209.1480703,1214.210879214108,7.8668795567937195,12.655821450054646,16.65190455270931
1764848209.1530704,775.4140272629447,9.202023840975016,9.005679093301296,15.832866462413222
1764848209.1580703,772.1266552018933,9.47503653774038,14.163001132197678,14.27332818089053
1764848209.1630704,1203.9859927352518,14.591219677124172,15.599122715182602,12.006948807742447
1764848209.1680703,1223.7364044012502,8.442824149969965,12.981192746199667,11.43474411452189
1764848209.1730704,778.6901796241291,9.415198138449341,13.134528644382954,10.017322031315416
1764848209.1780703,766.6925805662759,22.138337787706405,16.373282006010413,14.31446708040312
1764848209.1830704,1204.4609600296244,8.719576746691018,19.26048477180302,14.153651382308453
1764848209.1880703,1231.8145883055404,10.746602522674948,10.583916874602437,12.223863005172461
1764848209.1930704,780.5825690017082,4.803901493083686,10.666194673627615,15.361639067996293
1764848209.1980705,749.275866472628,12.960623296443373,14.226579431444407,16.061000359710306
1764848209.2030704,1198.5107792001218,13.188757193740457,17.843062688596547,15.52245476609096
1764848209.2080705,1247.2042766232044,15.728149263653904,11.780684860423207,14.250888781156391
1764848209.2130704,782.5235770787112,12.564193901140243,14.08820313308388,11.116852618288249
1764848209.2180705,733.8487791554071,16.70800305204466,16.54157750401646,9.628372435923666
1764848209.2230704,1195.4141420368105,15.271881469059736,19.200646372511983,13.308433992322534
1764848209.2280705,1264.0039072241634,8.947710643988103,16.650034602731466,10.436190826352686
1764848209.2330704,788.4101796089672,12.474436302203685,8.287618301808834,13.46550979046151
1764848209.2380705,718.002823043149,12.373459003400058,11.574990362860262,12.096706406679004
1764848209.2430704,1181.5316334012896,17.355005744379014,8.541931498795748,15.974982660729438
1764848209.2480705,1264.74440741539,13.540307789575309,15.382208517752588,9.202023840975016
1764848209.2530704,785.8932269387878,12.033128107432276,14.07324353326112,11.47214311407879
1764848209.2580705,718.4142120382749,14.72211617557332,11.795644460245967,16.105879159178585
1764848209.2630703,1188.6860620165244,12.358499403577298,19.7130126664415,9.785448234062642
1764848209.2680705,1253.5097479484975,10.383832226973027,19.234305472113192,11.677837611641735
1764848209.2730703,774.9353200686164,12.30240090424195,15.228872619569302,11.217829917091876
1764848209.2780704,728.4670631191693,13.529088089708239,9.346009989269078,15.776767963077873
1764848209.2830703,1200.8033378729597,14.202270081732422,21.403447446413338,16.618245453108102
1764848209.2880704,1249.609032294713,11.4684032141231,14.286417830735445,15.612212365027517
1764848209.2930703,769.6321419314481,9.119746041949838,10.318383977748454,13.375752191524953
1764848209.2980704,734.7762743444182,10.25293572852388,15.842216212302446,15.799207362812012
1764848209.3030703,1203.8214371372014,12.751188898924738,12.708180049434304,14.479022678453475
1764848209.3080704,1239.731956511736,9.47877643769607,7.674274709075689,10.67928432347253
1764848209.3130703,760.9892331338488,10.63440552400425,16.814590200781822,9.89016543282196
1764848209.3180704,742.9404759476893,13.727302787359804,8.811204295605421,14.621138876769692
1764848209.3230705,1208.3429761836305,10.626925724092871,14.05828393343836,14.991388972382993
1764848209.3280704,1234.3726798752323,9.332920339424163,11.227179666981101,12.968103096354753
1764848209.3330705,753.2364205257036,10.548387825023383,16.332143106497824,13.663724488113075
1764848209.3380704,743.2882866435684,10.567087324801832,18.95755287539214,11.311327415984124
1764848209.3430705,1217.1205213796347,14.037714483682066,16.171327408403158,13.278514792677015
1764848209.3480704,1241.3438533926383,10.604486324358732,15.460746416822076,12.855906097684056
1764848209.3530705,751.6544428444467,8.027695254888386,6.484986523166299,12.579153500963002
1764848209.3580704,739.9822150827385,9.901385132689029,20.05334356240928,13.147618294227868
1764848209.3630705,1220.9090400347486,10.522208525333554,16.664994202554226,11.47214311407879
1764848209.3680704,1237.7722489349544,6.759869169909507,11.986379357986152,10.522208525333554
1764848209.3730705,753.2513801255263,14.819353574421257,12.625902250409126,9.08608694234863
1764848209.3780704,740.700275874231,11.326287015806884,10.105209680274129,14.875452073756605
1764848209.3830705,1216.2566044898704,11.87979220924899,20.685386654920876,8.397945350501686
1764848209.3880703,1242.5742804780602,13.039161195512861,11.27953826636076,13.368272391613573
1764848209.3930705,754.7622997076251,10.428711026441306,11.533851463347673,10.922377820592374
1764848209.3980703,738.0412070057355,13.229896093253046,16.788410901091993,12.081746806856245
1764848209.4030704,1222.5620758151636,15.402777967508882,22.357121935114264,14.385525179561228
1764848209.4080703,1244.3656925568357,9.87146593304351,13.736652537249029,12.28744130441919
1764848209.4130704,1729.6738103069365,10.204317029099911,14.982039222493768,6.6214928715489805
1764848209.4180703,1713.8577733943239,8.210950352717191,15.928233911283314,19.337152720894665
1764848209.4230704,2201.5799965658225,14.546340877655894,14.08820313308388,10.226756428834051
1764848209.4280703,2221.02747633541,11.831173509825021,21.407187346369028,12.418337802868336
1764848209.4330704,2707.7754555684514,11.603039612527937,12.682000749744475,12.410858002956957
1764848209.4380703,2706.066321288701,16.158237758558244,10.86814927123487,17.699076540302485
1764848209.4430704,3192.591776474379,12.941923796664923,15.449526716955006,18.155344334896654
1764848209.4480705,3200.901834175922,12.474436302203685,5.860423230566084,14.602439376991242
1764848209.4530704,3677.050936934538,10.982216219883412,13.089649844914675,10.929857620503753
1764848209.4580705,3690.0751385302283,12.384678703267127,13.321523642167449,16.842639450449497
1764848209.4630704,4178.967950387858,13.846979585941881,16.95296649914235,17.422323943581432
1764848209.4680705,4167.155476377811,15.09610617114231,24.380407811142504,13.749742187093943
1764848209.4730704,3677.0247576348484,6.303601375315338,10.90180837083608,9.389018838759512
1764848209.4780705,3694.720094275195,8.887872244697064,15.72627931367606,11.285148116294295
1764848209.4830704,4183.64282533247,11.89475180907175,14.05080413352698,15.12228547083214
1764848209.4880705,4168.142809966113,11.84987300960347,9.940654082223773,8.22590995253995
1764848209.4930704,4653.0731978206895,8.480223149526864,12.670781049877405,9.48251633765176
1764848209.4980705,4679.430142758414,13.88063868554309,16.13392840884626,18.043147336225957
1764848209.5030704,5165.518029649276,9.691950735170394,15.240092319436371,12.223863005172461
1764848209.5080705,5141.509741883725,14.591219677124172,17.76452478952706,13.8768987855874
1764848209.5130703,5629.611564900726,8.985109643545002,10.744732572697103,6.920684868004173
1764848209.5180705,5665.381838026922,12.392158503178507,14.91472102329135,14.639838376548141
1764848209.5230703,5175.698037328664,12.414597902912647,13.946086934767663,10.398791826795787
1764848209.5280704,5136.247702646069,12.29492110433057,11.885402059182525,11.977029608096927
1764848209.5330703,5623.975535667501,12.347279703710228,12.06491725705564,14.748295475263149
1764848209.5380704,5672.431549443398,9.935044232290238,17.850542488507926,16.977275848854333
1764848209.5430703,6154.955311676487,15.339199668262154,15.943193511106074,10.185617529321462
1764848209.5480704,6113.795842714142,10.043501331005245,11.522631763480604,14.583739877212793
1764848209.5530703,6598.277442574035,8.962670243810862,11.316937265917659,13.947956884745508
1764848209.5580704,6654.403991159052,11.150511717889458,20.270257759839296,14.045194283593446
1764848209.5630703,7141.55400963733,12.979322796221823,9.23007309064269,11.748895710799843
1764848209.5680704,7088.4418204165995,8.981369743589312,15.344809518195689,12.178984205704182
1764848209.5730705,7572.504551481456,9.44137743813917,7.621916109696031,14.995128872338682
1764848209.5780704,7639.615186236333,10.780261622276157,18.437706781551242,15.036267771851271
1764848209.5830705,8126.787644114345,12.160284705925733,15.105455921031535,14.202270081732422
1764848209.5880704,8068.028205960523,13.779661386739463,16.362062306143343,11.517021913547069
1764848209.5930705,8545.273099406157,11.255228916648775,18.07493648584932,9.321700639557093
1764848209.5980704,8622.68715853896,11.47214311407879,7.603216609917581,18.24136203387752
1764848209.6030705,8133.639140833169,16.984755648765713,15.973112710751593,15.593512865249068
1764848209.6080704,8062.9120228211395,10.065940730739385,11.358076165430248,9.557314336765558
1764848209.6130705,8539.928782369476,10.338953427504748,8.953320493921638,8.046394754666835
1764848209.6180704,8624.280355920084,17.796313939150423,18.84535587672144,11.47962291399017
1764848209.6230705,8137.644573685713,8.988849543500692,16.46303960494697,15.664570964407176
1764848209.6280704,8068.738786952104,13.11395919462666,14.424794129095972,14.026494783814996
1764848209.6330705,8537.991514192428,12.67265099985525,10.44554057624191,9.763008834328502
1764848209.6380703,8625.791275502183,11.87231240933761,14.600569427013397,12.859645997639745
1764848209.6430705,8146.29870218318,14.624878776725382,16.765971501357853,15.47383606666699
1764848209.6480703,8059.781726558227,12.68761059967801,13.055990745313466,12.489395902026445
1764848209.6530704,8530.49301478127,8.962670243810862,8.545671398751438,9.564794136676937
1764848209.6580703,8636.322833777405,13.962916484568268,20.633028055541217,17.624278541188687
1764848209.6630704,8150.461210833862,10.63814542395994,13.418761041015387,15.593512865249068
1764848209.6680703,8052.103711949196,8.528841848950833,15.004478622227907,15.533674465958029
1764848209.6730704,8531.188636173028,11.827433609869331,9.24503269046545,10.705463623162359
1764848209.6780703,8631.049574839883,14.374305479694158,14.05080413352698,13.09525969484821
1764848209.6830704,8150.498609833419,7.189957664813846,12.8951750472188,11.752635610755533
1764848209.6880703,8051.565166355576,11.07945361873135,12.816637148149312,10.413751426618546
1764848209.6930704,1660.5436295759864,12.332320103887469,12.822246998082846,15.501885316334665
1764848209.6980705,1771.108161916025,13.532827989663929,13.06534049520269,15.965632910840213
1764848209.7030704,1295.8566351467744,14.579999977257103,12.867125797551125,15.29245091881603
1764848209.7080705,1188.6131339673884,14.823093474376947,10.563347424846143,9.185194291174412
1764848209.7130704,1653.2657842622139,15.49627546640113,14.426664079073817,8.620469397865236
1764848209.7180705,1776.643213850446,11.87979220924899,13.031681395601481,16.788410901091993
1764848209.7230704,1297.8799210228026,18.222662534099072,18.076806435827166,16.16384760849178
1764848209.7280705,1186.4252924933098,8.745756046380848,9.43389763822779,12.023778357543051
1764848209.7330704,1651.0629831883125,8.199730652850121,11.543201213236898,12.50248555187136
1764848209.7380705,1775.6521403621882,12.459476702380925,18.162824134808034,16.12644860893488
1764848209.7430704,1301.4029067810625,7.945417455863208,11.666617911774665,14.596829527057707
1764848209.7480705,1184.458105116617,9.493736037518829,12.418337802868336,11.560030763037503
1764848209.7530704,1646.1225753468461,7.066540966276079,15.51497496617958,10.673674473538995
1764848209.7580705,1777.1294008446857,12.25004230486229,15.941323561128229,9.832196983508766
1764848209.7630703,1307.076335013844,14.172350882086903,14.565040377434343,16.784671001136303
1764848209.7680705,1188.8524875645526,9.291781439911574,16.73418235173449,15.011958422139287
1764848209.7730703,1646.84811593825,10.353913027327508,13.749742187093943,8.4858329994604
1764848209.7780704,1774.0215439815074,13.199976893607527,14.901631373446435,13.70673333760351
1764848209.7830703,1305.991764026694,16.592066153418273,18.981862225104123,12.337929953821003
1764848209.7880704,1190.3484475468285,10.941077320370823,8.072574054356664,9.547964586876333
1764848209.7930703,1652.8394356672652,10.821400521788746,14.31072718044743,8.42225470021367
1764848209.7980704,1765.0345643879846,13.349572891835123,12.152804906014353,15.7113197138533
1764848209.8030703,1289.7306790193543,11.221569817047566,8.839253545273095,10.553997674956918
1764848209.8080704,1208.2663082345389,9.766748734284192,17.792574039194733,14.608049226924777
1764848209.8130703,1669.4632909703068,10.144478629808873,17.280207745265216,12.925094246864319
1764848209.8180704,1745.1719557233155,12.433297402691096,17.631758341100067,13.504778739996254
1764848209.8230705,1285.2390591725707,13.439330490771681,16.184417058248073,12.229472855105996
1764848209.8280704,1231.240513662342,13.185017293784767,14.187310481909662,14.286417830735445
1764848209.8330705,1674.8225676068105,8.166071553248912,8.22217005258426,9.62650248594582
1764848209.8380704,1727.6879234304652,13.49542899010703,16.588326253462583,17.65232779085636
1764848209.8430705,1271.6108637340367,12.788587898481637,15.716929563786834,13.609495938755572
1764848209.8480704,1237.946154282894,6.767348969820887,15.657091164495796,8.669088097289205
1764848209.8530705,1676.071694192011,10.166918029543012,12.979322796221823,6.230673326179385
1764848209.8580704,1718.3007745416835,10.65684492373839,12.425817602779716,16.50417850445956
1764848209.8630705,1268.5291861705482,12.508095401804894,17.52704114234075,17.71964599005878
1764848209.8680704,1239.984399758745,11.46466331416741,14.374305479694158,17.77948438934982
1764848209.8730705,1676.4531639874913,11.999469007831067,11.326287015806884,17.143701396882534
1764848209.8780704,1720.997242409736,14.636098476592451,14.542600977700204,10.015452081337571
1764848209.8830705,1269.4679010594264,11.550681013148278,20.877991502638906,15.172774120233953
1764848209.8880703,1242.168501332868,12.100446306634694,11.012135419528931,13.837629836052656
1764848209.8930705,1670.0915941628627,6.542954972479492,5.073174289893359,9.981792981736362
1764848209.8980703,1727.833779528737,15.802947262767702,17.08947284752503,14.301377430558205
1764848209.9030704,1278.6792746502906,12.074267006944865,14.157391282264143,14.529511327855289
1764848209.9080703,1235.9864467061125,12.66517119994387,14.508941878098994,8.190380902960896
1764848209.9130704,1668.4460381823592,13.846979585941881,14.082593283150345,13.25046554300934
1764848209.9180703,1725.5225213561207,11.008395519573241,15.07366677140817,17.139961496926844
1764848209.9230704,1282.6136494036764,9.396498638670892,13.199976893607527,12.973712946288288
1764848209.9280703,1237.669401686173,11.965809908229858,10.567087324801832,10.83075027167797
1764848209.9330704,1666.5760882045142,10.488549425732344,13.47672949032858,6.492466323077679
1764848209.9380703,1726.52107464429,10.929857620503753,14.093812983017415,14.368695629760623
1764848209.9430704,1282.0788437100127,13.09151979489252,14.220969581510872,19.062270074151456
1764848209.9480705,1241.6187360393815,8.080053854268044,13.117699094582349,11.926540958695114
1764848209.9530704,1666.471371005755,11.019615219440311,9.905125032644719,7.9098884062841535
1764848209.9580705,1724.2808745708317,15.982462460640818,16.984755648765713,12.543624451383948
1764848209.9630704,1282.7819449016824,13.244855693075806,12.69509039958939,13.100869544781744
1764848209.9680705,1243.2119334205054,12.193943805526942,10.537168125156313,14.376175429672003
1764848209.9730704,1663.9057996361516,11.333766815718263,14.927810673136264,8.691527497023344
1764848209.9780705,1727.5196279324591,16.124578658957034,16.928657149430364,14.46219312865287
1764848209.9830704,1286.3834685590118,13.09151979489252,14.647318176459521,14.320076930336654
1764848209.9880705,1238.7502327733673,14.651058076415211,15.182123870123178,10.972866469994187
1764848209.9930704,1663.4981505409814,9.946263932157308,9.557314336765558,13.190627143718302
1764848209.9980705,1722.949470186606,14.886671773623675,16.63694495288655,12.610942650586367
1764848210.0030704,1287.9579664403573,14.920330873224884,16.479869154747576,13.441200440749526
1764848210.0080705,1238.0022527822293,10.114559430163354,11.696537111420184,11.189780667424202
1764848210.0130703,1662.129347157199,7.803301257546991,14.011535183992237,9.903255082666874
1764848210.0180705,1723.274841482751,16.225555957760662,17.48590224282816,13.108349344693124
1764848210.0230703,1292.4308867873624,8.884132344741374,17.796313939150423,12.397768353112042
1764848210.0280704,1237.4936263882555,11.236529416870326,13.285994592588395,14.335036530159414
1764848210.0330703,1656.4521790244617,11.84613310964778,9.84154673339799,12.334190053865314
1764848210.0380704,1728.25638822373,8.446564049925655,14.624878776725382,17.2671180954203
1764848210.0430703,1290.3178433123976,11.917191208805889,18.495675230864435,16.87442860007286
1764848210.0480704,1236.7830453966744,10.110819530207664,14.198530181776732,10.703593673184514
1764848210.0530703,1657.4881313121878,8.947710643988103,7.156298565212637,9.177714491263032
1764848210.0580704,1724.4379503689706,14.961469772737473,16.838899550493807,17.2671180954203
1764848210.0630703,1293.616435073316,14.434143878985196,14.733335875440389,11.818083859980106
1764848210.0680704,1236.1996210035868,11.10189301846549,12.975582896266133,17.461592893116176
1764848210.0730705,1656.4858381240629,8.21469025267288,13.981615984346718,10.06781068071723
1764848210.0780704,1725.9675694508478,15.256921869236976,16.797760650981218,15.67766061425209
1764848210.0830705,1292.1840533902869,17.803793739061803,15.544894165825099,15.210173119790852
1764848210.0880704,1236.4277549008839,10.436190826352686,12.941923796664923,11.993859157897532
1764848210.0930705,1658.8943336955272,13.016721795778722,10.791481322143227,7.861269706860185
1764848210.0980704,1722.1977502955124,15.05870717158541,15.694490164052695,15.808557112701237
1764848210.1030705,1286.4620064580813,15.4700961667113,15.836606362368912,13.568357039242983
1764848210.1080704,1241.3158041429706,11.913451308850199,12.983062696177512,13.785271236672997
1764848210.1130705,1654.5036911475472,11.401085014920682,11.610519412439317,8.575590598396957
1764848210.1180704,1717.8744259467348,15.025048071984202,18.084286235738546,16.175067308358848
1764848210.1230705,1293.4817986749113,13.267295092809945,17.90477103786543,13.568357039242983
1764848210.1280704,1234.8981358190067,11.89475180907175,11.88727200916037,14.89976142346859
1764848210.1330705,1655.906153630931,9.639592135790735,8.704617146868259,8.003385905176401
1764848210.1380703,1721.7639219006523,10.544647925067693,16.835159650538117,13.785271236672997
1764848210.1430705,1291.181760202162,11.04953441908583,16.053520559798926,15.008218522183597
1764848210.1480703,1241.4354809415527,10.855059621389955,17.265248145442456,7.64435550943017
1764848210.1530704,1654.7580043445341,8.854213145095855,12.122885706368834,10.628795674070716
1764848210.1580703,1720.634472114034,16.075959959533066,17.029634448233992,13.998445534147322
1764848210.1630704,1287.116488950327,11.647918411996216,18.054367036093026,11.758245460689068
1764848210.1680703,1242.841683324892,13.678684087935835,14.71463637566194,15.961893010884523
1764848210.1730704,1655.0048377416097,9.82658713357523,10.054721030872315,10.318383977748454
1764848210.1780703,1714.4972962867469,11.43848401447758,20.30952670937404,13.942347034811974
1764848210.1830704,1290.9723258046433,13.09525969484821,12.104186206590384,17.65606769081205
1764848210.1880703,1246.8246767777018,9.628372435923666,14.157391282264143,14.305117330513895
1764848210.1930704,1657.58162881108,10.133258929941803,9.157145041506737,8.721446696668863
1764848210.1980705,1715.8885390702635,9.576013836544007,17.010934948455542,15.251312019303441
1764848210.2030704,1287.8794285412878,15.241962269414216,15.440176967065781,16.642554802820086
1764848210.2080705,1248.1747806617059,12.227602905128151,15.571073465514928,11.874182359315455
1764848210.2130704,1663.9843375352211,9.198283941019326,11.984509408008307,9.308610989712179
1764848210.2180705,1711.15382572636,10.353913027327508,13.686163887847215,12.229472855105996
1764848210.2230704,1293.1489475788549,9.336660239379853,13.996575584169477,13.789011136628687
1764848210.2280705,1251.2639380251057,12.089226606767625,13.04664099542424,11.754505560733378
1764848210.2330704,1660.0499627818353,9.366579439025372,7.257275864016265,13.527218139730394
1764848210.2380705,1701.4263459416106,17.16053094668314,14.69593687588349,12.652081550098956
1764848210.2430704,1289.214572825469,10.63066562404856,19.1389380232431,15.008218522183597
1764848210.2480705,1258.3099095416255,12.788587898481637,9.007549043279141,13.362662541680038
1764848210.2530704,1662.1592663568445,9.336660239379853,13.360792591702193,13.321523642167449
1764848210.2580705,1704.3023290075362,9.635852235835046,12.590373200830072,19.432520169764757
1764848210.2630703,1282.3368968069553,12.571673701051623,16.865078850183636,12.543624451383948
1764848210.2680705,1254.56626968598,11.344986515585333,13.360792591702193,15.008218522183597
1764848210.2730703,1667.8551339893602,11.427264314610511,14.063893783371896,12.139715256169438
1764848210.2780704,1698.0903551811352,11.431004214566201,14.587479777168483,14.447233528830111
1764848210.2830703,1282.340636706911,10.956036920193583,16.74914195155725,13.66933433804661
1764848210.2880704,1258.5305636390112,12.27996150450781,12.380938803311437,8.43721430003643
1764848210.2930703,1666.2095780088566,9.288041539955884,13.559007289353758,9.043078092858195
1764848210.2980704,1694.571109322831,12.747448998969048,12.844686397816986,14.637968426570296
1764848210.3030703,1282.6323489034548,10.552127724979073,14.183570581953973,14.525771427899599
1764848210.3080704,1265.5204366561957,12.66891109989956,16.74540205160156,7.913628306239843
1764848210.3130703,1668.8013286781497,10.544647925067693,9.931304332334548,15.973112710751593
1764848210.3180704,1698.056696081534,12.766148498747498,15.937583661172539,12.756798748858273
1764848210.3230705,1278.6306559508666,13.87315888563171,13.577706789132208,11.64604846201837
1764848210.3280704,1269.5969276078977,11.229049616958946,10.798961122054607,9.963093481957912
1764848210.3330705,1663.1727792448364,14.071373583283275,7.754682558123022,14.52203152794391
1764848210.3380704,1686.5415441179648,15.455136566888541,14.393004979472607,17.865502088330686
1764848210.3430705,1279.9097017357126,14.060153883416206,9.972443231847137,12.06117735709995
1764848210.3480704,1266.6349268429913,16.016121560242027,16.434990355279297,9.66764138545841
1764848210.3530705,1663.5841682399623,5.82489418098703,13.633805288467556,12.244432454928756
1764848210.3580704,1690.5133178709075,12.324840303976089,17.5457406421192,15.023178122006357
1764848210.3630705,1283.6757809910923,13.817060386296362,14.019014983903617,13.070950345136225
1764848210.3680704,1267.92893222766,11.625479012262076,12.986802596133202,14.45471332874149
1764848210.3730705,1662.8922867481597,7.997776055242866,13.188757193740457,10.0790303805843
1764848210.3780704,1692.9853917416185,10.047241230960935,16.128318558912724,14.88480182364583
1764848210.3830705,1288.4291938347742,11.524501713458449,19.677483616862446,15.329849918372929
1764848210.3880703,1268.7629299177788,13.4692496904172,11.154251617845148,12.708180049434304
1764848210.3930705,1663.6888854387216,9.190804141107947,9.613412836100906,9.480646387673914
1764848210.3980703,1696.1792663037777,18.069326635915786,15.413997667375952,16.253605207428336
1764848210.4030704,1286.42834735848,13.738522487226874,19.000561724882573,12.251912254840136
1764848210.4080703,1269.761483205948,12.736229299101979,14.740815675351769,9.031858392991126
1764848210.4130704,1663.5654687401839,10.731642922852188,14.157391282264143,12.674520949833095
1764848210.4180703,1683.7964575504884,12.66143129998818,18.013228136580437,17.906640987843275
1764848210.4230704,1285.620528968051,12.30988070415333,15.4700961667113,17.36061559431255
1764848210.4280703,1278.5240688021295,13.372012291569263,13.06908039515838,16.08904960937798
1764848210.4330704,1669.64280616818,4.916098491754383,13.689903787802905,11.189780667424202
1764848210.4380703,1671.6305629946291,14.882931873667985,19.10901882359758,15.161554420366883
1764848210.4430704,1274.6962811974809,12.556714101228863,14.763255075085908,12.349149653688073
1764848210.4480705,1293.0704096797854,11.610519412439317,11.692797211464494,13.340223141945899
1764848210.4530704,1680.2285929927602,9.157145041506737,14.901631373446435,9.701300485059619
1764848210.4580705,1640.6567115616053,10.922377820592374,17.13061174703762,10.84570987150073
1764848210.4630704,1251.116211976856,10.944817220326513,14.860492473933846,15.995552110485733
1764848210.4680705,1308.1721257008612,10.888718720991164,12.859645997639745,13.830150036141276
1764848210.4730704,1679.929400996305,13.263555192854255,10.929857620503753,11.208480167202652
1764848210.4780705,1643.8730255234987,15.204563269857317,14.789434374775738,11.133682168088853
1764848210.4830704,1259.041059982963,10.069680630695075,15.556113865692168,11.608649462461472
1764848210.4880705,1315.8538802098483,11.745155810844153,12.220123105216771,14.566910327412188
1764848210.4930704,1685.5242913300171,9.0599076426588,14.624878776725382,9.951873782090843
1764848210.4980705,1660.6128177251667,13.136398594360799,9.04868794279173,13.998445534147322
1764848210.5030704,1272.6393362218514,10.301554427947849,18.073066535871476,15.408387817442417
1764848210.5080705,1286.514365057461,11.135552118066698,9.766748734284192,8.549411298707128
1764848210.5130703,1675.7668923456222,11.47962291399017,14.845532874111086,8.549411298707128
1764848210.5180705,1678.6709246612154,13.49542899010703,17.613058841321617,11.65726816188544
1764848210.5230703,1278.0640611075796,15.447656766977161,20.545140406582505,12.925094246864319
1764848210.5280704,1276.7831453727558,5.967010379303247,12.575413601007313,14.05828393343836
1764848210.5330703,1664.3788969805464,7.750942658167332,10.050981130916625,11.739545960910618
1764848210.5380704,1676.4531639874913,13.641285088378936,15.586033065337688,16.45929970499128
1764848210.5430703,1276.2801288287155,15.223262769635767,11.251489016693085,17.75704498961568
1764848210.5480704,1268.45812807139,10.548387825023383,13.405671391170472,8.493312799371779
1764848210.5530703,1665.770139764063,11.517021913547069,11.625479012262076,9.611542886123061
1764848210.5580704,1682.3809054172598,11.322547115851194,18.058106936048716,15.640261614695191
1764848210.5630703,1272.667385471519,7.249796064104885,18.74250862793997,17.910380887798965
1764848210.5680704,1266.8088321909308,12.635252000298351,12.29118120437488,12.648341650143266
1764848210.5730705,1667.0903244484216,12.029388207476586,17.291427445132285,11.058884168975055
1764848210.5780704,1677.1637449790724,13.424370890948921,17.93469023751095,16.653774502687156
1764848210.5830705,1266.3319949465804,10.413751426618546,16.225555957760662,14.151781432330608
1764848210.5880704,1273.62105996022,13.787141186650842,11.629218912217766,12.50996535178274
1764848210.5930705,1678.1136795678176,11.128072318155318,9.673251235391945,14.8960215235129
1764848210.5980704,1668.0458688871004,11.44596381438896,15.88522506179288,12.394028453156352
1764848210.6030705,1251.5556502216496,14.086333183106035,16.943616749253124,13.616975738666952
1764848210.6080704,1274.911325444933,11.939630608540028,9.396498638670892,10.258545578457415
1764848210.6130705,1689.662490630988,7.492889561224729,9.688210835214704,9.862116183154285
1764848210.6180704,1659.4927176884376,15.92636396130547,16.73418235173449,15.599122715182602
1764848210.6230705,1232.5270392470993,11.027095019351691,13.704863387625664,15.68514041416347
1764848210.6280704,1287.780321192462,9.662031535524875,10.002362431492656,8.538191598840058
1764848210.6330705,1704.8203051513992,11.947110408451408,10.518468625377864,10.355782977305353
1764848210.6380703,1648.729285615962,10.163178129587322,10.888718720991164,17.214759496040642
1764848210.6430705,1215.8770046443678,14.602439376991242,10.477329725865275,15.860915712080896
1764848210.6480703,1298.8429452613927,9.964963431935757,12.526794901583344,14.735205825418234
1764848210.6530704,1724.6006360170431,9.650811835657805,13.716083087492734,6.657021921128035
1764848210.6580703,1632.520559208002,16.218076157849282,14.972689472604543,16.635075002908707
1764848210.6630704,1192.1473394255154,17.710296240169555,18.473235831130296,14.802524024620652
1764848210.6680703,1307.4409752595238,13.364532491657883,13.50290879001841,10.987826069816947
1764848210.6730704,1736.7141719735228,11.404824914876372,9.572273936588317,7.835090407170355
1764848210.6780703,1620.5416596499272,15.06618697149679,23.017214277293533,12.928834146820009
1764848210.6830704,1175.3589285244234,11.07197381881997,18.813566727098078,13.927387434989214
1764848210.6880703,1330.8228297824971,11.48710271390155,12.66517119994387,12.674520949833095
1764848210.6930704,1755.2865151534788,8.454043849837035,16.550927253905684,11.511412063613534
1764848210.6980705,-1336.6065850639716,11.47588301403448,7.631265859585255,14.606179276946932
1764848210.7030704,-1778.7824366251007,8.697137346956879,16.2479953574948,17.16053094668314
1764848210.7080705,-1599.6823676470667,10.518468625377864,17.340046144556254,12.560454001184553
1764848210.7130704,-1172.806446804665,9.748049234505743,11.973289708141237,8.63729894766584
1764848210.7180705,-1343.5553191816434,12.564193901140243,14.70341667579487,11.333766815718263
1764848210.7230704,-1780.6897856025025,14.70341667579487,22.112158488016576,13.155098094139248
1764848210.7280705,-1592.2437066351995,13.674944187980145,11.382385515142232,12.463216602336615
1764848210.7330704,-1166.1830839831382,9.579753736499697,16.842639450449497,7.915498256217688
1764848210.7380705,-1353.5558116631582,13.0989995948039,6.483116573188454,13.760961886961013
1764848210.7430704,-1786.2846759362146,13.51412848988548,14.856752573978156,19.09779912373051
1764848210.7480705,-1588.0624984847382,13.813320486340672,9.243162740487605,6.509295872878283
1764848210.7530704,-1164.1336188074201,9.007549043279141,23.219168874900788,12.399638303089887
1764848210.7580705,-1349.565338410437,15.795467462856323,13.158837994094938,13.704863387625664
1764848210.7630703,-1784.1604127613828,11.748895710799843,15.817906862590462,16.2479953574948
1764848210.7680705,-1582.2619136534631,11.273928416427225,7.919238156173378,9.325440539512783
1764848210.7730703,-1162.39830522798,9.950003832112998,17.8411927386187,14.879191973712295
1764848210.7780704,-1349.288585813716,9.321700639557093,8.708357046823949,12.526794901583344
1764848210.7830703,-1779.8819672120735,11.834913409780711,19.396991120185703,14.546340877655894
1764848210.7880704,-1582.7406208477914,11.292627916205674,8.820554045494646,15.051227371674031
1764848210.7930703,-1160.6442921487615,14.019014983903617,14.131211982574314,13.820800286252052
1764848210.7980704,-1355.9643072346225,13.409411291126162,7.642485559452325,15.249442069325596
1764848210.8030703,-1780.9403588995337,12.65021160012111,18.218922634143382,11.143031917978078
1764848210.8080704,-1576.3079929240048,7.885579056572169,9.187064241152257,12.126625606324524
1764848210.8130703,-1150.9990901630372,10.974736419972032,10.103339730296284,10.368872627150267
1764848210.8180704,-1356.8207443244755,10.828880321700126,13.48046939028427,15.032527871895581
1764848210.8230705,-1791.2288236776367,12.018168507609516,12.403378203045577,14.078853383194655
1764848210.8280704,-1563.0799667807296,15.50375526631251,16.012381660286337,14.213489781599492
1764848210.8330705,-1139.8654079949483,11.0607541189529,6.124086177442223,13.749742187093943
1764848210.8380704,-1371.1146419551224,11.50206231372431,15.649611364584416,16.797760650981218
1764848210.8430705,-1796.5170422149822,10.65684492373839,20.171150411013514,11.146771817933768
1764848210.8480704,-1550.2221907330677,11.401085014920682,9.44511733809486,12.238822604995221
1764848210.8530705,-1136.7762506315485,11.04953441908583,16.22929585771635,10.26789532834664
1764848210.8580704,-1378.306469569914,10.888718720991164,10.914898020680994,12.066787207033485
1764848210.8630705,-1796.6741180131212,17.654197740834206,25.463108848314732,16.569626753684133
1764848210.8680704,-1537.9253996787593,8.117452853824943,10.312774127814919,11.86857250938192
1764848210.8730705,-1127.2694249441847,5.278868787456304,12.29492110433057,14.490242378320545
1764848210.8780704,-1393.6924179876223,15.997422060463578,8.588680248241872,17.08199304761365
1764848210.8830705,-1802.5943796429783,13.420630990993232,18.465756031218916,12.515575201716274
1764848210.8880703,-1519.1062231017277,10.585786824580282,12.799807598348707,9.804147733841091
1764848210.8930705,-1124.8235303731635,11.43848401447758,15.608472465071827,8.742016146425158
1764848210.8980703,-1419.3069927841425,11.8760523092933,12.534274701494724,11.06823391886428
1764848210.9030704,-1804.191316924058,14.748295475263149,17.007195048499852,15.5074951662682
1764848210.9080703,-1488.1099322689697,14.636098476592451,17.695336640346795,12.848426297772676
1764848210.9130704,-1125.9828993594274,9.123485941905528,9.759268934372813,11.004655619617552
1764848210.9180703,-1423.7013752320781,10.372612527105957,12.762408598791808,11.333766815718263
1764848210.9230704,-1796.4085851162672,12.055567507166415,15.754328563343734,16.22929585771635
1764848210.9280703,-1501.1584432143718,12.964363196399063,8.454043849837035,12.175244305748492
1764848210.9330704,-1143.2911563543603,12.859645997639745,15.5074951662682,15.249442069325596
1764848210.9380703,-1395.962537260726,10.68676412338391,18.458276231307536,13.772181586828083
1764848210.9430704,-1769.1035755397752,15.054967271629721,14.29202768066898,11.240269316826016
1764848210.9480705,-1527.8276697983965,15.50375526631251,15.327979968395084,12.545494401361793
1764848210.9530704,-1164.9040381982923,9.86024623317644,14.894151573535055,14.411704479251057
1764848210.9580705,-1377.4612521799281,7.1450788653455675,13.405671391170472,13.90307808527723
1764848210.9630704,-1744.6633293293417,13.035421295557171,15.07366677140817,14.116252382751554
1764848210.9680705,-1550.3904862310737,9.617152736056596,12.178984205704182,12.758668698836118
1764848210.9730704,-1176.8642382565886,8.038914954755455,18.68267022864893,12.968103096354753
1764848210.9780705,-1359.2703787954524,9.497475937474519,16.838899550493807,12.859645997639745
1764848210.9830704,-1728.4994817208499,14.6921969759278,13.45802999055013,13.936737184878439
1764848210.9880705,-1562.7919944841415,11.771335110533983,5.607979983557016,12.025648307520896
1764848210.9930704,-1194.8194979438558,10.918637920636684,14.69967677583918,14.022754883859307
1764848210.9980705,-1344.2060617739335,10.432450926396996,17.216629446018487,16.061000359710306
1764848211.0030704,-1714.7104705842212,11.943370508495718,26.7720738328062,12.971842996310443
1764848211.0080705,-1568.7945339130238,12.399638303089887,10.716683323029429,14.875452073756605
1764848211.0130703,-1208.3093170840293,11.752635610755533,10.529688325244933,12.388418603222817
1764848211.0180705,-1346.0947112515569,14.942770272959024,18.824786426965147,12.021908407565206
1764848211.0230703,-1704.556642204523,12.500615601893514,9.280561740044504,12.844686397816986
1764848211.0280704,-1574.8718713410199,12.867125797551125,13.544047689530998,13.48794919019565
1764848211.0330703,-1223.8785205995664,9.317960739601403,13.04664099542424,10.563347424846143
1764848211.0380704,-1333.1696170046926,15.11106577096507,12.64273180020973,11.760115410666913
1764848211.0430703,-1692.0578965526074,15.413997667375952,10.25293572852388,15.08114657131955
1764848211.0480704,-1591.031979049556,7.605086559895426,12.66891109989956,10.383832226973027
1764848211.0530703,-1236.1266929544508,12.201423605438322,10.956036920193583,12.70631009945646
1764848211.0580704,-1318.1950575821102,9.8752058329992,11.614259312395006,20.545140406582505
1764848211.0630703,-1677.0197588307783,10.851319721434265,11.416044614743441,16.098399359267205
1764848211.0680704,-1591.129216448404,13.185017293784767,17.811273538973182,6.670111570972949
1764848211.0730705,-1250.7871007807553,14.886671773623675,8.783155045937747,10.110819530207664
1764848211.0780704,-1314.892725921236,12.388418603222817,18.136644835118204,11.05327431904152
1764848211.0830705,-1670.919982003048,16.075959959533066,17.52704114234075,17.49338204273954
1764848211.0880704,-1603.960813196376,12.040607907343656,11.674097711686045,12.713789899367839
1764848211.0930705,-1265.3128722086549,10.933597520459443,4.508449396584183,7.676144659053534
1764848211.0980704,-1314.1297863302752,11.681577511597425,14.72211617557332,13.241115793120116
1764848211.1030705,-1663.6309169894084,14.905371273402125,16.32653325656429,16.928657149430364
1764848211.1080704,-1607.6932333521545,10.017322031315416,14.359345879871398,15.313020368572325
1764848211.1130705,-1271.509886435233,9.576013836544007,19.198776422534138,10.888718720991164
1764848211.1180704,-1307.0688552139327,13.136398594360799,27.18346282793209,13.06908039515838
1764848211.1230705,-1651.1471309373155,13.89933818532154,11.374905715230852,13.173797593917698
1764848211.1280704,-1611.1414211113006,13.125178894493729,9.299261239822954,14.6547979763709
1764848211.1330705,-1273.981960305944,10.840100021567196,9.385278938803822,12.122885706368834
1764848211.1380703,-1306.1264004250988,7.268495563883334,20.900430902373046,12.960623296443373
1764848211.1430705,-1644.5536873154342,9.47877643769607,9.299261239822954,16.416290855500847
1764848211.1480703,-1609.5856227297336,9.02998844301328,16.928657149430364,16.831419750582427
1764848211.1530704,-1284.1881472850218,8.192250852938741,10.709203523118049,13.779661386739463
1764848211.1580703,-1301.7282780772075,14.25836858106777,16.876298550050706,17.96086953720078
1764848211.1630704,-1632.219497261569,11.696537111420184,19.041700624395162,12.796067698393017
1764848211.1680703,-1617.6114480346441,7.006702566985041,11.258968816604465,10.963516720104963
1764848211.1730704,-1297.995857921429,10.66432472364977,20.971489001531154,15.668310864362866
1764848211.1780703,-1295.0319872065447,13.637545188423246,18.061846836004406,9.991142731625587
1764848211.1830704,-1622.53502632631,16.053520559798926,8.001515955198556,10.798961122054607
1764848211.1880703,-1627.5296627171338,10.032281631138176,17.362485544290394,11.0981531185098
1764848211.1930704,-1307.7233377061784,9.512435537297279,14.598699477035552,10.148218529764563
1764848211.1980705,-1285.297027621884,11.49832241376862,15.290580968838185,12.414597902912647
1764848211.2030704,-1611.3602052587084,16.872558650095016,15.372858767863363,13.10647939471528
1764848211.2080705,-1629.5679081929848,10.103339730296284,16.535967654082924,10.346433227416128
1764848211.2130704,-1315.797781710513,11.962070008274168,10.997175819706172,11.44222391443327
1764848211.2180705,-1281.0971199716441,12.418337802868336,16.909957649651915,15.52245476609096
1764848211.2230704,-1601.5055688754655,13.304694092366844,12.597853000741452,16.408811055589467
1764848211.2280705,-1640.2341028666124,12.523055001627654,7.769642157945782,8.566240848507732
1764848211.2330704,-1325.6972968932241,10.604486324358732,13.413151191081852,12.130365506280214
1764848211.2380705,-1274.6719718477689,12.829726797994226,9.691950735170394,11.767595210578293
1764848211.2430704,-1601.8683391711675,13.125178894493729,21.09864560002461,9.901385132689029
1764848211.2480705,-1641.1466384558007,11.023355119396001,10.615706024225801,13.031681395601481
1764848211.2530704,-1329.642891346477,7.227356664370745,12.586633300874382,16.023601360153407
1764848211.2580705,-1273.5948806605302,10.589526724535972,14.030234683770686,14.550080777611583
1764848211.2630703,-1590.3120483080857,12.968103096354753,19.684963416773826,16.891258149873465
1764848211.2680705,-1646.8013671888039,13.349572891835123,7.567687560338527,16.618245453108102
1764848211.2730703,-1336.4233299661428,5.600500183645636,12.582893400918692,10.597006524447352
1764848211.2780704,-1265.7859695530497,15.241962269414216,13.596406288910657,13.663724488113075
1764848211.2830703,-1583.0790817937814,14.075113483238965,17.418584043625742,11.917191208805889
1764848211.2880704,-1651.7305553304031,9.03372834296897,13.48420929023996,11.827433609869331
1764848211.2930703,-1339.8378586256877,9.605933036189526,12.2463024049066,10.496029225643724
1764848211.2980704,-1265.5017371564172,14.766994975041598,17.07077334774658,15.844086162280291
1764848211.3030703,-1585.869047160726,10.858799521345645,12.867125797551125,12.620292400475591
1764848211.3080704,-1651.1920097367838,8.738276246469468,12.313620604109019,13.985355884302408
1764848211.3130703,-1347.4335954356939,12.227602905128151,18.162824134808034,12.912004597019404
1764848211.3180704,-1266.2123181479983,13.798360886517912,13.802100786473602,9.280561740044504
1764848211.3230705,-1574.7241452927701,14.31820698035881,19.10527892364189,15.320500168483704
1764848211.3280704,-1649.9541028514504,11.86109270947054,10.821400521788746,12.69883029954508
1764848211.3330705,-1347.732787432149,11.180430917534977,13.267295092809945,9.538614836987108
1764848211.3380704,-1266.0402827500366,12.638991900254041,15.369118867907673,14.991388972382993
1764848211.3430705,-1574.4099936964922,12.923224296886474,17.84493263857439,12.582893400918692
1764848211.3480704,-1651.5061613330618,13.140138494316489,15.582293165381998,7.620046159718186
1764848211.3530705,-1351.1248766919598,14.052674083504826,15.051227371674031,9.950003832112998
1764848211.3580704,-1265.3932800577022,14.067633683327585,17.781354339327663,20.249688310083002
1764848211.3630705,-1570.1165885473602,10.095859930384904,15.49253556644544,11.988249307963997
1764848211.3680704,-1648.1327715730295,12.627772200386971,6.864586368668824,15.002608672250062
1764848211.3730705,-1356.2522795312107,10.552127724979073,12.747448998969048,11.834913409780711
1764848211.3780704,-1261.3728876053356,9.85650633322075,14.348126180004328,15.021308172028512
1764848211.3830705,-1568.3550956682302,15.455136566888541,11.726456311065704,17.025894548278302
1764848211.3880703,-1646.9547030869871,9.03746824292466,15.163424370344728,12.807287398260087
1764848211.3930705,-1356.996519622393,12.104186206590384,12.006948807742447,9.598453236278147
1764848211.3980703,-1263.8300018762238,13.47298959037289,12.769888398703188,16.214336257893592
1764848211.4030704,-1560.071217266377,18.959422825369984,14.172350882086903,13.177537493873388
1764848211.4080703,-1651.165830437094,11.03457481926307,14.748295475263149,8.173551353160292
1764848211.4130704,-1364.233226036653,11.797514410223812,12.612812600564212,13.47298959037289
1764848211.4180703,-1268.7666698177345,11.745155810844153,17.201669846195728,15.174644070211798
1764848211.4230704,-1557.767438893672,12.392158503178507,13.327133492100984,13.839499786030501
1764848211.4280703,-1650.9040374401957,10.376352427061647,16.124578658957034,12.119145806413144
1764848211.4330704,-1371.3801748519763,16.165717558469623,7.44801076175645,9.85276643326506
1764848211.4380703,-1262.01989029767,11.748895710799843,22.598345482256263,12.893305097240955
1764848211.4430704,-1549.831371187698,14.968949572648853,16.543447453994304,14.26584838097915
1764848211.4480705,-1649.5651532560587,14.587479777168483,13.188757193740457,14.048934183549136
1764848211.4530704,-1369.973972468637,11.352466315496713,11.326287015806884,12.64273180020973
1764848211.4580705,-1261.4738649041392,12.960623296443373,16.001161960419267,15.537414365913719
1764848211.4630704,-1545.1864154427312,14.348126180004328,17.45224314322695,18.491935330908746
1764848211.4680705,-1654.5167807973921,7.926717956084758,11.834913409780711,10.447410526219755
1764848211.4730704,-1377.319135981612,8.719576746691018,15.821646762546152,8.25956905214116
1764848211.4780705,-1263.1904789838009,8.719576746691018,13.678684087935835,11.531981513369828
1764848211.4830704,-1540.8069925946184,14.033974583726376,16.046040759887546,13.521608289796859
1764848211.4880705,-1656.0538796791807,9.912604832556099,12.590373200830072,9.546094636898488
1764848211.4930704,-1381.395626933314,11.326287015806884,14.004055384080857,9.669511335436255
1764848211.4980705,-1269.5258695087396,11.819953809957951,8.308187751565129,12.212643305305392
1764848211.5030704,-1544.165422754828,14.31072718044743,18.854705626610667,17.665417440701276
1764848211.5080705,-1644.7930409125984,11.019615219440311,13.85819928580895,15.253181969281286
1764848211.5130703,-1386.6988050704822,11.273928416427225,10.088380130473524,12.407118103001267
1764848211.5180705,-1267.5773816318251,11.569380512926728,14.901631373446435,15.406517867464572
1764848211.5230703,-1539.5952650089748,11.311327415984124,17.265248145442456,13.667464388068765
1764848211.5280704,-1649.8119866531342,8.936490944121033,5.809934581164271,9.172104641329497
1764848211.5330703,-1387.1288935653865,13.05412079533562,9.87894573295489,11.266448616515845
1764848211.5380704,-1268.5422758203931,9.8752058329992,18.043147336225957,16.188156958203763
1764848211.5430703,-1541.8541645822115,13.375752191524953,21.330519397277385,15.836606362368912
1764848211.5480704,-1653.8585584051907,7.578907260205597,11.04205461917445,12.182724105659872
1764848211.5530703,-1384.323968598619,16.008641760330647,11.554420913103968,10.477329725865275
1764848211.5580704,-1276.2165505294688,10.66806462360546,17.635498241055757,12.66143129998818
1764848211.5630703,-1543.525899862405,13.143878394272178,13.51786838984117,15.974982660729438
1764848211.5680704,-1648.016834674403,9.46007693791762,7.9491573558188975,12.451996902469546
1764848211.5730705,-1376.148547295481,11.8760523092933,16.34149285638705,12.104186206590384
1764848211.5780704,-1276.4484243267216,17.010934948455542,18.177783734630793,14.819353574421257
1764848211.5830705,-1551.3983892691322,14.991388972382993,18.013228136580437,17.85615233844146
1764848211.5880704,-1646.6106322910637,10.25293572852388,11.816213910002261,11.681577511597425
1764848211.5930705,-1383.4637916088104,13.544047689530998,13.177537493873388,12.567933801095933
1764848211.5980704,-1285.0875932243653,11.984509408008307,15.12228547083214,11.991989207919687
1764848211.6030705,-1548.8178582997061,10.843839921522886,11.47214311407879,13.659984588157386
1764848211.6080704,-1641.4308708524331,8.487702949438244,13.529088089708239,12.6913504996337
1764848211.6130705,-1380.7897631404921,10.64562522387132,19.10527892364189,5.566841084044427
1764848211.6180704,-1283.0867467480712,13.611365888733417,10.795221222098917,16.861338950227946
1764848211.6230705,-1544.8834835463203,17.0632935478352,20.126271611545235,14.617398976814002
1764848211.6280704,-1639.624499173835,12.021908407565206,15.238222369458526,12.739969199057668
1764848211.6330705,-1378.9796515619382,6.872066168580204,9.385278938803822,13.49916889006272
1764848211.6380703,-1276.1641919300891,7.657445159275085,13.05786069529131,14.482762578409165
1764848211.6430705,-1559.4503938737325,15.799207362812012,15.025048071984202,17.785094239283353
1764848211.6480703,-1644.4153110170737,12.631512100342661,12.27248170459643,8.955190443899482
1764848211.6530704,-1377.8165426757187,10.985956119839102,10.937337420415133,12.235082705039531
1764848211.6580703,-1290.3234531623311,10.851319721434265,14.651058076415211,12.818507098127156
1764848211.6630704,-1559.7159267705865,10.462370126042515,13.87315888563171,10.125779130030423
1764848211.6680703,-1643.4653764283285,9.86772603308782,14.381785279605538,14.927810673136264
1764848211.6730704,-1375.135034407489,8.210950352717191,14.097552882973105,11.030834919307381
1764848211.6780703,-1290.0317409657873,10.899938420858234,15.432697167154402,11.595559812616557
1764848211.6830704,-1557.3036912991665,14.897891473490745,14.235929181333631,15.46261636679992
1764848211.6880703,-1637.5338950986043,10.496029225643724,18.888364726211876,13.140138494316489
1764848211.6930704,-1380.4681317443028,8.498922649305314,9.972443231847137,13.839499786030501
1764848211.6980705,-1285.887931814883,15.993682160507888,15.309280468616635,17.17175064655021
1764848211.7030704,-1557.4140183478594,15.017568272072822,18.826656376942992,14.879191973712295
1764848211.7080705,-1642.543491089251,9.243162740487605,12.966233146376908,12.466956502292305
1764848211.7130704,-1375.0770659581758,11.674097711686045,12.625902250409126,11.576860312838107
1764848211.7180705,-1286.8696555532515,11.277668316382915,17.412974193692207,15.952543260995299
1764848211.7230704,-1556.9914096528664,11.670357811730355,14.529511327855289,13.47672949032858
1764848211.7280705,-1637.5058458489366,14.856752573978156,13.31030394230038,9.213243540842086
1764848211.7330704,-1375.8325257492252,10.223016528878361,11.586210062727332,13.532827989663929
1764848211.7380705,-1288.1374816382304,10.036021531093866,12.45760675240308,16.26295495731756
1764848211.7430704,-1556.853033354506,10.608226224314421,14.948380122892559,10.548387825023383
1764848211.7480705,-1638.9307477320544,14.138691782485694,9.794797983951867,17.598099241498858
1764848211.7530704,-1381.431155982893,8.910311644431204,18.628441679291427,9.325440539512783
1764848211.7580705,-1288.3244766360149,11.670357811730355,14.664147726260126,10.821400521788746
1764848211.7630703,-1554.3585200840607,12.111666006501764,19.484878769144416,15.90018466161564
1764848211.7680705,-1635.4937796727754,17.373705244157463,12.524924951605499,13.241115793120116
1764848211.7730703,-1376.9245765362866,12.044347807299346,13.70673333760351,10.432450926396996
1764848211.7780704,-1291.8773815939203,14.912851073313504,14.619268926791847,15.589772965293378
1764848211.7830703,-1549.5041299415752,13.630065388511866,7.0609311163425446,15.731889163609594
1764848211.7880704,-1633.4069154975004,7.661185059230775,14.529511327855289,14.479022678453475
1764848211.7930703,-1380.1745495977812,12.317360504064709,15.034397821873426,11.801254310179502
1764848211.7980704,-1285.429794070311,16.846379350405186,17.861762188374996,11.04953441908583
1764848211.8030703,-1549.676165339537,13.817060386296362,18.026317786425352,14.67723737610504
1764848211.8080704,-1632.5168193080463,14.778214674908668,29.915459745563567,10.436190826352686
1764848211.8130703,-1385.122437239159,7.470450161490589,1.8362908782437444,7.552727960515767
1764848211.8180704,-1292.4982049865648,12.594113100785762,13.575836839154363,12.437037302646786
1764848211.8230705,-1541.9345724312589,12.440777202602476,12.203293555416167,15.556113865692168
1764848211.8280704,-1634.3680697861128,16.68556365231052,8.766325496137142,16.147018058691174
1764848211.8330705,-1387.0185665166937,4.699184294324368,12.162154655903578,9.662031535524875
1764848211.8380704,-1292.3598286882043,10.840100021567196,15.356029218062758,16.24425545753911
1764848211.8430705,-1542.2599437274039,9.983662931714207,10.239846078678966,15.163424370344728
1764848211.8480704,-1630.0634449371137,13.278514792677015,13.721692937426269,11.947110408451408
1764848211.8530705,-1387.5795515100472,14.475282778497785,15.954413210973144,10.69424392329529
1764848211.8580704,-1295.5424835504964,13.07282029511407,17.73834548983723,5.297568287234753
1764848211.8630705,-1543.3819137141109,10.537168125156313,11.215959967114031,16.375151955988258
1764848211.8680704,-1622.172256030608,10.881238921079785,15.614082315005362,11.655398211907595
1764848211.8730705,-1389.7299939845689,5.263909187633544,9.776098484173417,11.636698712129146
1764848211.8780704,-1303.0933415610343,10.017322031315416,15.415867617353797,19.251135021913797
1764848211.8830705,-1543.5464693121612,15.91888416139409,19.836429364979267,15.589772965293378
1764848211.8880703,-1629.517419543583,11.644178512040526,10.45302037615329,12.493135801982135
1764848211.8930705,-1391.405469164718,11.10189301846549,16.47051940485835,7.118899565655738
1764848211.8980703,-1306.1787590244785,10.754082322586328,12.566063851118088,13.308433992322534
1764848211.9030704,-1544.7357574980706,11.08319351868704,14.667887626215816,12.089226606767625
1764848211.9080703,-1628.129916660022,11.393605215009302,12.308010754175484,13.645024988334626
1764848211.9130704,-1397.9465541872196,8.753235846292228,9.080477092415094,8.057614454533905
1764848211.9180703,-1304.484584344551,9.89390533277765,17.566310091875494,13.547787589486688
1764848211.9230704,-1545.1359267933294,13.86193918576464,18.90893417596817,12.575413601007313
1764848211.9280703,-1630.63938953029,15.52993456600234,7.105809915810823,9.198283941019326
1764848211.9330704,-1400.8674160526134,7.735983058344573,13.224286243319511,11.550681013148278
1764848211.9380703,-1301.4552653804421,14.329426680225879,15.7113197138533,14.553820677567273
1764848211.9430704,-1542.016850230284,16.76410155138001,17.25215849559754,18.955682925414294
1764848211.9480705,-1625.7401205883361,12.354759503621608,17.173620596528053,15.167164270300418
1764848211.9530704,-1393.0547650451772,5.626679483335465,13.373882241547108,10.735382822807878
1764848211.9580705,-1300.5090706916526,11.819953809957951,17.450373193249106,10.110819530207664
1764848211.9630704,-1532.4240068439394,9.347879939246923,14.656667926348746,12.399638303089887
1764848211.9680705,-1622.6995819243602,20.567579806316644,12.633382050320506,13.390711791347712
1764848211.9730704,-1396.2673391071148,6.670111570972949,8.758845696225762,11.775075010489672
1764848211.9780705,-1305.2998825348914,14.527641377877444,10.415621376596391,14.183570581953973
1764848211.9830704,-1538.0525562772527,12.575413601007313,17.72338589001447,15.234482469502836
1764848211.9880705,-1617.9312094808556,13.372012291569263,16.175067308358848,14.31072718044743
1764848211.9930704,-1396.6712483023293,8.813074245583266,8.814944195561111,9.531135037075728
1764848211.9980705,-1306.5415293201804,17.254028445575386,16.14140820875764,13.364532491657883
1764848212.0030704,-1537.1512403879315,12.451996902469546,12.969973046332598,15.679530564229935
1764848212.0080705,-1619.6665230602957,11.06449401890859,12.842816447839141,9.392758738715202
1764848212.0130703,-1393.1594822439365,8.985109643545002,10.707333573140204,5.753836081828922
1764848212.0180705,-1302.9549652626738,11.352466315496713,15.808557112701237,11.793774510268122
1764848212.0230703,-1540.1207209527493,7.500369361136109,12.86525584757328,13.218676393385977
1764848212.0280704,-1618.6567500722595,11.588080012705177,19.163247372955084,12.111666006501764
1764848212.0330703,-1397.314511094708,12.201423605438322,10.0790303805843,14.411704479251057
1764848212.0380704,-1307.0314562143758,12.313620604109019,18.97625237517059,17.53452094225213
1764848212.0430703,-1532.0649764481932,11.977029608096927,13.6730742380023,17.1006925473921
1764848212.0480704,-1615.2833603122272,9.987402831669897,9.555444386787713,10.469849925953895
1764848212.0530703,-1397.7221601898782,11.790034610312432,9.140315491706133,6.812227769289166
1764848212.0580704,-1303.3850537575781,11.913451308850199,17.009064998477697,15.956283160950989
1764848212.0630703,-1530.9130872618407,11.85735280951485,13.325263542123139,21.450196195859462
1764848212.0680704,-1620.3733641519211,10.765302022453398,12.016298557631671,6.845886868890375
1764848212.0730705,-1401.5667773443274,10.619445924181491,10.46424007602036,8.498922649305314
1764848212.0780704,-1309.140759789385,11.49832241376862,13.478599440306425,14.27332818089053
1764848212.0830705,-1531.0589433601126,9.209503640886396,15.198953419923782,13.596406288910657
1764848212.0880704,-1615.4516558102332,10.68676412338391,18.224532484076917,16.517268154304475
1764848212.0930705,-1406.5109250857495,5.727656782139093,14.578130027279258,13.4692496904172
1764848212.0980704,-1306.0067236265168,12.014428607653826,10.88310887105763,11.965809908229858
1764848212.1030705,-1523.975572844036,13.835759886074811,21.941993040032685,13.929257384967059
1764848212.1080704,-1615.3843376110308,12.900784897152334,14.967079622671008,15.159684470389038
1764848212.1130705,-1401.4209212460555,11.704016911331564,6.937514417804778,11.374905715230852
1764848212.1180704,-1307.222191112116,14.2845478807576,19.488618669100106,18.140384735073894
1764848212.1230705,-1519.3979352982715,14.333166580181569,13.489819140173495,17.45224314322695
1764848212.1280704,-1611.4050840581767,11.176691017579287,5.789365131407976,13.652504788246006
1764848212.1330705,-1405.407654598821,11.023355119396001,10.628795674070716,9.89016543282196
1764848212.1380703,-1303.590748255141,16.29287415696308,10.378222377039492,14.31820698035881
1764848212.1430705,-1513.1261230725795,11.760115410666913,17.854282388463616,13.592666388954967
1764848212.1480703,-1613.0880390382372,12.025648307520896,16.05913040973246,10.107079630251974
1764848212.1530704,-1406.795157482382,11.008395519573241,10.206186979077756,12.968103096354753
1764848212.1580703,-1299.0916486084461,9.662031535524875,12.947533646598458,13.185017293784767
1764848212.1630704,-1509.1057306202129,8.704617146868259,13.104609444737434,11.816213910002261
1764848212.1680703,-1612.9047839404084,12.26874180464074,13.153228144161403,12.766148498747498
1764848212.1730704,-1417.2930566580035,8.431604450102895,14.002185434103012,12.717529799323529
1764848212.1780703,-1303.1120410608128,13.035421295557171,11.511412063613534,18.933243525680155
1764848212.1830704,-1503.170509390533,12.635252000298351,22.802170029841363,17.93095033755526
1764848212.1880703,-1614.7223753188737,9.325440539512783,13.65063483826816,10.832620221655816
1764848212.1930704,-1423.3030758867972,6.834667169023305,18.250711783766747,13.357052691746503
1764848212.1980705,-1300.3407751936466,13.222416293341666,16.92678719945252,18.996821824926883
1764848212.2030704,-1504.206461678259,6.793528269510716,11.848003059625626,9.920084632467479
1764848212.2080705,-1609.6211517793126,14.243408981245011,17.914120787754655,8.599899948108941
1764848212.2130704,-1428.7408904223703,12.65021160012111,10.576437074691057,14.108772582840174
1764848212.2180705,-1304.8136955406517,12.799807598348707,18.647141179069877,11.311327415984124
1764848212.2230704,-1502.9872542927042,14.29576758062467,14.301377430558205,12.70631009945646
1764848212.2280705,-1616.6409439961426,12.69509039958939,8.538191598840058,10.26789532834664
1764848212.2330704,-1423.8079623808153,7.803301257546991,11.795644460245967,10.997175819706172
1764848212.2380705,-1305.8047690289095,16.390111555811018,16.014251610264182,17.803793739061803
1764848212.2430704,-1496.0684393746778,17.994528636801988,15.31489031855017,13.615105788689107
1764848212.2480705,-1609.340659282636,13.244855693075806,13.336483241990209,12.564193901140243
1764848212.2530704,-1427.8732336326502,10.320253927726299,14.166741032153368,11.44222391443327
1764848212.2580705,-1310.0046766791493,12.912004597019404,16.777191201224923,9.669511335436255
1764848212.2630703,-1493.304653307423,12.762408598791808,15.359769118018448,15.86278566205874
1764848212.2680705,-1607.676403802354,12.212643305305392,11.526371663436294,12.145325106102973
1764848212.2730703,-1425.4796976610087,10.510988825466484,11.597429762594402,9.179584441240877
1764848212.2780704,-1305.6925720302388,10.047241230960935,14.776344724930823,14.011535183992237
1764848212.2830703,-1497.05577296298,12.70631009945646,16.754751801490784,13.10647939471528
1764848212.2880704,-1608.820813188795,9.602193136233836,16.264824907295406,11.303847616072744
1764848212.2930703,-1437.9186049136333,7.814520957414061,6.948734117671847,6.939384367782623
1764848212.2980704,-1302.8726874636486,15.331719868350774,21.912073840387166,17.283947645220906
1764848212.3030703,-1490.1519176447764,14.65853787632659,18.85657557658851,18.005748336669058
1764848212.3080704,-1613.9369963281788,12.960623296443373,10.740992672741413,11.06449401890859
1764848212.3130703,-1437.7727488153614,11.023355119396001,10.789611372165382,7.361993062775582
1764848212.3180704,-1302.7978894645348,12.829726797994226,15.655221214517951,14.31820698035881
1764848212.3230705,-1487.4928487762809,14.66601767623797,14.032104633748531,11.700277011375874
1764848212.3280704,-1609.991401874926,16.22929585771635,16.91556749958545,9.84902653330937
1764848212.3330705,-1442.9936491535045,12.321100404020399,16.822070000693202,11.954590208362788
1764848212.3380704,-1306.8145420169458,11.819953809957951,14.177960732020438,15.320500168483704
1764848212.3430705,-1478.4011519839987,12.395898403134197,9.67886108532548,14.007795284036547
1764848212.3480704,-1611.7080159545876,11.019615219440311,12.50248555187136,11.554420913103968
1764848212.3530705,-1449.295380578842,5.622939583379775,6.481246623210609,10.077160430606455
1764848212.3580704,-1303.5234300559387,15.832866462413222,22.312243135645986,16.995975348632783
1764848212.3630705,-1480.013048864901,12.975582896266133,15.501885316334665,17.702816440258175
1764848212.3680704,-1612.680389943067,6.8234474691562355,14.297637530602515,12.354759503621608
1764848212.3730705,-1451.068093157839,8.375505950767547,11.215959967114031,13.932997284922749
1764848212.3780704,-1311.8596670571715,14.845532874111086,10.86440937127918,18.065586735960096
1764848212.3830705,-1471.0559884710237,11.797514410223812,13.224286243319511,14.082593283150345
1764848212.3880703,-1608.9068308877759,13.47672949032858,13.882508635520935,12.852166197728366
1764848212.3930705,-1449.9610827709548,9.168364741373807,17.199799896217883,9.116006141994148
1764848212.3980703,-1305.3223219346255,10.065940730739385,13.646894938312471,18.065586735960096
1764848212.4030704,-1471.620713364333,12.074267006944865,15.887095011770725,15.653351264540106
1764848212.4080703,-1607.7549417014234,10.933597520459443,9.450727188028395,12.466956502292305
1764848212.4130704,-1455.9860615995713,7.964116955641657,7.865009606815875,7.563947660382837
1764848212.4180703,-1310.4198055742308,11.427264314610511,11.186040767468512,14.224709481466562
1764848212.4230704,-1465.47979763709,13.686163887847215,20.760184654034674,18.069326635915786
1764848212.4280703,-1607.7624215013348,11.356206215452403,13.003632145933807,9.605933036189526
1764848212.4330704,-1462.0895783272572,13.85445938585326,18.16469408478588,6.6514120711945
1764848212.4380703,-1308.175865600817,10.002362431492656,11.65726816188544,13.667464388068765
1764848212.4430704,-1466.0258230306208,12.803547498304397,15.632781814783812,16.046040759887546
1764848212.4480705,-1607.119158708956,11.636698712129146,14.357475929893553,14.475282778497785
1764848212.4530704,-1462.8712174179964,14.022754883859307,15.72253941372037,6.400838774163276
1764848212.4580705,-1306.3021757230163,11.659138111863285,13.976006134413183,13.49168909015134
1764848212.4630704,-1455.9505325499922,10.204317029099911,11.948980358429253,13.929257384967059
1764848212.4680705,-1609.3930178820156,13.218676393385977,15.509365116246045,13.555267389398068
1764848212.4730704,-1469.3337645414285,9.157145041506737,12.008818757720292,8.083793754223734
1764848212.4780705,-1306.2722565233707,18.050627136137336,19.25300497189164,15.152204670477659
1764848212.4830704,-1443.1226757019758,18.065586735960096,13.901208135299385,18.30868023307994
1764848212.4880705,-1613.6378043317236,9.635852235835046,15.011958422139287,14.621138876769692
1764848212.4930704,-1474.5284855798818,9.609672936145216,9.877075782977045,12.934443996753544
1764848212.4980705,-1309.3501941869035,12.313620604109019,19.503578268922865,15.552373965736479
1764848212.5030704,-1439.8839223403484,10.851319721434265,16.896867999807,14.752035375218838
1764848212.5080705,-1609.6510709789582,13.012981895823032,14.593089627102017,11.44222391443327
1764848212.5130703,-1483.534164673183,11.401085014920682,15.329849918372929,10.327733727637678
1764848212.5180705,-1309.8962195804343,13.996575584169477,15.000738722272217,16.584586353506893
1764848212.5230703,-1439.031225150451,9.85276643326506,10.557737574912608,12.964363196399063
1764848212.5280704,-1609.6024522795342,9.546094636898488,17.110042297281325,14.740815675351769
1764848212.5330703,-1489.5217445022427,6.565394372213632,7.068410916253924,11.943370508495718
1764848212.5380704,-1304.9258925393224,15.806687162723392,13.882508635520935,15.017568272072822
1764848212.5430703,-1436.4095552815124,16.34897265629843,20.16180066112429,15.51497496617958
1764848212.5480704,-1612.3998974463902,9.295521339867264,10.785871472209692,11.640438612084836
1764848212.5530703,-1493.1793666589074,15.212043069768697,15.782377813011408,5.04325509024784
1764848212.5580704,-1307.5737417079508,14.26958828093484,13.396321641281247,15.997422060463578
1764848212.5630703,-1432.5499785272405,11.44970371434465,14.798784124664962,16.75662175146863
1764848212.5680704,-1613.1852764370851,11.128072318155318,13.302824142389,12.717529799323529
1764848212.5730705,-1495.1540338355117,11.797514410223812,14.413574429228902,11.84613310964778
1764848212.5780704,-1304.7426374414936,14.66227777628228,13.732912637293339,16.550927253905684
1764848212.5830705,-1431.446708040312,11.812474010046571,16.380761805921793,14.411704479251057
1764848212.5880704,-1613.8285392294638,13.648764888290316,15.374728717841208,9.609672936145216
1764848212.5930705,-1496.923006514553,7.197437464725226,9.873335883021355,11.539461313281208
1764848212.5980704,-1304.907193039544,14.497722178231925,16.05165060982108,11.812474010046571
1764848212.6030705,-1431.012879645452,11.412304714787751,14.185440531931818,14.894151573535055
1764848212.6080704,-1613.6004053321667,7.653705259319395,13.407541341148317,13.671204288024455
1764848212.6130705,-1500.4497321727686,7.7060638586990535,13.156968044117093,6.23628317611292
1764848212.6180704,-1308.3815600983799,12.870865697506815,19.208126172423363,14.344386280048639
1764848212.6230705,-1425.1524564148858,14.000315484125167,17.940300087444484,13.779661386739463
1764848212.6280704,-1607.8521791002713,15.399038067553192,15.415867617353797,15.589772965293378
1764848212.6330705,-1506.5195898008533,15.88896496174857,13.860069235786796,13.49916889006272
1764848212.6380703,-1312.1588590536267,13.90307808527723,17.34565599448979,11.999469007831067
1764848212.6430705,-1422.6504633445293,13.686163887847215,12.117275856435299,12.474436302203685
1764848212.6480703,-1609.8605053764768,12.713789899367839,11.892881859093904,13.47672949032858
1764848212.6530704,-1503.8792204321362,8.981369743589312,12.147195056080818,9.972443231847137
1764848212.6580703,-1310.4946035733446,11.610519412439317,9.817237383686006,15.52993456600234
1764848212.6630704,-1418.3682778952643,9.164624841418117,16.676213902421296,14.920330873224884
1764848212.6680703,-1603.5587739511393,11.03457481926307,17.70842629019171,10.765302022453398
1764848212.6730704,-1507.510663289111,9.164624841418117,9.364709489047527,12.728749499190599
1764848212.6780703,-1317.907085285522,14.957729872781783,12.670781049877405,14.202270081732422
1764848212.6830704,-1420.1035914747044,11.614259312395006,16.010511710308492,13.0989995948039
1764848212.6880703,-1602.6985969613306,14.490242378320545,9.783578284084797,13.188757193740457
1764848212.6930704,-1508.3783200788312,9.691950735170394,14.536991127766669,10.417491326574236
1764848212.6980705,-1320.19964395836,9.733089634682983,17.65606769081205,17.366225444246083
1764848212.7030704,-1420.664576468058,17.0632935478352,12.394028453156352,13.88437858549878
1764848212.7080705,1340.3969736690633,7.962247005663812,14.415444379206747,9.172104641329497
1764848212.7130704,1431.3102016919293,9.779838384129107,12.579153500963002,8.921531344298273
1764848212.7180705,1619.5636758115143,13.433720640838146,16.042300859931856,16.554667153861374
1764848212.7230704,1524.469239638187,13.867549035698175,17.4709426430054,11.04579451913014
1764848212.7280705,1337.4723719037138,8.276398601941764,11.89101190911606,8.798114645760506
1764848212.7330704,1430.0386357069947,9.6339822858572,10.851319721434265,14.235929181333631
1764848212.7380705,1618.2547108270228,9.865856083109975,13.757221987005323,14.3219468803145
1764848212.7430704,1525.5351111255586,11.29449786618352,15.645871464628726,16.453689855057746
1764848212.7480705,1349.795342257712,10.228626378811896,9.972443231847137,7.5452481606043875
1764848212.7530704,1428.9054460204206,12.266871854662895,9.905125032644719,12.833466697949916
1764848212.7580705,1613.6770732812583,7.311504413373768,11.752635610755533,16.191896858159453
1764848212.7630703,1528.8524023862556,14.49585222825408,15.413997667375952,14.972689472604543
1764848212.7680705,1345.6403134069405,12.416467852890491,16.947356649208814,13.327133492100984
1764848212.7730703,1423.4825910846703,9.353489789180458,16.966056148987263,6.195144276600331
1764848212.7780704,1611.702406104654,13.65437473822385,11.378645615186542,11.84613310964778
1764848212.7830703,1528.2839375929907,12.91387454699725,15.844086162280291,15.275621369015425
1764848212.7880704,1350.0346958548762,10.03041168116033,9.130965741816908,8.794374745804816
1764848212.7930703,1421.7435376052745,11.941500558517873,15.193343569990247,10.26789532834664
1764848212.7980704,1603.6017828006297,16.10026930924505,21.842885691206902,15.89644476165995
1764848212.8030703,1539.002490865998,11.784424760378897,16.902477849740535,15.279361268971115
1764848212.8080704,1363.6741109932773,10.699853773228824,15.07366677140817,10.855059621389955
1764848212.8130703,1422.4765579965897,8.773805296048522,15.028787971939892,13.723562887404114
1764848212.8180704,1601.7841914221644,9.746179284527898,12.111666006501764,12.26500190468505
1764848212.8230705,1533.9985047252849,14.578130027279258,14.026494783814996,17.93843013746664
1764848212.8280704,1360.7121102283709,11.844263159669936,10.350173127371818,11.45344361430034
1764848212.8330705,1415.4193667802028,12.180854155682027,9.497475937474519,11.176691017579287
1764848212.8380704,1594.2221137117594,10.46797997597605,16.775321251247078,10.503509025555104
1764848212.8430705,1540.281536650844,13.055990745313466,17.88607153808698,15.51871486613527
1764848212.8480704,1367.5935261468403,7.337683713063598,7.238576364237815,13.383231991436332
1764848212.8530705,1415.1613136832602,13.224286243319511,12.930704096797854,14.71463637566194
1764848212.8580704,1601.2119867289439,13.65063483826816,16.26295495731756,13.86567908572033
1764848212.8630705,1538.4153265729547,13.979746034368873,16.23677565762773,12.141585206147283
1764848212.8680704,1368.042314141523,13.078430145047605,11.273928416427225,14.25462868111208
1764848212.8730705,1414.3759346925654,6.02123892866075,13.315913792233914,10.937337420415133
1764848212.8780704,1587.4154957924038,10.180007679387927,16.70052325213328,15.50001536635682
1764848212.8830705,1538.4078467730433,18.935113475658,12.567933801095933,16.057260459754616
1764848212.8880703,1371.3670852021314,11.223439767025411,15.208303169813007,13.143878394272178
1764848212.8930705,1405.8227834939025,10.957906870171428,9.763008834328502,12.814767198171467
1764848212.8980703,1597.6478620711714,18.718199278227985,19.281054221559316,10.567087324801832
1764848212.9030704,1548.1241068579257,12.637121950276196,15.687010364141315,16.420030755456537
1764848212.9080703,1364.7886011800729,9.218853390775621,19.759761415887624,9.564794136676937
1764848212.9130704,1408.1751805660315,10.415621376596391,12.538014601450413,9.46381683787331
1764848212.9180703,1596.0584045900032,14.181700631976128,18.27502113347873,14.542600977700204
1764848212.9230704,1547.1629525693133,16.171327408403158,18.544293930288404,16.28165445709601
1764848212.9280703,1362.8363734032027,11.358076165430248,9.310480939690024,11.50206231372431
1764848212.9330704,1412.3563887164928,9.439507488161325,12.373459003400058,13.753482087049633
1764848212.9380703,1598.8932487564161,14.716506325639784,14.894151573535055,13.525348189752549
1764848212.9430704,1549.736003738828,14.11064253281802,23.96714886603877,13.05038089537993
1764848212.9480705,1361.205777022522,12.86525584757328,12.66517119994387,11.124332418199629
1764848212.9530704,1405.6881470954977,10.408141576685011,18.200223134364933,6.146525577176362
1764848212.9580705,1596.9858997790143,3.9642939530313015,14.220969581510872,15.634651764761657
1764848212.9630704,1550.158612433821,9.862116183154285,11.146771817933768,16.25547515740618
1764848212.9680705,1363.9246842903085,13.538437839597464,10.387572126928717,10.380092327017337
1764848212.9730704,1406.5258846855722,13.882508635520935,14.041454383637756,10.136998829897493
1764848212.9780705,1595.6806746944785,11.956460158340633,13.039161195512861,15.208303169813007
1764848212.9830704,1546.5196897769347,13.138268544338644,13.48794919019565,11.909711408894509
1764848212.9880705,1368.5172814358957,6.073597528040409,10.181877629365772,7.956637155730277
1764848212.9930704,1405.213179801125,12.973712946288288,17.422323943581432,12.384678703267127
1764848212.9980705,1586.3945031045005,11.186040767468512,16.214336257893592,16.023601360153407
1764848213.0030704,1544.7955958973616,13.142008444294333,12.762408598791808,16.109619059134275
1764848213.0080705,1370.9070775075816,11.335636765696108,13.45055019063875,13.207456693518907
1764848213.0130703,1407.288824276533,13.231766043230891,13.85445938585326,13.143878394272178
1764848213.0180705,1587.9503014860675,11.739545960910618,14.093812983017415,14.542600977700204
1764848213.0230703,1549.025422747247,13.362662541680038,14.29576758062467,16.26295495731756
1764848213.0280704,1361.7181433164515,8.03330510482192,11.47962291399017,10.537168125156313
1764848213.0330703,1414.764884287957,13.112089244648814,13.271034992765635,11.07945361873135
1764848213.0380704,1586.0766116082668,12.322970353998244,11.124332418199629,19.13519812328741
1764848213.0430703,1541.9719714308158,14.09942283295095,15.391558267641813,13.398191591259092
1764848213.0480704,1376.677743139211,9.69382068514824,14.66975757619366,13.48420929023996
1764848213.0530703,1414.0243840967305,9.338530189357698,5.701477482449263,11.154251617845148
1764848213.0580704,1585.9083161102608,10.729772972874343,15.974982660729438,14.987649072427303
1764848213.0630703,1538.7070387694985,16.732312401756644,11.816213910002261,18.66771062882617
1764848213.0680704,1368.0647535412572,13.26916504278779,9.411458238493651,18.555513630155474
1764848213.0730705,1410.9389666332863,12.005078857764602,20.74709500418976,12.829726797994226
1764848213.0780704,1586.0803515082225,11.563770662993193,14.778214674908668,12.141585206147283
1764848213.0830705,1548.5317559530959,10.740992672741413,14.232189281377941,12.485656002070755
1764848213.0880704,1369.093226029072,7.782731807790697,5.054474790114909,9.624632535967976
1764848213.0930705,1410.834249434527,12.539884551428258,18.428357031662017,6.62523277150467
1764848213.0980704,1592.767292628996,7.442400911822915,18.476975731085986,14.71463637566194
1764848213.1030705,1544.3542877025902,13.463639840483665,8.491442849393934,12.743709099013358
1764848213.1080704,1366.632371858228,9.525525187142193,15.271881469059736,11.277668316382915
1764848213.1130705,1414.2674775938503,14.709026525728405,13.319653692189604,11.704016911331564
1764848213.1180704,1587.1387431956828,10.961646770127118,9.979923031758517,14.011535183992237
1764848213.1230705,1539.5298167597502,16.646294702775776,17.15305114677176,15.758068463299423
1764848213.1280704,1375.1668235571124,15.759938413277268,17.268988045398146,11.801254310179502
1764848213.1330705,1410.063830043655,8.930881094187498,7.874359356705099,9.392758738715202
1764848213.1380703,1587.497773591429,13.28786454256624,15.967502860818058,14.520161577966064
1764848213.1430705,1542.439458925277,11.492712563835084,15.746848763432354,17.283947645220906
1764848213.1480703,1375.267800855916,7.397522112354636,13.11395919462666,11.517021913547069
1764848213.1530704,1414.8808211865835,7.468580211512744,10.103339730296284,13.932997284922749
1764848213.1580703,1582.2918328531086,17.65980759076774,16.30035395687446,16.214336257893592
1764848213.1630704,1542.9518252192065,11.63856866210699,15.384078467730433,12.549234301317483
1764848213.1680703,1377.8782510249875,7.558337810449302,12.530534801539034,9.785448234062642
1764848213.1730704,1411.1409212308936,7.936067705973983,12.762408598791808,13.416891091037542
1764848213.1780703,1579.5766654852778,12.771758348681033,13.89933818532154,12.25752210477367
1764848213.1830704,1544.6534796990454,12.674520949833095,15.986202360596508,14.553820677567273
1764848213.1880703,1375.8325257492252,13.108349344693124,12.971842996310443,13.90307808527723
1764848213.1930704,1411.6458077249117,10.613836074247956,14.651058076415211,13.86941898567602
1764848213.1980705,1576.8988971170038,14.637968426570296,18.230142334010452,14.452843378763646
1764848213.2030704,1538.1759729757905,15.071796821430326,14.464063078630716,16.001161960419267
1764848213.2080705,1382.2053152737208,13.052250845357776,6.988003067206591,12.799807598348707
1764848213.2130704,1409.2597515531816,11.911581358872354,11.909711408894509,10.006102331448346
1764848213.2180705,1574.8494319412857,9.529265087097883,12.541754501406103,10.63440552400425
1764848213.2230704,1541.3997667375952,14.540731027722359,21.95882258983329,15.357899168040603
1764848213.2280705,1383.0280932639726,13.119569044560194,14.194790281821042,10.492289325688034
1764848213.2330704,1413.4933183030225,9.327310489490628,14.6547979763709,11.08319351868704
1764848213.2380705,1565.7988740485162,12.03873795736581,20.35440550884232,9.647071935702115
1764848213.2430704,1545.214464692399,12.027518257498741,15.260661769192666,18.637791429180652
1764848213.2480705,1394.431048228871,10.86066947132349,10.27537512825802,12.852166197728366
1764848213.2530704,1408.8595822579227,10.512858775444329,10.911158120725304,14.415444379206747
1764848213.2580705,1567.0629602335393,12.431427452713251,19.419430519919842,15.668310864362866
1764848213.2630703,1536.878227691166,16.5640169037506,16.31905345665291,13.562747189309448
1764848213.2680705,1382.900936665479,12.207033455371857,16.109619059134275,7.724763358477503
1764848213.2730703,1415.2435914822854,9.574143886566162,8.962670243810862,10.114559430163354
1764848213.2780704,1570.9113172879443,13.302824142389,17.49712194269523,14.183570581953973
1764848213.2830703,1532.091155747883,11.27579836640507,15.369118867907673,12.048087707255036
1764848213.2880704,1388.4098093002103,11.354336265474558,11.584340112749487,11.47214311407879
1764848213.2930703,1414.2300785942934,13.190627143718302,15.548634065780789,14.460323178675026
1764848213.2980704,1562.410524688661,10.157568279653788,11.292627916205674,9.05242784274742
1764848213.3030703,1534.7726640161127,13.912427835166454,12.29492110433057,16.23303575767204
1764848213.3080704,1384.7447073436342,16.231165807694197,10.720423222985119,12.27996150450781
1764848213.3130703,1417.6408673538826,11.492712563835084,13.188757193740457,12.092966506723315
1764848213.3180704,1566.4309171410277,11.346856465563178,18.009488236624748,16.001161960419267
1764848213.3230705,1530.535357366316,14.170480932109058,18.398437832016498,12.638991900254041
1764848213.3280704,1393.7840455365367,12.221993055194616,10.338953427504748,14.194790281821042
1764848213.3330705,1418.9460924384184,12.85403614770621,11.356206215452403,12.601592900697142
1764848213.3380704,1565.0845531569794,12.782978048548102,14.134951882530004,9.972443231847137
1764848213.3430705,1531.0813827598467,11.922801058739424,12.440777202602476,14.587479777168483
1764848213.3480704,1390.0366657809354,6.230673326179385,11.258968816604465,10.589526724535972
1764848213.3530705,1424.847654568497,10.991565969772637,12.571673701051623,11.831173509825021
1764848213.3580704,1560.192764014937,11.309457466006279,15.619692164938897,14.770734874997288
1764848213.3630705,1528.3662153920159,16.231165807694197,12.059307407122105,14.72211617557332
1764848213.3680704,1394.6180432266556,12.124755656346679,12.552974201273173,10.746602522674948
1764848213.3730705,1423.882760379929,6.713120420463383,16.438730255234987,10.604486324358732
1764848213.3780704,1556.127492763102,10.374482477083802,12.171504405792803,11.47214311407879
1764848213.3830705,1530.464299267158,16.197506708092988,14.493982278276235,14.897891473490745
1764848213.3880703,1392.8864695471711,9.24877259042114,11.86109270947054,12.407118103001267
1764848213.3930705,1421.2236915114336,8.358676400966942,11.84613310964778,15.679530564229935
1764848213.3980703,1564.2617751667276,14.772604824975133,19.15015772311017,13.390711791347712
1764848213.4030704,1530.0229910723865,12.955013446509838,18.207702934276313,15.844086162280291
1764848213.4080703,1401.5405980446376,9.27121199015528,11.573120412882417,12.156544805970043
1764848213.4130704,1422.7944494928233,13.807710636407137,17.44102344335988,10.952297020237893
1764848213.4180703,1554.7512095794082,10.632535574026406,16.29287415696308,12.781108098570257
1764848213.4230704,1524.989085732028,16.95296649914235,19.51292801881209,15.256921869236976
1764848213.4280703,1402.1202825377695,9.869595983065665,11.04579451913014,11.4684032141231
1764848213.4330704,1424.5933413715102,11.197260467335582,12.6913504996337,10.129519029986113
1764848213.4380703,1547.6640991633758,17.74582528974861,16.610765653196722,14.972689472604543
1764848213.4430704,1522.8012442579493,14.428534029051661,16.26669485727325,13.652504788246006
1764848213.4480705,1400.4111482580192,14.020884933881462,10.320253927726299,9.568534036632627
1764848213.4530704,1434.2497630571015,10.595136574469507,11.920931108761579,13.128918794449419
1764848213.4580705,1548.3522407552227,12.08735665678978,16.517268154304475,12.033128107432276
1764848213.4630704,1516.0544647378847,11.64230856206268,12.807287398260087,18.33111963281408
1764848213.4680705,1408.6651074602269,10.509118875488639,18.33859943272546,10.395051926840097
1764848213.4730704,1431.4971966897137,7.823870707303286,9.340400139335543,14.426664079073817
1764848213.4780705,1539.12216766458,10.714813373051584,17.254028445575386,15.185863770078868
1764848213.4830704,1515.3064847467467,16.9342669993639,15.350419368129224,14.191050381865352
1764848213.4880705,1409.2485318533145,10.707333573140204,10.914898020680994,13.977876084391028
1764848213.4930704,1434.425538355019,13.497298940084875,15.361639067996293,11.333766815718263
1764848213.4980705,1539.3465616619214,9.996752581559122,7.006702566985041,15.47757596662268
1764848213.5030704,1515.3476236462593,14.4883724283427,15.780507863033563,13.327133492100984
1764848213.5080705,1409.2934106527828,8.47835319954902,13.035421295557171,11.924671008717269
1764848213.5130703,1434.9715637485497,9.372189288958907,11.378645615186542,14.576260077301413
1764848213.5180705,1540.135680552572,11.64230856206268,17.1754905465059,12.882085397373885
1764848213.5230703,1508.1183970319107,14.342516330070794,29.367564402054995,13.659984588157386
1764848213.5280704,1418.228031646926,12.693220449611545,20.75831470405683,9.112266242038459
1764848213.5330703,1435.5288088419475,9.62650248594582,14.875452073756605,10.514728725422174
1764848213.5380704,1531.3469156567007,7.8687495067715645,14.183570581953973,11.423524414654821
1764848213.5430703,1510.3623370053247,11.451573664322495,6.670111570972949,14.153651382308453
1764848213.5480704,1427.7946957335807,11.399215064942837,15.90392456157133,12.033128107432276
1764848213.5530703,1437.0883471234702,7.24792611412704,14.052674083504826,15.836606362368912
1764848213.5580704,1530.1875466704369,13.69177373778075,4.721623694058508,12.754928798880428
1764848213.5630703,1503.1368502909318,13.317783742211759,15.806687162723392,16.562146953772753
1764848213.5680704,1425.8050689571537,9.622762585990131,6.404578674118966,13.177537493873388
1764848213.5730705,1438.0831605116837,10.737252772785723,13.51038858992979,12.089226606767625
1764848213.5780704,1529.8584354743361,12.599722950719297,18.177783734630793,9.602193136233836
1764848213.5830705,1513.8703631637618,10.669934573583305,15.230742569547147,14.572520177345723
1764848213.5880704,1428.5464156246744,9.166494791395962,12.900784897152334,14.250888781156391
1764848213.5930705,1438.9657769012265,9.409588288515806,10.410011526662856,14.991388972382993
1764848213.5980704,1526.9375736089423,8.186641003005207,9.935044232290238,15.006348572205752
1764848213.6030705,1511.431948392652,13.134528644382954,25.844578643795103,10.555867624934763
1764848213.6080704,1428.3407211271115,12.192073855549097,10.462370126042515,14.25462868111208
1764848213.6130705,1430.7005979991518,5.680908032692969,10.585786824580282,12.321100404020399
1764848213.6180704,1531.6348879532889,15.049357421696186,12.766148498747498,15.645871464628726
1764848213.6230705,1522.950840256177,11.67970756161958,5.578060783911496,18.3610388324596
1764848213.6280704,1424.0473159779795,11.380515565164387,10.196837229188532,11.285148116294295
1764848213.6330705,1426.104260953609,10.393181976862252,15.859045762103051,13.787141186650842
1764848213.6380703,1540.6218675468117,11.227179666981101,18.016968036536127,15.51123506622389
1764848213.6430705,1524.2710249405354,14.11064253281802,22.961115777958184,14.781954574864358
1764848213.6480703,1425.259043563623,14.46219312865287,12.747448998969048,13.401931491214782
1764848213.6530704,1428.6660924232565,11.24961906671524,6.999222767073661,11.06823391886428
1764848213.6580703,1532.4875851431862,14.406094629317522,18.865925326477736,11.558160813059658
1764848213.6630704,1527.966046096757,14.312597130425274,16.28913425700739,15.589772965293378
1764848213.6680703,1425.2440839638002,10.722293172962964,15.92262406134978,13.48046939028427
1764848213.6730704,1427.6264002355747,12.218253155238926,10.398791826795787,6.198884176556021
1764848213.6780703,1533.250524734147,13.385101941414177,15.133505170699209,13.357052691746503
1764848213.6830704,1527.7154727997258,14.10690263286233,15.219522869680077,10.67180452356115
1764848213.6880703,1426.175319052767,13.302824142389,15.683270464185625,10.335213527549058
1764848213.6930704,1432.880959673319,11.369295865297318,12.926964196842164,14.27332818089053
1764848213.6980705,1530.643814465031,10.748472472652793,11.984509408008307,16.977275848854333
1764848213.7030704,1526.9861923083663,10.86440937127918,15.799207362812012,14.123732182662934
1764848213.7080705,1429.7057846109383,9.933174282312393,8.67843784717843,9.979923031758517
1764848213.7130704,1421.7454075552523,11.574990362860262,15.421477467287332,8.569980748463422
1764848213.7180705,1530.548447016161,12.513705251738429,12.006948807742447,14.871712173800915
1764848213.7230704,1535.660890255589,14.267718330956995,11.819953809957951,11.210350117180496
1764848213.7280705,1437.826977364719,10.232366278767586,14.348126180004328,11.352466315496713
1764848213.7330704,1422.5233067460358,5.890342430211604,14.25462868111208,10.301554427947849
1764848213.7380705,1522.287008014042,15.988072310574353,13.5066486899741,15.571073465514928
1764848213.7430704,1534.408023770433,12.827856848016381,14.901631373446435,12.429557502735406
1764848213.7480705,1443.964153192006,10.47919967584312,14.490242378320545,12.69883029954508
1764848213.7530704,1422.594364845194,6.84401691891253,16.521008054260164,13.312173892278224
1764848213.7580705,1509.7807825622149,14.824963424354792,15.339199668262154,17.97208923706785
1764848213.7630703,1522.8741723070852,13.774051536805928,17.216629446018487,13.8768987855874
1764848213.7680705,1474.2685625329614,14.578130027279258,15.361639067996293,12.919484396930784
1764848213.7730703,1435.3586433939636,15.789857612922788,19.56154671823606,10.522208525333554
1764848213.7780704,1447.245915403124,14.671627526171505,16.25173525745049,12.096706406679004
1764848213.7830703,1506.2016983046196,13.216806443408132,11.991989207919687,15.09236627118662
1764848213.7880704,1546.708554724697,10.408141576685011,9.153405141551048,10.514728725422174
1764848213.7930703,1454.4714021175168,9.955613682046533,12.777368198614568,8.64851864753291
1764848213.7980704,1417.9325795504265,15.640261614695191,16.618245453108102,15.354159268084913
1764848213.8030703,1498.0374967013486,10.927987670525908,16.962316249031574,16.382631755899638
1764848213.8080704,1547.0414058207534,11.747025760821998,8.584940348286182,9.183324341196567
1764848213.8130703,1456.2702939962037,9.521785287186503,18.409657531883568,7.193697564769536
1764848213.8180704,1424.8326949686743,8.47461329959333,15.799207362812012,12.459476702380925
1764848213.8230705,1499.1968656876124,9.592843386344612,22.138337787706405,13.846979585941881
1764848213.8280704,1535.9563423520885,11.747025760821998,10.731642922852188,11.8760523092933
1764848213.8330705,1449.9760423707776,5.138622539117932,13.312173892278224,13.783401286695153
1764848213.8380704,1436.5498015298508,10.568957274779677,14.778214674908668,16.68556365231052
1764848213.8430705,1510.1360730580054,15.879615211859345,9.923824532423168,14.71837627561763
1764848213.8480704,1528.1885701441206,14.024624833837152,11.50206231372431,9.123485941905528
1764848213.8530705,1445.5031220237724,9.215113490819931,18.525594430509955,9.89016543282196
1764848213.8580704,1435.1510789464228,13.557137339375913,17.50460174260661,17.07077334774658
1764848213.8630705,1516.8978121778928,10.224886478856206,11.322547115851194,18.64901112904772
1764848213.8680704,1528.4279237412848,11.859222759492695,8.083793754223734,11.255228916648775
1764848213.8730705,1440.6674313810654,9.66390148550272,15.11854557087645,13.525348189752549
1764848213.8780704,1434.3245610562153,10.651235073804855,13.10273949475959,13.86193918576464
1764848213.8830705,1509.8294012616388,14.316337030380964,12.30240090424195,12.814767198171467
1764848213.8880703,1522.5936798104085,12.842816447839141,6.2175836763344705,12.64647170016542
1764848213.8930705,1445.7910943203606,10.774651772342622,11.980769508052617,13.360792591702193
1764848213.8980703,1427.211271340493,11.066363968886435,16.831419750582427,16.023601360153407
1764848213.9030704,1515.2335566976108,18.09363598562777,15.163424370344728,15.238222369458526
1764848213.9080703,1525.9446301707067,10.711073473095894,10.25667562847957,6.617752971593291
1764848213.9130704,1437.6231528171338,11.870442459359765,5.929611379746348,11.517021913547069
1764848213.9180703,1438.743252853863,10.87188917119056,22.489888383541256,13.540307789575309
1764848213.9230704,1513.9713404625654,15.812297012656927,16.25547515740618,16.008641760330647
1764848213.9280703,1517.4419676214457,8.8560830950737,9.08608694234863,13.540307789575309
1764848213.9330704,1432.6322563262656,11.354336265474558,12.362239303532988,7.769642157945782
1764848213.9380703,1443.7528488445096,11.589949962683022,18.065586735960096,15.286841068882495
1764848213.9430704,1519.6989972447045,10.602616374380887,14.157391282264143,12.096706406679004
1764848213.9480705,1512.3295243820176,11.088803368620574,17.57565984176472,14.019014983903617
1764848213.9530704,1425.8293783068657,9.424547888338566,10.23797612870112,10.193097329232842
1764848213.9580705,1449.7815675730817,13.27664484269917,15.52619466604665,14.609919176902622
1764848213.9630704,1521.9092781185172,11.507672163657844,13.125178894493729,10.705463623162359
1764848213.9680705,1505.0441992683336,11.66100806184113,15.840346262324601,16.494828754570335
1764848213.9730704,1424.6101709213108,7.999646005220711,11.131812218111008,7.171258165035397
1764848213.9780705,1450.189216668252,12.255652154795825,19.359592120628804,14.437883778940886
1764848213.9830704,1528.0314943459816,12.90639474708587,12.889565197285265,14.045194283593446
1764848213.9880705,1503.5781584857032,14.278938030824065,21.95882258983329,12.238822604995221
1764848213.9930704,1431.4354883404449,8.807464395649731,13.016721795778722,10.529688325244933
1764848213.9980705,1461.162083138246,13.624455538578331,15.657091164495796,17.09321274748072
1764848214.0030704,1523.3042608019896,11.339376665651798,16.483609054703265,9.45633703796193
1764848214.0080705,1504.1915020784363,14.297637530602515,13.90307808527723,11.973289708141237
1764848214.0130703,1427.3066387893632,9.200153890997171,17.05955364787951,12.893305097240955
1764848214.0180705,1458.1888626734726,13.789011136628687,19.684963416773826,11.105632918421179
1764848214.0230703,1523.8203669958748,15.004478622227907,15.144724870566279,16.135798358824104
1764848214.0280704,1495.6159114800394,16.616375503130257,11.808734110090882,10.873759121168405
1764848214.0330703,1427.9312020819634,9.892035382799804,14.419184279162437,10.050981130916625
1764848214.0380704,1460.2495475490578,14.215359731577337,25.837098843883723,13.562747189309448
1764848214.0430703,1523.745568996761,11.975159658119082,14.078853383194655,14.965209672693163
1764848214.0480704,1498.899543641135,10.08277028053999,14.449103478807956,12.485656002070755
1764848214.0530703,1422.399890047498,14.305117330513895,11.647918411996216,9.86398613313213
1764848214.0580704,1457.3324255836196,14.50333202816546,9.48625623760745,18.791127327363938
1764848214.0630703,1523.782967996318,9.581623686477542,13.237375893164426,19.374551720451564
1764848214.0680704,1500.8966502174735,12.4501269524917,7.212397064547986,9.572273936588317
1764848214.0730705,1429.3411443652585,9.67512118536979,6.464417073410004,11.973289708141237
1764848214.0780704,1455.2156422086991,12.397768353112042,11.0981531185098,14.146171582397074
1764848214.0830705,1517.7579891677015,11.365555965341628,17.418584043625742,15.099846071098
1764848214.0880704,1509.7976121120155,12.263131954707205,11.019615219440311,15.10732587100938
1764848214.0930705,1429.1130104679614,8.42973450012505,8.951450543943793,6.008149278815836
1764848214.0980704,1434.7434298512526,10.636275473982096,15.155944570433348,16.528487854171544
1764848214.1030705,1517.885145766195,13.931127334944904,17.220369345974177,14.220969581510872
1764848214.1080704,1548.084837908391,12.229472855105996,13.05786069529131,15.672050764318556
1764848214.1130705,1433.5840608649887,7.7453328082337976,13.312173892278224,8.704617146868259
1764848214.1180704,1390.754726572428,12.281831454485655,18.125425135251135,14.333166580181569
1764848214.1230705,1515.8618598901667,12.827856848016381,11.696537111420184,11.86483260942623
1764848214.1280704,1582.009470406454,9.772358584217727,16.3227933566086,14.25836858106777
1764848214.1330705,1431.3924794909544,10.310904177837074,10.537168125156313,13.241115793120116
1764848214.1380703,1365.618858970236,12.364109253510833,16.027341260109097,17.08199304761365
1764848214.1430705,1515.386892595794,11.948980358429253,18.159084234852344,10.776521722320467
1764848214.1480703,1594.298781660851,9.547964586876333,15.350419368129224,15.728149263653904
1764848214.1530704,1434.5751343532465,10.415621376596391,10.63814542395994,11.546941113192588
1764848214.1580703,1358.4120717556216,17.798183889128268,20.152450911235064,16.176937258336693
1764848214.1630704,1513.6852381159551,12.704440149478614,17.355005744379014,17.16801074659452
1764848214.1680703,1602.1226523681544,11.025225069373846,7.350773362908512,11.135552118066698
1764848214.1730704,1431.3775198911317,9.64146208576858,8.970150043722242,9.43763753818348
1764848214.1780703,1353.4454846144654,15.240092319436371,15.05870717158541,16.24425545753911
1764848214.1830704,1507.88465328468,9.2637321902439,18.215182734187692,14.407964579295367
1764848214.1880703,1597.0064692287706,9.170234691351652,10.013582131359726,15.859045762103051
1764848214.1930704,1440.1139261876233,10.628795674070716,6.266202375758439,16.517268154304475
1764848214.1980705,1360.5849536298774,13.048510945402086,15.787987662944943,12.470696402247995
1764848214.2030704,1509.6611057636328,10.935467470437288,16.405071155633777,11.748895710799843
1764848214.2080705,1585.8653072607704,14.88480182364583,7.739722958300263,12.395898403134197
1764848214.2130704,1432.652825776022,7.315244313329458,11.46466331416741,10.458630226086825
1764848214.2180705,1381.3413983839564,16.56775680370629,18.499415130820125,14.950250072870404
1764848214.2230704,1513.7039376157336,13.515998439863324,17.672897240612656,14.389265079516917
1764848214.2280705,1566.0700167953037,10.019191981293261,10.63440552400425,14.048934183549136
1764848214.2330704,1430.3453075033613,15.359769118018448,13.278514792677015,8.506402449216694
1764848214.2380705,1392.8191513479687,10.640015373937786,16.607025753241032,12.235082705039531
1764848214.2430704,1509.3058152678423,9.140315491706133,14.995128872338682,10.555867624934763
1764848214.2480705,1555.9124485156499,12.016298557631671,16.36393225612119,15.960023060906678
1764848214.2530704,1438.1355191110633,12.704440149478614,13.787141186650842,8.25582915218547
1764848214.2580705,1400.197973960545,15.475706016644835,20.72091570449993,12.904524797108024
1764848214.2630703,1513.3224678202532,11.23839936684817,14.464063078630716,10.436190826352686
1764848214.2680705,1552.969147250522,10.778391672298312,14.119992282707244,12.489395902026445
1764848214.2730703,1440.2897014855407,7.917368206195533,8.143632153514773,3.6520123067311943
1764848214.2780704,1400.968393351417,13.983485934324563,13.798360886517912,16.109619059134275
1764848214.2830703,1514.47061710665,13.946086934767663,16.76410155138001,15.657091164495796
1764848214.2880704,1563.8672157214023,12.682000749744475,11.999469007831067,11.315067315939814
1764848214.2930703,1442.5822601583786,12.177114255726337,10.828880321700126,9.205763740930706
1764848214.2980704,1390.4106557765044,12.663301249966025,11.270188516471535,16.33401305647567
1764848214.3030703,1506.246577104088,12.244432454928756,15.630911864805967,13.443070390727371
1764848214.3080704,1572.2184123224579,7.7453328082337976,18.031927636358887,13.229896093253046
1764848214.3130703,1443.5770735465921,14.144301632419229,16.23677565762773,10.312774127814919
1764848214.3180704,1369.3924180255271,15.70383991394192,18.159084234852344,15.301800668705255
1764848214.3230705,1506.1867387047969,11.395475164987147,11.214090017136186,14.826833374332637
1764848214.3280704,1592.8925792775117,15.28871101886034,12.523055001627654,14.30698728049174
1764848214.3330705,1445.2151497271843,2.2327202735468745,14.30324738053605,9.994882631581277
1764848214.3380704,1347.9066927800886,15.206433219835162,16.214336257893592,14.037714483682066
1764848214.3430705,1502.2074851519428,14.1181223327294,18.084286235738546,16.075959959533066
1764848214.3480704,1624.3114788052626,4.121369751170278,9.344140039291233,10.151958429720253
1764848214.3530705,1449.946123171132,7.995906105265021,9.47503653774038,14.68845707597211
1764848214.3580704,1324.5435377568938,13.628195438534021,11.86857250938192,15.455136566888541
1764848214.3630705,1501.0032373662107,10.681154273450375,11.733936110977083,14.355605979915708
1764848214.3680704,1627.3295780695044,11.212220067158341,12.26874180464074,14.987649072427303
1764848214.3730705,1445.2114098272286,9.316090789623559,15.51871486613527,13.529088089708239
1764848214.3780704,1328.5751499091275,12.569803751073778,10.006102331448346,17.276467845309526
1764848214.3830705,1507.3648071908392,8.575590598396957,15.945063461083919,11.303847616072744
1764848214.3880703,1625.186615394894,10.83823007158935,14.389265079516917,13.955436684656888
1764848214.3930705,1445.170270927716,10.527818375267088,11.229049616958946,7.163778365124017
1764848214.3980703,1324.5622372566722,12.386548653244972,20.144971111323684,13.570226989220828
1764848214.4030704,1508.5877544763498,16.683693702332675,19.54284721845761,18.862185426522046
1764848214.4080703,1635.8939489680342,14.49585222825408,11.04205461917445,11.318807215895504
1764848214.4130704,1442.384045460727,8.979499793611467,10.903678320813924,10.316514027770609
1764848214.4180703,1323.2083934727125,15.030657921917737,14.131211982574314,13.143878394272178
1764848214.4230704,1508.6438529756851,13.620715638622642,16.72670255182311,11.988249307963997
1764848214.4280703,1640.7483391105197,11.24961906671524,14.912851073313504,12.384678703267127
1764848214.4330704,1443.4424371481873,12.715659849345684,8.809334345627576,9.624632535967976
1764848214.4380703,1325.8637224412523,9.574143886566162,16.423770655412227,15.013828372117132
1764848214.4430704,1509.5115097654052,11.530111563391984,15.48131586657837,15.305540568660945
1764848214.4480705,1637.4572271495126,9.293651389889419,15.11854557087645,11.760115410666913
1764848214.4530704,1438.1729181106202,12.438907252624631,13.300954192411155,8.349326651077718
1764848214.4580705,1329.4914253982715,13.927387434989214,12.822246998082846,14.052674083504826
1764848214.4630704,1513.2364501212724,10.138868779875338,17.639238141011447,18.970642525237054
1764848214.4680705,1630.5234526316635,10.568957274779677,20.67603690503165,11.143031917978078
1764848214.4730704,1434.691071251873,10.04911118093878,7.960377055685967,10.63066562404856
1764848214.4780705,1330.729332283605,13.070950345136225,17.639238141011447,13.128918794449419
1764848214.4830704,1519.8336336431094,13.381362041458488,16.831419750582427,12.380938803311437
1764848214.4880705,1635.3030447750352,11.114982668310404,12.171504405792803,12.904524797108024
1764848214.4930704,1431.5271158893593,8.620469397865236,5.9744901792146266,10.335213527549058
1764848214.4980705,1335.0264773326926,15.550504015758634,13.45802999055013,18.36851863237098
1764848214.5030704,1517.1783046745695,17.020284698344767,16.442470155190676,21.218322398606688
1764848214.5080705,1631.4546877206303,16.95670639909804,10.735382822807878,12.549234301317483
1764848214.5130703,1429.4514714139514,9.207633690908551,16.69678335217759,9.127225841861218
1764848214.5180705,1337.5396901029162,12.412727952934802,21.809226591605693,17.95712963724509
1764848214.5230703,1530.4474697173573,12.966233146376908,20.578799506183714,15.167164270300418
1764848214.5280704,1614.9991279155947,10.209926879033446,17.758914939593524,11.225309717003256
1764848214.5330703,1426.912079344038,11.889141959138215,11.217829917091876,12.018168507609516
1764848214.5380704,1355.4201517910697,14.548210827633739,11.88727200916037,13.09151979489252
1764848214.5430703,1531.4983816049062,10.404401676729321,16.128318558912724,8.708357046823949
1764848214.5480704,1603.5213749515824,12.311750654131174,16.801500550936908,12.481916102115065
1764848214.5530703,1412.2030528183095,6.537345122545958,7.43305116193369,8.547541348729283
1764848214.5580704,1359.8407135386951,14.806263924576342,16.210596357937902,15.638391664717346
1764848214.5630703,1546.0877313320525,11.560030763037503,11.105632918421179,15.728149263653904
1764848214.5680704,1588.4832372297533,9.005679093301296,15.208303169813007,12.519315101671964
1764848214.5730705,1412.726638812106,8.261439002119005,12.044347807299346,11.232789516914636
1764848214.5780704,1386.412702723872,11.174821067601442,14.407964579295367,14.602439376991242
1764848214.5830705,1552.812071452383,13.785271236672997,16.057260459754616,17.97582913702354
1764848214.5880704,1571.1263615353964,13.987225834280252,13.323393592145294,11.382385515142232
1764848214.5930705,1400.0932567617856,8.87478259485215,17.650457840878516,7.683624458964914
1764848214.5980704,1398.713233678136,12.05743745714426,16.509788354393095,16.431250455323607
1764848214.6030705,1561.686854047235,17.23719889577478,15.298060768749565,13.749742187093943
1764848214.6080704,1561.146438503638,17.74582528974861,12.212643305305392,12.605332800652832
1764848214.6130705,1396.6918177520856,11.799384360201657,11.46092341421172,13.07656019506976
1764848214.6180704,1408.508031662088,13.160707944072783,18.080546335782856,17.635498241055757
1764848214.6230705,1560.3666693628766,13.074690245091915,8.943970744032413,14.845532874111086
1764848214.6280704,1556.983929852955,10.86066947132349,15.152204670477659,9.598453236278147
1764848214.6330705,1385.4160193856806,11.571250462904572,7.649965359363705,9.42641783831641
1764848214.6380703,1410.6734337364323,12.696960349567235,20.537660606671125,15.956283160950989
1764848214.6430705,1571.6237682295032,11.732066160999238,20.71343590458855,11.348726415541023
1764848214.6480703,1556.6435989569873,10.557737574912608,10.855059621389955,11.431004214566201
1764848214.6530704,1385.5730951838195,9.566664086654782,2.4776837206445634,10.941077320370823
1764848214.6580703,1405.841482993681,12.135975356213748,18.31616003299132,17.94217003742233
1764848214.6630704,1570.625214941334,14.290157730691135,23.11819157609716,12.829726797994226
1764848214.6680703,1559.1455920273438,13.66933433804661,10.219276628922671,11.247749116737396
1764848214.6730704,1387.0653152661398,11.163601367734373,13.652504788246006,16.65190455270931
1764848214.6780703,1398.5299785803072,10.613836074247956,18.989342025015503,15.728149263653904
1764848214.6830704,1575.3075696858577,17.050203897990286,14.961469772737473,15.331719868350774
1764848214.6880703,1564.800320760347,11.208480167202652,7.522808760870248,12.399638303089887
1764848214.6930704,1381.7097785295919,11.451573664322495,3.696891106199473,6.6214928715489805
1764848214.6980705,1400.1456153611653,8.758845696225762,9.587233536411077,13.581446689087898
1764848214.7030704,1573.7031526048668,12.988672546111047,16.449949955102056,18.888364726211876
1764848214.7080705,1567.066700133495,9.906994982622564,9.344140039291233,10.417491326574236
1764848214.7130704,1383.0000440143049,9.64894188567996,23.14437087578699,14.030234683770686
1764848214.7180705,-1552.6269464045763,13.104609444737434,16.079699859488755,14.202270081732422
1764848214.7230704,-1368.440613486804,12.603462850674987,13.51038858992979,14.31072718044743
1764848214.7280705,-1371.8944110958837,15.221392819657922,16.042300859931856,11.632958812173456
1764848214.7330704,-1560.27691176394,9.865856083109975,14.232189281377941,13.128918794449419
1764848214.7380705,-1550.4091857308522,13.744132337160408,9.224463240709156,9.617152736056596
1764848214.7430704,-1362.2473391601816,12.536144651472569,22.078499388415366,17.829973038751632
1764848214.7480705,-1376.1017985460348,10.905548270791769,16.31905345665291,15.208303169813007
1764848214.7530704,-1571.5452303304337,12.416467852890491,13.289734492544085,15.12602537078783
1764848214.7580705,-1545.4725177893415,9.435767588205636,14.000315484125167,14.553820677567273
1764848214.7630703,-1355.7847920367494,15.498145416378975,13.88063868554309,16.808980350848287
1764848214.7680705,-1391.128716567997,9.555444386787713,15.298060768749565,6.505555972922593
1764848214.7730703,-1577.2859767624177,9.357229689136147,13.09151979489252,8.072574054356664
1764848214.7780704,-1532.7605978399515,10.606356274336576,10.118299330119044,14.048934183549136
1764848214.7830703,-1351.3305711895227,14.611789126880467,20.73587530432269,16.577106553595513
1764848214.7880704,-1388.4771274994127,5.497652934864163,13.529088089708239,8.869172744918615
1764848214.7930703,-1576.6277543702163,9.353489789180458,11.644178512040526,8.532581748906523
1764848214.7980704,-1537.712225381285,8.06322430446744,14.69593687588349,14.942770272959024
1764848214.8030703,-1347.287739337422,13.886248535476625,18.514374730642885,19.621385117527097
1764848214.8080704,-1388.6828219969757,10.516598675400019,12.197683705482632,9.531135037075728
1764848214.8130703,-1577.499151059892,9.705040385015309,11.214090017136186,9.134705641772598
1764848214.8180704,-1531.8705016504973,12.551104251295328,9.175844541285187,13.327133492100984
1764848214.8230705,-1350.795765495859,14.563170427456498,18.858445526566356,12.055567507166415
1764848214.8280704,-1386.9886473170482,8.86730279494077,11.920931108761579,11.606779512483627
1764848214.8330705,-1581.6317405109294,13.639415138401091,15.701969963964075,7.6649249591864645
1764848214.8380704,-1534.1854997230694,17.813143488951027,15.933843761216849,17.51582144247368
1764848214.8430705,-1344.9764811648056,15.68514041416347,12.478176202159375,11.685317411553115
1764848214.8480704,-1387.7179278084077,13.463639840483665,13.357052691746503,11.662878011818975
1764848214.8530705,-1578.8903938434087,11.002785669639707,7.657445159275085,12.156544805970043
1764848214.8580704,-1534.020944125019,8.82990379538387,12.541754501406103,15.11854557087645
1764848214.8630705,-1339.3254923317581,10.116429380141199,20.567579806316644,15.705709863919765
1764848214.8680704,-1385.7657000315376,10.367002677172422,17.624278541188687,10.982216219883412
1764848214.8730705,-1581.1866924162023,6.069857628084719,10.204317029099911,7.691104258876294
1764848214.8780704,-1528.4746724907309,11.814343960024416,13.603886088822037,14.759515175130218
1764848214.8830705,-1345.3766504600644,14.443493628874421,14.587479777168483,13.85071948589757
1764848214.8880703,-1392.5311790513806,12.218253155238926,6.714990370441228,12.504355501849204
1764848214.8930705,-1586.6394665515982,11.567510562948883,17.833712938707322,8.22964985249564
1764848214.8980703,-1536.7398513928056,14.376175429672003,15.219522869680077,15.10732587100938
1764848214.9030704,-1347.3887166362256,15.27749131899327,20.133751411456615,12.126625606324524
1764848214.9080703,-1387.8787435065024,10.913028070703149,8.528841848950833,11.793774510268122
1764848214.9130704,-1584.3356881788932,8.728926496580243,13.637545188423246,13.312173892278224
1764848214.9180703,-1535.7525178045034,8.280138501897454,16.3601923561655,15.07366677140817
1764848214.9230704,-1344.9278624653816,13.852589435875416,14.6921969759278,11.397345114964992
1764848214.9280703,-1389.1465695914812,10.718553273007274,16.27417465718463,11.169211217667907
1764848214.9330704,-1590.899212601129,12.128495556302369,7.100200065877289,10.2828549281694
1764848214.9380703,-1536.0853689005598,15.079276621341705,12.354759503621608,14.348126180004328
1764848214.9430704,-1335.8735646726564,13.448680240660906,19.95049631362781,14.576260077301413
1764848214.9480705,-1383.4170428593643,4.802031543105841,7.885579056572169,10.144478629808873
1764848214.9530704,-1591.2171040973626,11.421654464676976,13.192497093696147,13.143878394272178
1764848214.9580705,-1538.4938644720241,13.904948035255075,15.638391664717346,21.244501698296517
1764848214.9630704,-1336.2924334676936,8.407295100390911,12.69883029954508,12.638991900254041
1764848214.9680705,-1383.3646842599846,10.194967279210687,11.995729107875377,10.522208525333554
1764848214.9730704,-1589.3695935192518,12.551104251295328,12.126625606324524,12.590373200830072
1764848214.9780705,-1549.2086778450757,13.429980740882456,11.943370508495718,14.763255075085908
1764848214.9830704,-1334.9311098838225,12.734359349124134,16.494828754570335,15.544894165825099
1764848214.9880705,-1377.2200286327861,13.074690245091915,13.663724488113075,11.251489016693085
1764848214.9930704,-1591.4938566940837,9.196413991041481,14.030234683770686,9.153405141551048
1764848214.9980705,-1548.9319252483547,9.697560585103929,16.592066153418273,13.570226989220828
1764848215.0030704,-1336.4906481653452,14.357475929893553,8.24086955236271,16.902477849740535
1764848215.0080705,-1366.6099324584939,11.343116565607488,19.815859915222973,10.64188532391563
1764848215.0130703,-1589.44065161841,7.120769515633583,14.482762578409165,11.752635610755533
1764848215.0180705,-1560.8248071074486,12.528664851561189,15.821646762546152,11.726456311065704
1764848215.0230703,-1341.2627605088055,13.112089244648814,15.010088472161442,20.111312011722475
1764848215.0280704,-1357.2676623691805,9.708780284970999,7.900538656394929,6.584093871992081
1764848215.0330703,-1587.8437143373303,14.649188126437366,13.233635993208736,11.984509408008307
1764848215.0380704,-1572.470855569467,10.707333573140204,18.192743334453553,13.117699094582349
1764848215.0430703,-1347.4896939350292,16.997845298610628,17.265248145442456,12.010688707698137
1764848215.0480704,-1342.0219601998106,11.107502868399024,15.982462460640818,12.455736802425236
1764848215.0530703,-1580.586438473314,9.64146208576858,14.778214674908668,9.108526342082769
1764848215.0580704,-1597.6441221712157,11.833043459802866,13.921777585055679,9.822847233619541
1764848215.0630703,-1350.9865003935993,14.226579431444407,13.409411291126162,15.687010364141315
1764848215.0680704,-1315.5621680133045,9.828457083553076,9.44137743813917,12.178984205704182
1764848215.0730705,-1577.186869413592,12.670781049877405,16.457429755013436,15.017568272072822
1764848215.0780704,-1631.9801436644047,15.632781814783812,15.06618697149679,13.704863387625664
1764848215.0830705,-1354.6104634506628,9.832196983508766,14.370565579738468,13.9142977851443
1764848215.0880704,-1267.1042842874303,12.47630625218153,15.600992665160447,12.029388207476586
1764848215.0930705,-1580.3620444759727,8.773805296048522,15.548634065780789,12.582893400918692
1764848215.0980704,-1654.8010131940246,15.737499013543129,12.051827607210726,14.639838376548141
1764848215.1030705,-1345.62348385714,15.587903015315533,6.034328578505665,15.9151442614384
1764848215.1080704,-1271.6632223334163,12.225732955150306,15.215782969724387,7.294674863573164
1764848215.1130705,-1579.2587739890441,12.738099249079823,15.687010364141315,14.157391282264143
1764848215.1180704,-1653.6453841077164,9.461946887895465,7.085240466054529,11.700277011375874
1764848215.1230705,-1346.345284548588,14.144301632419229,20.34318580897525,15.189603670034558
1764848215.1280704,-1264.7257079156116,10.565217374823987,11.928410908672959,10.585786824580282
1764848215.1330705,-1582.3778505520895,14.140561732463539,17.57191994180903,9.321700639557093
1764848215.1380703,-1647.1678773844615,11.328156965784729,15.51497496617958,17.53452094225213
1764848215.1430705,-1344.9989205645397,10.516598675400019,16.132058458868414,16.63694495288655
1764848215.1480703,-1276.2184204794466,9.832196983508766,12.990542496088892,13.731042687315494
1764848215.1530704,-1581.4166962634772,9.443247388117015,17.13435164699331,10.944817220326513
1764848215.1580703,-1647.3399127824232,13.523478239774704,10.084640230517834,14.811873774509877
1764848215.1630704,-1340.2155885212123,14.394874929450452,14.785694474820048,15.713189663831145
1764848215.1680703,-1276.4465543767437,13.179407443851233,18.024447836447507,11.767595210578293
1764848215.1730704,-1585.508146815002,10.86066947132349,13.51038858992979,8.689657547045499
1764848215.1780703,-1645.1520713083446,9.465686787851155,11.947110408451408,14.153651382308453
1764848215.1830704,-1338.6897093392909,13.411281241104007,16.386371655855328,12.998022296000272
1764848215.1880703,-1286.2039533611387,11.795644460245967,9.273081940133125,10.64562522387132
1764848215.1930704,-1583.9934873329476,9.106656392104924,11.610519412439317,16.438730255234987
1764848215.1980705,-1646.883644987829,16.608895703218877,19.55032701836899,17.377445144113153
1764848215.2030704,-1339.1384973339736,12.87647554744035,15.264401669148356,13.540307789575309
1764848215.2080705,-1265.877597101964,8.45217389985919,11.644178512040526,10.608226224314421
1764848215.2130704,-1592.4381814328954,11.522631763480604,11.89849170902744,11.105632918421179
1764848215.2180705,-1656.6260843724012,13.108349344693124,10.439930726308376,15.170904170256108
1764848215.2230704,-1326.0899863885716,13.66933433804661,22.972335477825254,15.548634065780789
1764848215.2280705,-1272.1344497278333,9.364709489047527,9.86772603308782,13.659984588157386
1764848215.2330704,-1608.9722791370004,10.598876474425197,6.890765668358654,12.811027298215777
1764848215.2380705,-1644.5013287160546,11.429134264588356,15.937583661172539,16.35271255625412
1764848215.2430704,-1315.2741957167163,13.078430145047605,12.089226606767625,13.248595593031496
1764848215.2480705,-1284.0796901863068,9.847156583331525,12.863385897595435,9.86398613313213
1764848215.2530704,-1619.4365192130208,9.592843386344612,14.838053074199706,10.825140421744436
1764848215.2580705,-1632.9225984532386,11.197260467335582,23.335105773527175,12.897044997196645
1764848215.2630703,-1308.5685550961643,15.243832219392061,11.371165815275162,13.47672949032858
1764848215.2680705,-1299.9892245978117,11.189780667424202,15.731889163609594,10.24171602865681
1764848215.2730703,-1620.5884083993733,11.503932263702154,15.309280468616635,13.547787589486688
1764848215.2780704,-1621.8263152847067,8.227779902517796,15.47757596662268,12.014428607653826
1764848215.2830703,-1296.331602441147,10.176267779432237,15.425217367243022,11.47962291399017
1764848215.2880704,-1311.865276907105,15.860915712080896,14.015275083947927,11.584340112749487
1764848215.2930703,-1629.9774272381328,8.564370898529887,8.311927651520818,10.477329725865275
1764848215.2980704,-1594.854156804271,16.51539820432663,24.838545555714518,16.083439759444445
1764848215.3030703,-1300.9653384862468,15.139115020632744,12.848426297772676,14.886671773623675
1764848215.3080704,-1343.4225527332164,11.541331263259053,11.012135419528931,10.2828549281694
1764848215.3130703,-1628.346830857452,12.689480549655855,17.1006925473921,15.316760268528014
1764848215.3180704,-1572.1903630727902,14.51829162798822,17.018414748366922,13.974136184435338
1764848215.3230705,-1297.199259230867,13.501038840040565,11.273928416427225,12.822246998082846
1764848215.3280704,-1352.2487166286446,7.4648403115570545,12.971842996310443,11.232789516914636
1764848215.3330705,-1631.3761498215608,6.885155818425119,8.521362049039453,13.794620986562222
1764848215.3380704,-1562.6685777856037,9.959353582002223,14.157391282264143,14.29576758062467
1764848215.3430705,-1293.833349270746,13.878768735565245,14.206009981688112,16.577106553595513
1764848215.3480704,-1346.7099247942679,12.551104251295328,13.330873392056674,12.983062696177512
1764848215.3530705,-1634.4690470849164,9.906994982622564,12.975582896266133,11.431004214566201
1764848215.3580704,-1577.3289856119081,9.65642168559134,11.543201213236898,18.607872229535133
1764848215.3630705,-1277.9836532585323,15.999292010441422,12.923224296886474,12.328580203931779
1764848215.3680704,-1339.5218370794319,11.866702559404075,8.427864550147206,7.945417455863208
1764848215.3730705,-1657.7686238088645,13.085909944958985,14.879191973712295,12.059307407122105
1764848215.3780704,-1575.967662028037,16.90434779971838,17.96834933711216,13.263555192854255
1764848215.3830705,-1273.1591823156923,10.4866794757545,16.618245453108102,14.333166580181569
1764848215.3880703,-1332.8049767590128,8.968280093744397,13.746002287138253,13.525348189752549
1764848215.3930705,-1660.1658996804617,8.87478259485215,10.63440552400425,15.040007671806961
1764848215.3980703,-1598.1938874647021,11.627348962239921,12.212643305305392,9.84154673339799
1764848215.4030704,-1270.2831992497668,13.774051536805928,11.03457481926307,15.458876466844231
1764848215.4080703,-1342.9176662391983,9.877075782977045,16.853859150316566,11.128072318155318
1764848215.4130704,-1661.7590970615856,9.65268178563565,11.023355119396001,11.408564814832062
1764848215.4180703,-1574.0042145512998,12.86151594761759,15.283101168926805,17.55322044203058
1764848215.4230704,-1275.1375893922523,14.237799131311476,18.76494802767411,13.289734492544085
1764848215.4280703,-1360.7569890278392,11.496452463790774,12.152804906014353,13.132658694405109
1764848215.4330704,-1659.283283290919,11.002785669639707,16.075959959533066,10.26789532834664
1764848215.4380703,-1556.4154650596902,14.159261232241988,17.87485183821991,13.08030009502545
1764848215.4430704,-1270.425315448083,16.384501705877483,12.825986898038536,11.08693341864273
1764848215.4480705,-1390.6163502740674,10.43432087637484,17.12313194712624,8.715836846735328
1764848215.4530704,-1670.1102936626412,11.761985360644758,12.571673701051623,12.074267006944865
1764848215.4580705,-1546.3326947791502,14.293897630646825,13.06908039515838,13.787141186650842
1764848215.4630704,-1272.0633916286752,12.749318948946893,19.88317811442539,17.635498241055757
1764848215.4680705,-1384.879343742039,11.23465946689248,12.066787207033485,15.002608672250062
1764848215.4730704,-1664.721097826492,11.27579836640507,18.592912629712373,14.778214674908668
1764848215.4780705,-1536.3770810971037,9.697560585103929,12.033128107432276,14.527641377877444
1764848215.4830704,-1272.2616063263267,16.986625598743558,20.174890310969204,13.416891091037542
1764848215.4880705,-1391.4615676640533,9.574143886566162,11.43848401447758,5.8136744811199605
1764848215.4930704,-1659.6946722860448,10.05285108089447,15.93010386126116,15.574813365470618
1764848215.4980705,-1536.818389291875,12.539884551428258,21.038807200733572,16.161977658513933
1764848215.5030704,-1275.9641072824597,12.513705251738429,15.047487471718341,13.89559828536585
1764848215.5080705,-1380.7504941909574,9.936914182268083,17.355005744379014,10.619445924181491
1764848215.5130703,-1656.6915326216258,11.017745269462466,9.553574436809868,16.65190455270931
1764848215.5180705,-1549.8033219380304,10.131388979963958,17.04085414810106,13.319653692189604
1764848215.5230703,-1276.2483396790922,10.744732572697103,11.909711408894509,14.329426680225879
1764848215.5280704,-1373.12109828135,16.990365498699248,10.077160430606455,9.85276643326506
1764848215.5330703,-1649.4436065074988,9.23381299059838,6.931904567871243,14.924070773180574
1764848215.5380704,-1559.239089526236,15.479445916600525,16.25547515740618,12.579153500963002
1764848215.5430703,-1271.6594824334607,14.776344724930823,16.7304424517788,16.491088854614645
1764848215.5480704,-1347.1699324888177,10.621315874159336,11.741415910888463,7.1824778649024665
1764848215.5530703,-1652.9665922657587,11.455313564278185,16.876298550050706,8.409165050368756
1764848215.5580704,-1590.1680621597916,12.551104251295328,12.998022296000272,21.06124660046771
1764848215.5630703,-1274.1427760040388,10.991565969772637,19.744801816064864,17.48964214278385
1764848215.5680704,-1326.3424296355806,15.32237011846155,6.973043467383832,14.333166580181569
1764848215.5730705,-1656.6616134219803,13.138268544338644,13.271034992765635,11.288888016249985
1764848215.5780704,-1612.319489597343,9.196413991041481,21.842885691206902,10.099599830340594
1764848215.5830705,-1277.8938956595957,15.902054611593485,9.403978438582271,13.738522487226874
1764848215.5880704,-1301.771286926698,8.03704500477761,15.776767963077873,12.418337802868336
1764848215.5930705,-1658.9055533953942,6.933774517849088,14.733335875440389,8.540061548817903
1764848215.5980704,-1640.2789816660807,12.184594055637717,12.897044997196645,16.072220059577376
1764848215.6030705,-1273.645369309932,14.286417830735445,20.002854913007468,13.716083087492734
1764848215.6080704,-1281.616966065485,10.714813373051584,20.627418205607682,8.28574835183099
1764848215.6130705,-1657.110401416663,9.061777592636645,24.01202766550705,11.165471317712218
1764848215.6180704,-1650.3355726469308,13.190627143718302,14.093812983017415,16.502308554481715
1764848215.6230705,-1277.493726364337,11.586210062727332,6.322300875093788,16.917437449563295
1764848215.6280704,-1262.635103840381,11.032704869285226,15.10358597105369,13.256075392942876
1764848215.6330705,-1651.9025907283649,11.376775665208697,3.3976991097442806,13.364532491657883
1764848215.6380703,-1659.3487315401435,11.634828762151301,12.811027298215777,12.074267006944865
1764848215.6430705,-1281.6749345147982,13.325263542123139,15.728149263653904,15.705709863919765
1764848215.6480703,-1271.0386590408161,14.88480182364583,4.908618691843003,12.68387069972232
1764848215.6530704,-1645.4998820042238,11.70214696135372,5.215290488209575,10.903678320813924
1764848215.6580703,-1659.101898143068,11.825563659891486,16.958576349075884,14.800654074642807
1764848215.6630704,-1287.9168275408447,11.361816065385938,18.065586735960096,16.109619059134275
1764848215.6680703,-1286.8920949529856,10.288464778102934,10.555867624934763,10.67554442351684
1764848215.6730704,-1646.232902395539,10.924247770570219,13.611365888733417,12.160284705925733
1764848215.6780703,-1621.2597204414196,15.898314711637795,15.440176967065781,13.88811848545447
1764848215.6830704,-1288.9172507789917,15.27375141903758,22.478668683674186,13.544047689530998
1764848215.6880703,-1317.3909790916368,7.6667949091643095,14.550080777611583,14.826833374332637
1764848215.6930704,-1649.0939258616418,10.46424007602036,10.447410526219755,11.277668316382915
1764848215.6980705,-1602.0478543690406,10.404401676729321,13.615105788689107,12.30988070415333
1764848215.7030704,-1273.9539110562764,12.726879549212754,19.18381682271138,15.09610617114231
1764848215.7080705,-1335.0919255819172,9.978053081780672,14.946510172914714,10.29781452799216
1764848215.7130704,-1652.5832525203004,7.737853008322418,11.962070008274168,10.68302422342822
1764848215.7180705,-1598.1059998157434,12.266871854662895,14.924070773180574,14.486502478364855
1764848215.7230704,-1277.8377971602604,13.830150036141276,18.155344334896654,15.204563269857317
1764848215.7280705,-1325.5720102447085,11.27205846644938,9.418938038405031,9.748049234505743
1764848215.7330704,-1656.4633987243287,10.785871472209692,14.183570581953973,13.544047689530998
1764848215.7380705,-1608.7665846394375,12.521185051649809,12.762408598791808,12.766148498747498
1764848215.7430704,-1274.7972584962845,13.740392437204719,15.384078467730433,12.67265099985525
1764848215.7480705,-1314.9955731700175,12.513705251738429,12.380938803311437,7.926717956084758
1764848215.7530704,-1650.214025898371,9.570403986610472,16.70800305204466,13.315913792233914
1764848215.7580705,-1620.749224097468,12.835336647927761,18.35729893250391,19.329672920983285
1764848215.7630703,-1274.887016095221,11.870442459359765,10.67180452356115,13.06908039515838
1764848215.7680705,-1304.774426591117,11.223439767025411,15.9151442614384,12.193943805526942
1764848215.7730703,-1653.7931101559661,8.111843003891408,12.448257002513856,14.015275083947927
1764848215.7780704,-1621.9272925835103,15.124155420809984,13.929257384967059,17.254028445575386
1764848215.7830703,-1274.9655539942905,15.445786816999316,17.321346644777805,16.046040759887546
1764848215.7880704,-1311.0537186167203,9.544224686920643,14.351866079960018,10.462370126042515
1764848215.7930703,-1659.2197049916722,8.171681403182447,11.030834919307381,11.546941113192588
1764848215.7980704,-1610.666453816928,13.71421313751489,12.145325106102973,13.596406288910657
1764848215.8030703,-1279.5693708397448,8.942100794054568,12.822246998082846,16.7304424517788
1764848215.8080704,-1315.2573661669157,12.49126585200429,13.573966889176518,10.29781452799216
1764848215.8130703,-1652.9665922657587,10.553997674956918,9.43763753818348,12.104186206590384
1764848215.8180704,-1602.838843209669,12.730619449168444,18.26754133356735,15.50001536635682
1764848215.8230705,-1277.7143804617226,12.809157348237932,24.228941862937063,12.627772200386971
1764848215.8280704,-1324.6332953558303,7.1432089153677225,7.066540966276079,13.775921486783773
1764848215.8330705,-1659.197265591938,4.764632543548942,14.587479777168483,11.517021913547069
1764848215.8380704,-1604.5217981897295,7.980946505442262,26.110111540649086,15.739368963520974
1764848215.8430705,-1280.4071084298193,15.026918021962047,14.879191973712295,15.88148516183719
1764848215.8480704,-1317.4339879411273,14.88106192369014,9.235682940576226,13.117699094582349
1764848215.8530705,-1665.3232217193581,11.481492863968015,8.611119647976011,13.637545188423246
1764848215.8580704,-1605.3670155797154,17.77948438934982,25.051719853188843,16.049780659843236
1764848215.8630705,-1278.697974150069,10.800831072032452,14.164871082175523,13.600146188866347
1764848215.8680704,-1315.2648459668271,13.429980740882456,15.08114657131955,12.934443996753544
1764848215.8730705,-1658.4418058008887,11.926540958695114,10.537168125156313,10.727903022896498
1764848215.8780704,-1611.848262202926,15.427087317220867,9.523655237164348,11.655398211907595
1764848215.8830705,-1269.9353885538876,15.083016521297395,14.875452073756605,16.891258149873465
1764848215.8880703,-1315.567777863238,10.322123877704144,17.57191994180903,12.500615601893514
1764848215.8930705,-1658.7559573971666,5.770665631629527,8.158591753337532,8.345586751122028
1764848215.8980703,-1602.2030602172017,13.381362041458488,18.693889928516,16.32653325656429
1764848215.9030704,-1271.8651769310236,12.648341650143266,9.168364741373807,12.949403596576303
1764848215.9080703,-1328.9940187041648,8.998199293389916,9.635852235835046,9.101046542171389
1764848215.9130704,-1669.0369423753582,8.325017301365733,16.68556365231052,8.756975746247917
1764848215.9180703,-1593.7733257170767,18.55738358013332,24.445856060367078,12.998022296000272
1764848215.9230704,-1261.561752553098,7.977206605486572,26.510280835907906,11.569380512926728
1764848215.9280703,-1326.9445535284467,10.180007679387927,7.979076555464417,10.166918029543012
1764848215.9330704,-1670.9592509525828,11.358076165430248,8.031435154844075,8.315667551476508
1764848215.9380703,-1584.6217905255035,12.165894555859268,19.726102316286415,15.07740667136386
1764848215.9430704,-1263.0726721351966,14.858622523956,8.502662549261004,12.807287398260087
1764848215.9480705,-1332.8423757585697,10.157568279653788,16.113358959089965,11.614259312395006
1764848215.9530704,-1675.7687622956,7.442400911822915,12.960623296443373,10.342693327460438
1764848215.9580705,-1591.7649994408712,20.18424006085843,17.03711424814537,19.92805691389367
1764848215.9630704,-1255.0094478307292,15.71879951376468,14.067633683327585,12.934443996753544
1764848215.9680705,-1334.3719948404469,13.837629836052656,16.607025753241032,13.132658694405109
1764848215.9730704,-1672.668385232333,10.236106178723276,12.182724105659872,10.036021531093866
1764848215.9780705,-1595.1720483005047,13.089649844914675,17.583139641676098,18.611612129490823
1764848215.9830704,-1268.1177971754223,12.06117735709995,8.360546350944787,12.059307407122105
1764848215.9880705,-1319.0832838215865,15.352289318107069,12.885825297329575,13.237375893164426
1764848215.9930704,-1666.7967423019,9.409588288515806,10.424971126485616,9.213243540842086
1764848215.9980705,-1635.039381828159,10.598876474425197,13.233635993208736,11.128072318155318
1764848216.0030704,-1298.549363114871,11.593689862638712,8.042654854711145,10.866279321257025
1764848216.0080705,-1307.934642053675,12.921354346908629,14.393004979472607,8.794374745804816
1764848216.0130703,-1648.6544876168482,5.718307032249868,13.88437858549878,13.005502095911652
1764848216.0180705,-1647.8298396766186,12.513705251738429,5.245209687855095,19.47926891921088
1764848216.0230703,-1299.1103481082246,13.003632145933807,17.010934948455542,18.6564909289591
1764848216.0280704,-1291.6903865961358,7.457360511645675,8.188510952983052,8.27452865196392
1764848216.0330703,-1647.7849608771503,11.402954964898527,13.0989995948039,9.000069243367761
1764848216.0380704,-1647.956996275112,15.135375120677054,19.12771832337603,13.716083087492734
1764848216.0430703,-1301.9377124747261,8.702747196890414,14.198530181776732,13.413151191081852
1764848216.0480704,-1283.0848767980933,12.128495556302369,10.727903022896498,12.324840303976089
1764848216.0530703,-1644.7145030135289,11.6722277617082,14.056413983460516,10.959776820149273
1764848216.0580704,-1648.417003969662,11.956460158340633,20.062693312298506,11.947110408451408
1764848216.0630703,-1291.7577047953382,15.206433219835162,16.831419750582427,14.561300477478653
1764848216.0680704,-1275.347023789771,10.987826069816947,15.443916867021471,16.2479953574948
1764848216.0730705,-1643.783267924562,8.609249697998166,8.311927651520818,10.454890326131135
1764848216.0780704,-1642.9436603845097,14.982039222493768,16.981015748810023,16.468649454880506
1764848216.0830705,-1294.691656310577,9.443247388117015,18.854705626610667,14.613659076858312
1764848216.0880704,-1284.0591207365505,9.013158893212676,16.34523275634274,14.198530181776732
1764848216.0930705,-1642.1508015939035,10.325863777659833,17.373705244157463,10.223016528878361
1764848216.0980704,-1636.7260767081752,15.206433219835162,10.974736419972032,14.980169272515923
1764848216.1030705,-1286.405907958746,11.840523259714246,16.390111555811018,14.830573274288327
1764848216.1080704,-1282.8417833009735,10.83823007158935,9.44885723805055,10.477329725865275
1764848216.1130705,-1641.9207977466285,12.06865715701133,13.559007289353758,15.249442069325596
1764848216.1180704,-1638.2538258400746,11.062624068930745,14.737075775396079,13.207456693518907
1764848216.1230705,-1287.3726720972918,13.388841841369867,15.178383970167488,14.086333183106035
1764848216.1280704,-1282.1929106586613,9.738699484616518,13.390711791347712,13.278514792677015
1764848216.1330705,-1652.7721174680628,7.558337810449302,9.47877643769607,8.67469794722274
1764848216.1380703,-1637.115026303567,11.848003059625626,18.847225826699287,13.349572891835123
1764848216.1430705,-1279.4160349415615,11.69092726148665,13.626325488556176,14.565040377434343
1764848216.1480703,-1289.889624767471,8.945840694010258,9.273081940133125,12.874605597462505
1764848216.1530704,-1649.656780804973,4.0390919521451,16.25921505736187,13.08777989493683
1764848216.1580703,-1632.3616134598851,13.186887243762612,19.13519812328741,15.90766446152702
1764848216.1630704,-1278.626916050911,12.405248153023422,14.939030373003334,14.389265079516917
1764848216.1680703,-1281.6805443647318,11.945240458473563,11.258968816604465,10.619445924181491
1764848216.1730704,-1653.0077311652713,15.958153110928833,11.389865315053612,10.585786824580282
1764848216.1780703,-1645.4026446053758,15.872135411947966,16.924917249474674,12.829726797994226
1764848216.1830704,-1278.2117871558294,13.766571736894548,14.056413983460516,14.419184279162437
1764848216.1880703,-1272.84877061937,12.304270854219794,10.402531726751477,9.47503653774038
1764848216.1930704,-1651.599658831954,9.23755289055407,8.712096946779639,10.810180821921676
1764848216.1980705,-1659.0570193435997,15.883355111815035,8.61859944788739,13.185017293784767
1764848216.2030704,-1274.1502558039501,14.974559422582388,13.304694092366844,14.082593283150345
1764848216.2080705,-1250.9292169790715,13.067210445180535,17.179230446461588,13.413151191081852
1764848216.2130704,-1656.6223444724455,10.617575974203646,6.348480174783617,11.47588301403448
1764848216.2180705,-1685.9095010254532,8.571850698441267,18.529334330465645,13.712343187537044
1764848216.2230704,-1268.327231572941,13.770311636850238,10.114559430163354,15.413997667375952
1764848216.2280705,-1227.5473624560982,12.932574046775699,19.314713321160525,9.512435537297279
1764848216.2330704,-1665.8411978632212,11.63856866210699,13.573966889176518,12.773628298658878
1764848216.2380705,-1699.4254994653165,12.87273564748466,18.877145026344806,15.90766446152702
1764848216.2430704,-1259.26919388026,12.016298557631671,18.33111963281408,12.601592900697142
1764848216.2480705,-1217.550609874539,14.237799131311476,15.563593665603548,8.095013454090804
1764848216.2530704,-1674.2223136639223,12.412727952934802,10.926117720548064,6.7823085696436465
1764848216.2580705,-1709.3624136475846,15.28497111890465,15.51497496617958,11.023355119396001
1764848216.2630703,-1267.493233882822,12.47256635222584,21.55117349466309,13.757221987005323
1764848216.2680705,-1207.277104696259,9.035598292946815,10.25293572852388,12.70631009945646
1764848216.2730703,-1664.3564575808123,8.646648697555065,9.355359739158303,9.572273936588317
1764848216.2780704,-1729.1577041130513,10.972866469994187,16.33027315651998,14.041454383637756
1764848216.2830703,-1276.34557707794,12.195813755504787,10.64188532391563,16.76036165142432
1764848216.2880704,-1192.9084090664983,9.918214682489634,13.959176584612578,13.5066486899741
1764848216.2930703,-1658.608231348917,11.769465160556138,14.250888781156391,12.321100404020399
1764848216.2980704,-1737.1274309186265,9.080477092415094,8.914051544386894,13.536567889619619
1764848216.3030703,-1288.4703327342868,10.393181976862252,15.630911864805967,16.147018058691174
1764848216.3080704,-1190.6532493932173,6.85897651873529,12.930704096797854,12.010688707698137
1764848216.3130703,-1646.3750185938552,3.702500956133008,12.855906097684056,12.104186206590384
1764848216.3180704,-1728.3872847221792,18.404047681950033,17.11565214721486,17.018414748366922
1764848216.3230705,-1299.2001057071611,11.230919566936791,14.897891473490745,13.4692496904172
1764848216.3280704,-1214.3155964128673,11.182300867512822,9.42267793836072,13.155098094139248
1764848216.3330705,-1641.4944491516799,12.704440149478614,13.50290879001841,13.551527489442378
1764848216.3380704,-1707.9524713642895,12.49500575195998,15.728149263653904,15.11854557087645
1764848216.3430705,-1300.370694393292,13.441200440749526,9.901385132689029,14.153651382308453
1764848216.3480704,-1220.4976510396227,11.114982668310404,14.168610982131213,12.508095401804894
1764848216.3530705,-1642.3321867417544,11.137422068044543,20.115051911678165,17.48216234287247
1764848216.3580704,-1718.1586583433673,12.364109253510833,10.813920721877366,10.619445924181491
1764848216.3630705,-1317.2152037937194,9.63772218581289,11.165471317712218,14.752035375218838
1764848216.3680704,-1202.5797903519124,12.917614446952939,6.786048469599336,12.399638303089887
1764848216.3730705,-1628.924645400606,9.469426687806845,15.806687162723392,9.04120814288035
1764848216.3780704,-1736.8992970213294,15.629041914828122,17.88607153808698,12.803547498304397
1764848216.3830705,-1308.6396131953225,16.54157750401646,15.275621369015425,15.997422060463578
1764848216.3880703,-1193.8359042555094,10.4492804761976,17.87111193826422,15.268141569104046
1764848216.3930705,-1636.3446069126949,6.810357819311321,14.31446708040312,9.246902640443295
1764848216.3980703,-1722.152871496044,12.86899574752897,20.515221206936985,17.583139641676098
1764848216.4030704,-1294.3980741640553,16.1189688090235,21.281900697853416,12.100446306634694
1764848216.4080703,-1207.7745113903657,10.89058867096901,12.025648307520896,9.998622531536967
1764848216.4130704,-1641.2700551543385,13.762831836938858,12.579153500963002,10.129519029986113
1764848216.4180703,-1705.8917864887044,14.525771427899599,16.74914195155725,13.372012291569263
1764848216.4230704,-1277.9537340588868,12.771758348681033,17.014674848411232,13.11395919462666
1764848216.4280703,-1212.5802828334272,12.88395534735173,14.198530181776732,12.500615601893514
1764848216.4330704,-1650.1223983494565,10.224886478856206,9.224463240709156,14.378045379649848
1764848216.4380703,-1689.7428984800354,14.129342032596469,15.90766446152702,17.257768345531076
1764848216.4430704,-1272.4486013241112,14.177960732020438,18.435836831573397,12.26126200472936
1764848216.4480705,-1228.3888399461284,8.358676400966942,8.397945350501686,11.128072318155318
1764848216.4530704,-1654.4494625981897,8.497052699327469,11.318807215895504,12.414597902912647
1764848216.4580705,-1683.6767807519063,10.135128879919648,22.228095386642963,15.761808363255113
1764848216.4630704,-1262.4593285424635,14.716506325639784,17.347525944467634,10.136998829897493
1764848216.4680705,-1238.778282023035,12.637121950276196,7.511589061003178,16.936136949341744
1764848216.4730704,-1662.5650455020368,13.508518639951944,16.442470155190676,14.505201978143305
1764848216.4780705,-1668.9864537259564,15.071796821430326,12.190203905571252,13.312173892278224
1764848216.4830704,-1263.5588591294363,9.865856083109975,18.065586735960096,9.88268563291058
1764848216.4880705,-1254.1829299405217,11.380515565164387,12.515575201716274,10.496029225643724
1764848216.4930704,-1669.341744221747,10.45302037615329,12.897044997196645,10.451150426175445
1764848216.4980705,-1665.3194818194024,10.752212372608483,12.601592900697142,17.272727945353836
1764848216.5030704,-1253.9417063933797,15.255051919259131,23.96714886603877,18.847225826699287
1764848216.5080705,-1254.1642304407433,13.026071545667946,6.988003067206591,14.905371273402125
1764848216.5130703,-1673.3583967741579,9.432027688249946,9.198283941019326,11.625479012262076
1764848216.5180705,-1655.5471232351847,15.954413210973144,15.372858767863363,15.227002669591457
1764848216.5230703,-1254.8168429830112,12.135975356213748,10.469849925953895,13.10273949475959
1764848216.5280704,-1254.3830145881511,11.219699867069721,13.196236993651837,12.923224296886474
1764848216.5330703,-1677.1936641787179,10.385702176950872,11.214090017136186,13.289734492544085
1764848216.5380704,-1666.8995895506814,11.70214696135372,20.515221206936985,12.27622160455212
1764848216.5430703,-1251.370525173843,15.400908017531037,13.89185838541016,12.051827607210726
1764848216.5480704,-1255.6433608732186,6.799138119444251,10.193097329232842,10.795221222098917
1764848216.5530703,-1675.4583505992778,10.688634073361754,5.1330126891843975,6.610273171681911
1764848216.5580704,-1664.5359727786854,16.43686030525714,17.43728354340419,15.769288163166493
1764848216.5630703,-1252.2643612632528,18.183393584564328,17.388664843980223,15.361639067996293
1764848216.5680704,-1250.1700172880664,6.85149671882391,13.712343187537044,11.43848401447758
1764848216.5730705,-1675.2844452513382,7.188087714836001,12.27248170459643,10.320253927726299
1764848216.5780704,-1668.9845837759785,12.977452846243978,14.535121177788824,12.915744496975094
1764848216.5830705,-1247.5913562686183,15.632781814783812,14.774474774952978,14.123732182662934
1764848216.5880704,-1243.4288476179354,13.30656404234469,13.278514792677015,13.581446689087898
1764848216.5930705,-1679.1197126558982,14.428534029051661,10.877499021124095,12.100446306634694
1764848216.5980704,-1678.0033525191247,9.622762585990131,15.08862637123093,15.91140436148271
1764848216.6030705,-1251.1349114766344,14.854882624000311,10.952297020237893,11.819953809957951
1764848216.6080704,-1237.4917564382777,11.043924569152296,7.84444015705958,8.929011144209653
1764848216.6130705,-1681.9826060719788,8.03704500477761,12.912004597019404,9.605933036189526
1764848216.6180704,-1682.932540660724,13.530958039686084,20.223509010393173,17.04085414810106
1764848216.6230705,-1249.343499397859,10.83075027167797,14.29202768066898,13.573966889176518
1764848216.6280704,-1233.243230088614,9.974313181824982,8.356806450989097,8.607379748020321
1764848216.6330705,-1685.9506399249658,10.284724878147244,11.756375510711223,11.580600212793797
1764848216.6380703,-1691.5343105588108,11.724586361087859,17.86737203830853,14.325686780270189
1764848216.6430705,-1241.2428760938346,13.093389744870365,17.366225444246083,14.086333183106035
1764848216.6480703,-1224.9032531874254,10.344563277438283,6.5392150725238025,10.866279321257025
1764848216.6530704,-1693.594995434396,11.114982668310404,14.172350882086903,12.137845306191593
1764848216.6580703,-1686.8426060643978,12.652081550098956,11.711496711242944,18.34607923263684
1764848216.6630704,-1237.5422450876795,9.005679093301296,19.10901882359758,13.020461695734411
1764848216.6680703,-1232.2203674507327,10.84570987150073,10.574567124713212,14.905371273402125
1764848216.6730704,-1698.877604121808,11.227179666981101,23.10697187623009,10.129519029986113
1764848216.6780703,-1688.6433678930625,10.621315874159336,12.788587898481637,14.976429372560233
1764848216.6830704,-1220.819282435812,13.048510945402086,18.70510962838307,14.576260077301413
1764848216.6880703,-1235.208547515329,9.723739884793758,15.47383606666699,13.222416293341666
1764848216.6930704,-1708.1862151115201,13.729172737337649,11.124332418199629,15.9151442614384
1764848216.6980705,-1672.5318788839504,11.219699867069721,15.425217367243022,18.458276231307536
1764848216.7030704,-1213.3581820242107,9.64894188567996,13.267295092809945,12.231342805083841
1764848216.7080705,-1232.9085090425797,13.789011136628687,15.137245070654899,12.063047307077795
1764848216.7130704,-1711.7839988688938,15.771158113144338,13.89185838541016,5.514482484664768
1764848216.7180705,-1674.6037834594026,13.235505943186581,17.007195048499852,15.241962269414216
1764848216.7230704,-1207.9241073885933,13.205586743541062,13.360792591702193,10.484809525776654
1764848216.7280705,1698.3858072776347,14.643578276503831,17.28955749515444,12.562323951162398
1764848216.7330704,1221.7991362242028,9.733089634682983,13.594536338932812,10.797091172076762
1764848216.7380705,1264.4657848686911,15.716929563786834,16.44060020521283,17.412974193692207
1764848216.7430704,1743.150539797265,14.374305479694158,13.392581741325557,13.998445534147322
1764848216.7480705,1695.655680309981,11.09067331859842,10.000492481514812,11.720846461132169
1764848216.7530704,1218.4107868643478,13.443070390727371,14.436013828963041,13.441200440749526
1764848216.7580705,1268.3066621231847,12.418337802868336,17.64858789090067,14.716506325639784
1764848216.7630703,1747.4626444461755,10.140738729853183,20.17302036099136,17.147441296838224
1764848216.7680705,1696.6168345985934,13.001762195955962,7.921108106151223,9.585363586433232
1764848216.7730703,1214.319336312823,13.211196593474597,17.32321659475565,11.825563659891486
1764848216.7780704,1260.7071854132228,12.560454001184553,8.377375900745392,12.300530954264104
1764848216.7830703,1748.3153416360728,14.991388972382993,17.839322788640857,15.819776812568307
1764848216.7880704,1699.2534640673548,9.979923031758517,13.66933433804661,11.002785669639707
1764848216.7930703,1209.1470546741039,11.191650617402047,16.16010770853609,13.579576739110053
1764848216.7980704,1268.108447425533,11.131812218111008,14.196660231798887,11.795644460245967
1764848216.8030703,1744.4146259822883,11.90597150893882,15.565463615581393,17.222239295952022
1764848216.8080704,1698.5241835759953,8.334367051254958,8.968280093744397,11.073843768797815
1764848216.8130703,2186.8896695398726,7.904278556350619,14.585609827190638,12.86899574752897
1764848216.8180704,2245.4583727959543,12.369719103444368,14.245278931222856,12.87273564748466
1764848216.8230705,2729.0162173667923,15.099846071098,16.272304707206786,16.347102706320584
1764848216.8280704,2680.429307092447,8.469003449659795,9.398368588648736,11.945240458473563
1764848216.8330705,3161.487028542906,11.07197381881997,13.609495938755572,10.827010371722281
1764848216.8380704,3220.1305297981016,6.352220074739307,18.800477077253163,12.012558657675982
1764848216.8430705,2730.6767329471186,11.752635610755533,18.220792584121227,15.591642915271223
1764848216.8480704,2679.969299397897,11.07197381881997,13.639415138401091,11.474013064056635
1764848216.8530705,3163.7496680160984,12.605332800652832,14.641708326525986,13.216806443408132
1764848216.8580704,3217.8678903249092,11.386125415097922,17.409234293736517,13.426240840926766
1764848216.8630705,2734.7307844990864,14.778214674908668,18.411527481861413,13.811450536362827
1764848216.8680704,2668.727160131093,11.47962291399017,11.320677165873349,6.623362821526825
1764848216.8730705,3154.867405621335,9.190804141107947,13.762831836938858,15.513105016201735
1764848216.8780704,3222.3295909720473,14.991388972382993,15.464486316777766,14.694066925905645
1764848216.8830705,2732.6925390232354,11.670357811730355,11.197260467335582,11.732066160999238
1764848216.8880703,2677.6617811252363,13.196236993651837,15.015698322094977,16.03295111004263
1764848216.8930705,3154.7776480223984,12.571673701051623,13.68803383782506,15.438307017087936
1764848216.8980703,3222.224873773288,11.303847616072744,22.390781034715474,14.312597130425274
1764848216.9030704,2736.3838202795014,13.151358194183558,18.280630983412266,14.421054229140282
1764848216.9080703,2668.5401651333086,8.64477874757722,11.877922259271145,4.992766440846026
1764848216.9130704,3154.904804620892,11.333766815718263,12.973712946288288,8.126802603714168
1764848216.9180703,3229.5139387869276,11.251489016693085,17.27459789533168,11.754505560733378
1764848216.9230704,2739.8656671382487,14.411704479251057,8.167941503226757,11.167341267690063
1764848216.9280703,2669.41530172294,6.9431242677383125,9.084216992370784,10.984086169861257
1764848216.9330704,3152.9637965438887,13.630065388511866,9.914474782533944,13.437460540793836
1764848216.9380703,3229.8767090826295,13.944216984789819,14.798784124664962,16.09278950933367
1764848216.9430704,3717.589582504239,10.028541731182486,16.377021905966103,13.953566734679043
1764848216.9480705,3647.7039419822395,14.897891473490745,5.404155435971916,13.68803383782506
1764848216.9530704,4130.055668817367,12.205163505394012,16.12644860893488,12.86151594761759
1764848216.9580705,4207.671682547778,9.609672936145216,12.367849153466523,12.311750654131174
1764848216.9630704,3727.9640649813227,8.513882249128073,16.896867999807,12.999892245978117
1764848216.9680705,3655.838224385865,8.566240848507732,10.202447079122066,13.549657539464533
1764848216.9730704,4124.3261420852505,9.972443231847137,13.523478239774704,16.03295111004263
1764848216.9780705,4201.280193523504,9.400238538626581,11.328156965784729,15.240092319436371
1764848216.9830704,3722.182179649826,13.921777585055679,17.154921096749604,15.086756421253085
1764848216.9880705,3661.8033648151904,10.043501331005245,9.529265087097883,9.697560585103929
1764848216.9930704,4125.537869670894,12.332320103887469,12.8951750472188,10.920507870614529
1764848216.9980705,4185.000409016386,15.159684470389038,21.164093849249184,18.11607538536191
1764848217.0030704,3729.8452346590348,12.392158503178507,15.29245091881603,13.856329335831106
1764848217.0080705,3677.65680072736,8.483963049482554,17.34565599448979,11.384255465120077
1764848217.0130703,4125.096561476123,12.552974201273173,9.996752581559122,11.23839936684817
1764848217.0180705,4175.841394024901,14.082593283150345,13.205586743541062,12.685740649700165
1764848217.0230703,3727.9678048812784,11.217829917091876,15.27375141903758,14.361215829849243
1764848217.0280704,3690.020909980871,11.614259312395006,15.479445916600525,10.583916874602437
1764848217.0330703,4127.452698448207,11.43474411452189,10.84570987150073,9.132835691794753
1764848217.0380704,4167.4602782242,10.26041552843526,16.09652940928936,15.973112710751593
1764848217.0430703,3729.819055359345,10.443670626264066,15.842216212302446,13.68803383782506
1764848217.0480704,3689.583341686055,6.696290870662779,12.412727952934802,9.824717183597386
1764848217.0530703,4124.879647278693,12.137845306191593,15.427087317220867,9.966833381913602
1764848217.0580704,4163.062155876309,17.04085414810106,11.982639458030462,15.31489031855017
1764848217.0630703,3722.945119240787,15.51123506622389,11.597429762594402,17.068903397768736
1764848217.0680704,3697.0556617975235,8.801854545716196,14.45845322869718,10.692373973317444
1764848217.0730705,4117.340008968022,8.083793754223734,17.558830291964114,10.374482477083802
1764848217.0780704,4148.551344048232,11.677837611641735,5.826764130964875,12.121015756390989
1764848217.0830705,3731.1168006439693,14.389265079516917,13.156968044117093,18.213312784209847
1764848217.0880704,3699.6249730670825,13.529088089708239,13.400061541236937,9.031858392991126
1764848217.0930705,4123.761417191941,8.476483249571174,12.229472855105996,8.998199293389916
1764848217.0980704,4147.257338663563,14.6547979763709,14.4883724283427,18.007618286646903
1764848217.1030705,3728.042602880392,20.36562520870939,17.67850709054619,12.756798748858273
1764848217.1080704,3710.025634843856,9.396498638670892,12.394028453156352,12.595983050763607
1764848217.1130705,4121.0724291238,7.728503258433193,9.039338192902505,9.417068088427186
1764848217.1180704,4145.409828085452,13.832019986119121,15.999292010441422,14.144301632419229
1764848217.1230705,3715.8804482244886,12.571673701051623,15.206433219835162,16.55279720388353
1764848217.1280704,3713.9188706977293,12.64647170016542,10.980346269905567,12.573543651029468
1764848217.1330705,4133.2869423790835,11.771335110533983,14.357475929893553,14.368695629760623
1764848217.1380703,4127.355461049359,14.853012674022466,22.271104236133397,16.89312809985131
1764848217.1430705,3717.7373085524887,11.632958812173456,15.939453611150384,12.715659849345684
1764848217.1480703,3731.604857588187,9.153405141551048,13.66933433804661,11.29823776613921
1764848217.1530704,4130.063148617279,8.416644850280136,5.804324731230736,9.020638693124056
1764848217.1580703,4129.734037421178,11.341246615629643,21.36604844685644,11.088803368620574
1764848217.1630704,3717.228682158515,14.075113483238965,17.977699087001383,13.725432837381959
1764848217.1680703,3728.2314678281546,10.080900330562145,15.097976121120155,8.096883404068649
1764848217.1730704,4124.655253281351,10.29781452799216,12.955013446509838,12.84655634779483
1764848217.1780703,4125.6407169196755,11.87231240933761,19.982285463251173,14.46219312865287
1764848217.1830704,3719.205219285097,13.207456693518907,16.52287800423801,18.602262379601598
1764848217.1880703,3726.8832338941284,11.632958812173456,8.979499793611467,9.346009989269078
1764848217.1930704,4133.270112829283,8.981369743589312,13.27290494274348,16.309703706763685
1764848217.1980705,4119.933629587293,10.447410526219755,12.390288553200662,15.030657921917737
1764848217.2030704,3724.9758849167265,11.924671008717269,11.167341267690063,15.894574811682105
1764848217.2080705,3737.874799863901,14.325686780270189,8.627949197776616,12.659561350010335
1764848217.2130704,4127.177815801464,8.970150043722242,11.945240458473563,10.576437074691057
1764848217.2180705,4125.872590716928,11.580600212793797,19.481138869188726,15.68514041416347
1764848217.2230704,3728.973837969359,11.801254310179502,13.168187743984163,17.435413593426347
1764848217.2280705,3725.1086513651535,10.305294327903539,15.767418213188648,10.740992672741413
1764848217.2330704,4124.640293681528,12.863385897595435,12.91387454699725,11.870442459359765
1764848217.2380705,4128.40450298693,11.8386533097364,17.846802588552237,16.86320890020579
1764848217.2430704,3726.913153093774,12.029388207476586,11.773205060511827,17.973959187045693
1764848217.2480705,3735.604680590797,9.198283941019326,11.369295865297318,11.305717566050589
1764848217.2530704,4119.855091688223,12.377198903355747,12.89891494717449,8.616729497909546
1764848217.2580705,4116.496661528014,13.734782587271184,20.778884153813124,12.84655634779483
1764848217.2630703,3731.505750239361,10.933597520459443,12.966233146376908,12.925094246864319
1764848217.2680705,3746.727143059019,9.527395137120038,9.413328188471496,13.875028835609555
1764848217.2730703,4114.753868148662,11.999469007831067,13.28038474265486,12.09857635665685
1764848217.2780704,4110.314606901258,10.492289325688034,15.243832219392061,11.152381667867303
1764848217.2830703,3744.6365389837883,15.52619466604665,16.373282006010413,17.74208538979292
1764848217.2880704,3753.406604379881,10.499769125599414,13.624455538578331,8.362416300922632
1764848217.2930703,4108.590513021685,13.659984588157386,12.984932646155357,12.263131954707205
1764848217.2980704,4112.160247529391,9.87146593304351,7.565817610360682,11.758245460689068
1764848217.3030703,3744.8254039315507,15.163424370344728,20.647987655363977,16.03295111004263
1764848217.3080704,3756.3068967955187,12.68387069972232,5.288218537345529,8.111843003891408
1764848217.3130703,4104.171821224038,14.67349747614935,13.112089244648814,15.69262021407485
1764848217.3180704,4104.1961305737495,11.786294710356742,11.369295865297318,14.271458230912685
1764848217.3230705,3754.3303596689366,14.561300477478653,8.242739502340555,18.217052684165537
1764848217.3280704,3752.589436239563,12.063047307077795,15.845956112258136,9.499345887452364
1764848217.3330705,4103.0872502368875,12.983062696177512,15.28871101886034,10.83075027167797
1764848217.3380704,4108.268881625496,10.492289325688034,18.018837986513972,13.852589435875416
1764848217.3430705,3755.6355847534724,12.983062696177512,20.251558260060847,9.061777592636645
1764848217.3480704,3755.6954231527634,11.255228916648775,14.533251227810979,7.176868014968932
1764848217.3530705,4093.0400090059265,9.912604832556099,15.748718713410199,14.222839531488717
1764848217.3580704,4111.558123636525,15.410257767420262,16.197506708092988,18.620961879380047
1764848217.3630705,3762.9040803173557,11.88353210920468,9.806017683818936,14.09942283295095
1764848217.3680704,3752.250975293573,9.602193136233836,17.914120787754655,10.277245078235865
1764848217.3730705,4092.1386931166053,11.984509408008307,14.439753728918731,11.818083859980106
1764848217.3780704,4108.341809674632,13.648764888290316,13.598276238888502,9.985532881692052
1764848217.3830705,3773.1364465961233,15.455136566888541,16.721092701889575,19.451219669543207
1764848217.3880703,3761.5558463833295,9.88642553286627,9.809757583774626,13.142008444294333
1764848217.3930705,4080.526303754188,11.767595210578293,10.4866794757545,9.892035382799804
1764848217.3980703,4102.960093638394,10.843839921522886,27.37606767565012,17.65232779085636
1764848217.4030704,3781.6596785951406,14.075113483238965,12.547364351339638,18.91267407592386
1764848217.4080703,3764.529066848103,8.345586751122028,20.618068455718458,8.05200460460037
1764848217.4130704,4074.680840123445,9.736829534638673,6.42888802383095,11.64230856206268
1764848217.4180703,4099.03319868492,15.52993456600234,17.72712578997016,17.23719889577478
1764848217.4230704,3786.9665966322646,10.2454559286125,11.264578666538,14.929680623114109
1764848217.4280703,3756.9595093377866,13.009241995867342,11.070103868842125,9.716260084882379
1764848217.4330704,4074.8528755214065,5.04325509024784,11.799384360201657,13.68803383782506
1764848217.4380703,4112.1078889300115,11.8760523092933,17.805663689039648,10.576437074691057
1764848217.4430704,3787.273268428631,10.114559430163354,16.788410901091993,17.207279696129262
1764848217.4480705,3756.5518602426164,12.983062696177512,8.227779902517796,7.1020700158551335
1764848217.4530704,4067.818123704754,7.86313965683803,15.561723715625703,13.852589435875416
1764848217.4580705,4115.440139790531,10.922377820592374,16.10026930924505,12.824116948060691
1764848217.4630704,3796.585619318299,14.112512482795864,11.23839936684817,15.27001151908189
1764848217.4680705,3743.484649797436,9.594713336322457,19.967325863428414,12.700700249522924
1764848217.4730704,4065.9519136268646,7.900538656394929,11.825563659891486,10.785871472209692
1764848217.4780705,4112.493098625448,18.144124635029584,15.251312019303441,15.737499013543129
1764848217.4830704,3792.049120672047,14.31820698035881,14.540731027722359,15.991812210530043
1764848217.4880705,3760.486234996002,10.548387825023383,10.87188917119056,13.437460540793836
1764848217.4930704,4051.8188316943124,13.372012291569263,20.367495158687234,9.080477092415094
1764848217.4980705,4087.802279117983,11.128072318155318,11.545071163214743,16.57149670366198
1764848217.5030704,3800.1123449765146,16.434990355279297,19.634474767372012,15.827256612479687
1764848217.5080705,3771.526419665199,12.69883029954508,4.0465717520564795,11.193520567379892
1764848217.5130703,4058.056984820403,9.792928033974022,15.419607517309487,10.43058097641915
1764848217.5180705,4093.2924522529356,9.84528663335368,14.10690263286233,13.923647535033524
1764848217.5230703,3801.7990398565307,11.330026915762573,15.026918021962047,14.959599822759628
1764848217.5280704,3760.089805600699,5.783755281474441,7.528418610803783,8.84112349525094
1764848217.5330703,4054.320824764669,12.919484396930784,12.177114255726337,10.86066947132349
1764848217.5380704,4106.621455695014,14.344386280048639,20.685386654920876,15.228872619569302
1764848217.5430703,3796.368705120869,15.200823369901627,14.06202383339405,12.46134665235877
1764848217.5480704,3756.787473939825,7.275975363794714,9.779838384129107,9.368449389003217
1764848217.5530703,4052.536892485805,11.87231240933761,12.315490554086864,13.059730645269156
1764848217.5580704,4103.431321032811,15.855305862147361,18.52372448053211,10.47919967584312
1764848217.5630703,3810.65886285156,13.89933818532154,15.363509017974138,17.072643297724426
1764848217.5680704,3747.886512045283,12.915744496975094,7.741592908278108,11.339376665651798
1764848217.5730705,4046.7176081547514,10.27163522830233,14.626748726703227,10.299684477970004
1764848217.5780704,4114.441586502362,11.696537111420184,23.68104651942849,12.308010754175484
1764848217.5830705,3806.7244880981743,14.576260077301413,12.741839149035513,14.05080413352698
1764848217.5880704,3743.383672498632,8.947710643988103,9.450727188028395,8.87852249480784
1764848217.5930705,4041.3732911180705,15.51123506622389,11.795644460245967,14.533251227810979
1764848217.5980704,4120.025257136207,8.611119647976011,12.375328953377903,18.53494418039918
1764848217.6030705,3813.9686743123457,14.378045379649848,16.42938050534576,14.854882624000311
1764848217.6080704,3733.5963543145917,9.08608694234863,9.443247388117015,12.569803751073778
1764848217.6130705,4040.187742832117,14.819353574421257,13.542177739553154,9.604063086211681
1764848217.6180704,4124.961925077718,9.987402831669897,18.284370883367956,11.537591363303363
1764848217.6230705,3818.3518370604143,11.285148116294295,14.349996129982173,12.225732955150306
1764848217.6280704,3739.841987240594,13.49542899010703,13.863809135742486,10.931727570481598
1764848217.6330705,4035.419370388612,10.223016528878361,16.743532101623714,11.062624068930745
1764848217.6380703,4125.8819404668175,11.03831471921876,12.379068853333592,16.010511710308492
1764848217.6430705,3824.67226798553,8.932751044165343,22.050450138747692,11.945240458473563
1764848217.6480703,3734.0339226094075,10.170657929498702,7.771512107923627,8.295098101720214
1764848217.6530704,4031.17832383886,9.344140039291233,14.89228162355721,9.424547888338566
1764848217.6580703,4125.100301376078,14.030234683770686,13.811450536362827,13.744132337160408
1764848217.6630704,3825.6670813737437,17.699076540302485,12.50622545182705,17.76826468948275
1764848217.6680703,3739.875646340195,14.329426680225879,11.316937265917659,8.04826470464468
1764848217.6730704,4019.128366181627,13.170057693962008,9.68634088523686,14.181700631976128
1764848217.6780703,4128.316615337972,12.25752210477367,12.801677548326552,14.308857230469584
1764848217.6830704,3831.116115609184,15.993682160507888,11.103762968443334,15.202693319879472
1764848217.6880703,3739.0640880498104,9.284301640000194,14.207879931665957,16.14888800866902
1764848217.6930704,4015.9868502188474,10.944817220326513,13.770311636850238,16.795890701003373
1764848217.6980705,4120.859254826326,10.903678320813924,15.752458613365889,11.429134264588356
1764848217.7030704,3841.569135985337,12.055567507166415,21.859715241007507,16.597676003351808
1764848217.7080705,3735.6981780896895,9.691950735170394,5.785625231452286,11.410434764809906
1764848217.7130704,4013.2455035513267,11.797514410223812,16.668734102509916,13.811450536362827
1764848217.7180705,4129.412406024989,12.178984205704182,16.261085007339716,17.30825699493289
1764848217.7230704,3841.6476738844067,12.825986898038536,16.668734102509916,12.154674855992198
1764848217.7280705,3739.0491284499876,10.226756428834051,11.526371663436294,9.570403986610472
1764848217.7330704,1068.3678705920465,11.567510562948883,10.481069625820965,8.349326651077718
1764848217.7380705,1178.438736137934,10.924247770570219,18.73502882802859,11.662878011818975
1764848217.7430704,907.2230613012798,13.770311636850238,17.190450146328658,18.34607923263684
1764848217.7480705,796.0863242680207,14.196660231798887,13.555267389398068,13.90307808527723
1764848217.7530704,1067.5376128018834,7.823870707303286,11.232789516914636,14.078853383194655
1764848217.7580705,1183.8765506735072,17.521431292407215,14.557560577522963,14.31820698035881
1764848217.7630703,908.4572282866575,14.536991127766669,17.433543643448502,17.84493263857439
1764848217.7680705,799.568171126768,9.944393982179463,9.916344732511789,12.466956502292305
1764848217.7730703,1060.0578128905036,10.617575974203646,25.066679453011602,8.820554045494646
1764848217.7780704,1185.3725106557831,11.717106561176479,11.700277011375874,14.867972273845226
1764848217.7830703,913.9474014216103,15.453266616910696,10.372612527105957,12.089226606767625
1764848217.7880704,797.7244004486129,8.07070410437882,14.561300477478653,11.89475180907175
1764848217.7930703,1056.7816605293192,13.037291245535016,10.896198520902544,13.0989995948039
1764848217.7980704,1176.8081397572532,11.877922259271145,15.780507863033563,17.418584043625742
1764848217.8030703,922.6277092187665,12.117275856435299,10.110819530207664,12.29492110433057
1764848217.8080704,795.9554277695715,13.385101941414177,17.94217003742233,7.694844158831984
1764848217.8130703,1048.366885629017,10.359522877261043,10.798961122054607,8.121192753780633
1764848217.8180704,1189.9464083015919,15.980592510662973,15.967502860818058,16.33401305647567
1764848217.8230705,923.8169974046759,11.799384360201657,17.55322044203058,16.3601923561655
1764848217.8280704,793.3412377005443,9.106656392104924,7.496629461180419,10.039761431049556
1764848217.8330705,1049.765608212445,9.058037692680955,25.264894150663167,12.392158503178507
1764848217.8380704,1179.1829762291163,15.071796821430326,17.422323943581432,15.227002669591457
1764848217.8430705,930.1860470292158,9.749919184483588,12.799807598348707,15.92262406134978
1764848217.8480704,800.4096486167982,6.9823932172730565,9.86398613313213,9.08234704239294
1764848217.8530705,1045.2029302665032,13.643155038356781,15.829126562457532,7.492889561224729
1764848217.8580704,1184.9611216606572,13.489819140173495,16.67060405248776,13.989095784258097
1764848217.8630705,931.9438000083901,13.186887243762612,13.009241995867342,10.765302022453398
1764848217.8680704,808.1886405246332,7.360123112797737,17.003455148544163,11.45718351425603
1764848217.8730705,1033.796235401649,11.152381667867303,6.486856473144144,9.157145041506737
1764848217.8780704,1175.472995473072,18.415267381817102,17.46720274304971,16.838899550493807
1764848217.8830705,935.6276014647447,12.334190053865314,18.162824134808034,15.447656766977161
1764848217.8880703,802.8854623874649,10.344563277438283,10.084640230517834,12.238822604995221
1764848217.8930705,1032.6892250147648,8.02582530491054,13.91055788518861,11.737676010932773
1764848217.8980703,1171.527401019819,8.87852249480784,14.486502478364855,12.67639089981094
1764848217.9030704,939.4198600198142,12.281831454485655,12.713789899367839,12.115405906457454
1764848217.9080703,806.5842234436423,8.538191598840058,14.479022678453475,11.326287015806884
1764848217.9130704,1029.117620557081,9.413328188471496,15.219522869680077,14.30698728049174
1764848217.9180703,1175.8881243681535,13.934867234900594,16.924917249474674,13.147618294227868
1764848217.9230704,949.3305949023925,11.548811063170433,16.984755648765713,12.149065006058663
1764848217.9280703,806.7412992417812,11.032704869285226,12.956883396487683,11.640438612084836
1764848217.9330704,1024.027616717387,6.197014226578176,12.781108098570257,10.619445924181491
1764848217.9380703,1180.996827707626,12.150934956036508,14.830573274288327,14.755775275174528
1764848217.9430704,956.6607988155447,9.809757583774626,14.26584838097915,13.45429009059444
1764848217.9480705,802.2122803954408,9.824717183597386,14.2845478807576,10.122039230074733
1764848217.9530704,1020.5495097585954,9.835936883464456,15.847826062235981,10.050981130916625
1764848217.9580705,1187.1489631347358,18.273151183500886,13.944216984789819,15.552373965736479
1764848217.9630704,949.2707565031014,12.932574046775699,13.843239685986191,13.671204288024455
1764848217.9680705,805.6791676543653,12.435167352668941,13.214936493430287,12.190203905571252
1764848217.9730704,1013.9074474372901,11.571250462904572,11.692797211464494,13.947956884745508
1764848217.9780705,1177.7318950463086,13.796490936540067,14.464063078630716,14.090073083061725
1764848217.9830704,957.7042309031822,15.490665616467595,15.87026546197012,13.147618294227868
1764848217.9880705,798.1544889435172,12.749318948946893,15.11480567092076,9.85650633322075
1764848217.9930704,1013.8476090379991,10.202447079122066,13.90681798523292,12.624032300431281
1764848217.9980705,1174.7063159821555,16.08904960937798,15.342939568217844,14.479022678453475
1764848218.0030704,962.2781285489909,10.43432087637484,13.817060386296362,14.991388972382993
1764848218.0080705,803.6745812781155,9.331050389446318,11.281408216338605,8.607379748020321
1764848218.0130703,1007.6692943111993,10.726033072918653,11.546941113192588,14.168610982131213
1764848218.0180705,1179.9496557200328,13.28786454256624,14.232189281377941,20.70221620472148
1764848218.0230703,961.5114490580745,10.84196997154504,9.85650633322075,15.458876466844231
1764848218.0280704,808.106362725608,10.4866794757545,10.540908025112003,10.361392827238888
1764848218.0330703,1011.2857775683515,13.396321641281247,9.8752058329992,10.963516720104963
1764848218.0380704,1172.5483937077224,15.169034220278263,15.380338567774743,14.090073083061725
1764848218.0430703,964.7315029199235,9.69008078519255,15.036267771851271,14.134951882530004
1764848218.0480704,803.270672082901,6.092297027818859,13.401931491214782,15.582293165381998
1764848218.0530703,996.131702947896,6.406448624096811,8.973889943677932,7.743462858255953
1764848218.0580704,1174.0331339901313,10.681154273450375,14.70341667579487,11.90223160898313
1764848218.0630703,962.6708180443384,13.351442841812968,14.70341667579487,17.362485544290394
1764848218.0680704,804.994765962474,9.26747209019959,14.587479777168483,11.187910717446357
1764848218.0730705,998.7234536171891,11.27205846644938,13.547787589486688,17.246548645664006
1764848218.0780704,1172.3165199104697,14.271458230912685,6.965563667472452,15.137245070654899
1764848218.0830705,962.8353736423887,8.612989597953856,12.126625606324524,12.567933801095933
1764848218.0880704,802.5339117916301,13.216806443408132,10.103339730296284,12.732489399146289
1764848218.0930705,1000.9337344910018,14.836183124221861,20.462862607557327,15.148464770521969
1764848218.0980704,1172.9336034031585,7.554597910493612,10.065940730739385,16.105879159178585
1764848218.1030705,966.5266548986547,11.64230856206268,17.770134639460593,14.804393974598497
1764848218.1080704,812.5493638729677,10.658714873716235,16.33027315651998,9.538614836987108
1764848218.1130705,993.7456467761658,9.884555582888424,10.069680630695075,12.743709099013358
1764848218.1180704,1164.0550809083506,14.312597130425274,18.74250862793997,16.378891855943948
1764848218.1230705,965.5355814103968,16.605155803263187,18.521854530554265,14.576260077301413
1764848218.1280704,816.4276401270181,10.931727570481598,13.828280086163431,10.323993827681988
1764848218.1330705,998.6598753179424,14.271458230912685,13.790881086606532,12.235082705039531
1764848218.1380703,1148.347501094453,19.922447063960135,19.46804921934381,15.87400536192581
1764848218.1430705,972.9368434227072,12.311750654131174,16.943616749253124,14.426664079073817
1764848218.1480703,829.8501410679892,7.850050006993115,11.920931108761579,12.171504405792803
1764848218.1530704,992.3731034924276,14.682847226038575,9.729349734727293,12.65769140003249
1764848218.1580703,1144.2672702427953,13.362662541680038,13.383231991436332,17.639238141011447
1764848218.1630704,968.9575898698531,12.827856848016381,16.599545953329653,15.971242760773748
1764848218.1680703,840.4265781426802,11.68344746157527,14.030234683770686,14.467802978586406
1764848218.1730704,988.4013297394849,9.936914182268083,14.250888781156391,10.309034227859229
1764848218.1780703,1135.6879397444427,12.996152346022427,16.221816057804972,14.067633683327585
1764848218.1830704,972.8657853235491,13.366402441635728,13.49916889006272,18.27876103343442
1764848218.1880703,842.2666089208797,9.929434382356703,11.030834919307381,11.988249307963997
1764848218.1930704,992.0028533968143,11.399215064942837,17.92721043759957,10.110819530207664
1764848218.1980705,1133.683353368193,14.200400131754577,15.731889163609594,15.51123506622389
1764848218.2030704,972.312280130107,12.270611754618585,13.88437858549878,10.024801831226796
1764848218.2080705,849.6267320336774,9.188934191130102,11.569380512926728,14.146171582397074
1764848218.2130704,985.3907102751546,8.762585596181452,14.976429372560233,10.26041552843526
1764848218.2180705,1130.9345269007608,9.925694482401013,18.469495931174606,16.29287415696308
1764848218.2230704,978.378397858236,10.348303177393973,13.813320486340672,14.71089647570625
1764848218.2280705,847.2294561620802,11.141161968000233,9.224463240709156,11.804994210135192
1764848218.2330704,986.3294251640327,11.70588686130941,9.48251633765176,10.073420530650765
1764848218.2380705,1131.5927492929623,19.024871074594557,17.392404743935913,15.140984970610589
1764848218.2430704,990.4246156155132,12.921354346908629,17.800053839106113,13.749742187093943
1764848218.2480705,853.7518416848034,13.396321641281247,13.970396284479648,8.551281248684973
1764848218.2530704,975.8427456882782,10.613836074247956,10.462370126042515,9.725609834771603
1764848218.2580705,1129.9284938126802,11.354336265474558,16.423770655412227,18.963162725325674
1764848218.2630703,989.7888326230459,13.31030394230038,16.71922275191173,13.192497093696147
1764848218.2680705,855.1169051686302,11.589949962683022,13.035421295557171,9.48625623760745
1764848218.2730703,977.8323724647053,8.115582903847098,16.004901860374957,10.851319721434265
1764848218.2780704,1120.0439382297918,7.221746814437211,12.27622160455212,10.63066562404856
1764848218.2830703,996.2775590461679,15.363509017974138,10.825140421744436,11.352466315496713
1764848218.2880704,844.2936346968636,11.051404369063675,14.576260077301413,11.696537111420184
1764848218.2930703,974.627278202679,10.209926879033446,14.389265079516917,13.592666388954967
1764848218.2980704,1128.9224607245997,10.378222377039492,12.201423605438322,11.950850308407098
1764848218.3030703,978.812226253096,10.965386670082808,14.351866079960018,14.823093474376947
1764848218.3080704,863.6251775678247,13.418761041015387,11.771335110533983,8.966410143766552
1764848218.3130703,967.5102485870011,11.945240458473563,12.998022296000272,11.662878011818975
1764848218.3180704,1124.0381513824686,14.529511327855289,21.315559797454625,14.643578276503831
1764848218.3230705,1005.5113720367663,11.896621759049594,9.84528663335368,12.523055001627654
1764848218.3280704,857.4992214404047,11.462793364189565,14.65853787632659,16.30783375678584
1764848218.3330705,964.2378361257724,11.118722568266094,15.49627546640113,10.185617529321462
1764848218.3380704,1109.463761255145,12.251912254840136,10.466110025998205,13.024201595690101
1764848218.3430705,1014.1542808343656,13.037291245535016,13.929257384967059,17.665417440701276
1764848218.3480704,878.6221763901412,6.930034617893398,11.307587516028434,12.624032300431281
1764848218.3530705,959.2974282843061,10.654974973760545,10.899938420858234,11.337506715673953
1764848218.3580704,1103.8613911215216,11.313197365961969,16.70800305204466,13.89933818532154
1764848218.3630705,1012.3105101562105,16.171327408403158,13.49168909015134,13.992835684213787
1764848218.3680704,873.3339578527957,15.101716021075845,13.140138494316489,14.486502478364855
1764848218.3730705,958.4073320948519,13.31030394230038,11.984509408008307,12.425817602779716
1764848218.3780704,1099.1079782778397,13.400061541236937,16.655644452665,11.932150808628649
1764848218.3830705,1019.2480245740153,13.25794534292072,16.36393225612119,14.374305479694158
1764848218.3880703,876.4717339156196,7.23670641425997,11.554420913103968,10.331473627593368
1764848218.3930705,955.4041924304329,11.462793364189565,13.985355884302408,13.46176989050582
1764848218.3980703,1106.920629285276,13.25046554300934,18.106725635472685,14.785694474820048
1764848218.4030704,1013.8663085377775,7.7079338086768985,21.360438596922904,13.031681395601481
1764848218.4080703,879.179421483539,9.570403986610472,13.07656019506976,10.2828549281694
1764848218.4130704,946.0245233415626,12.360369353555143,10.600746424403042,11.947110408451408
1764848218.4180703,1098.5918720839545,11.627348962239921,14.819353574421257,13.061600595247
1764848218.4230704,1023.5750888227485,18.688280078582466,9.000069243367761,17.90103113790974
1764848218.4280703,874.4372283397242,10.606356274336576,16.977275848854333,13.05786069529131
1764848218.4330704,949.0501024057157,13.429980740882456,7.930457856040448,8.719576746691018
1764848218.4380703,1109.5796981537715,15.27375141903758,15.544894165825099,14.400484779383987
1764848218.4430704,1029.1550195566379,14.985779122449458,16.842639450449497,15.91140436148271
1764848218.4480705,877.5189059032127,9.510565587319434,16.191896858159453,11.333766815718263
1764848218.4530704,941.4057468962856,10.800831072032452,14.617398976814002,8.738276246469468
1764848218.4580705,1111.0831379359588,15.572943415492773,9.688210835214704,13.985355884302408
1764848218.4630704,1028.2948425668292,10.703593673184514,20.021554412785918,11.965809908229858
1764848218.4680705,872.4476015632972,12.711919949389994,14.30698728049174,10.309034227859229
1764848218.4730704,936.8804679499008,5.486433234997094,11.50580221368,12.422077702824026
1764848218.4780705,1110.2678397456184,14.821223524399102,18.78364752745256,15.376598667819053
1764848218.4830704,1039.7164970315062,15.976852610707283,17.826233138795942,18.25258173374459
1764848218.4880705,866.4974207337946,9.469426687806845,7.4255713620223105,12.414597902912647
1764848218.4930704,933.9857853841968,7.969726805575192,12.945663696620613,12.481916102115065
1764848218.4980705,1121.3005446149036,11.346856465563178,18.390958032105118,16.969796048942953
1764848218.5030704,1033.9607909996994,11.776944960467517,14.153651382308453,12.67265099985525
1764848218.5080705,865.6409836439416,8.88600229471922,10.787741422187537,10.798961122054607
1764848218.5130703,929.6587211354636,12.09109655674547,8.64477874757722,10.597006524447352
1764848218.5180705,1112.4968201192096,14.249018831178546,17.635498241055757,17.631758341100067
1764848218.5230703,1044.8214604710229,13.646894938312471,19.45682951947674,14.426664079073817
1764848218.5280704,860.7304950021207,13.512258539907634,21.648410893511027,11.04579451913014
1764848218.5330703,927.4895791611634,11.305717566050589,4.411211997736245,8.390465550590307
1764848218.5380704,1121.0050925184041,13.444940340705216,16.33027315651998,19.748541716020554
1764848218.5430703,1045.554480862338,12.180854155682027,17.05207384796813,16.173197358381003
1764848218.5480704,864.1899024611339,13.983485934324563,15.698230064008385,10.327733727637678
1764848218.5530703,925.0025456906296,6.04741822835058,8.588680248241872,12.900784897152334
1764848218.5580704,1115.9711871780455,12.928834146820009,17.302647144999355,14.725856075529009
1764848218.5630703,1043.239482789766,12.319230454042554,6.808487869333476,12.063047307077795
1764848218.5680704,859.75064121373,11.3019776660949,9.579753736499697,15.956283160950989
1764848218.5730705,923.0054391142912,7.25540591403842,10.67928432347253,14.602439376991242
1764848218.5780704,1119.209940539673,12.394028453156352,16.921177349518985,15.223262769635767
1764848218.5830705,1051.3962045931257,9.869595983065665,15.137245070654899,10.739122722763568
1764848218.5880704,864.6798293553293,10.314644077792764,12.567933801095933,13.132658694405109
1764848218.5930705,914.6991213127039,11.096283168531954,14.856752573978156,10.383832226973027
1764848218.5980704,1120.8180975206196,14.559430527500808,21.850365491118282,14.060153883416206
1764848218.6030705,1051.7253157892264,16.223686007782817,14.426664079073817,13.783401286695153
1764848218.6080704,866.1757893376052,12.610942650586367,11.827433609869331,8.996329343412071
1764848218.6130705,904.2947196359746,9.028118493035436,18.233882233966142,10.189357429277152
1764848218.6180704,1109.2543268576264,18.276891083456576,13.009241995867342,14.931550573091954
1764848218.6230705,1057.7951734173112,11.754505560733378,16.36767215607688,11.333766815718263
1764848218.6280704,868.0943580148742,12.528664851561189,11.09441321855411,11.606779512483627
1764848218.6330705,911.3668704521842,12.48004615213722,15.406517867464572,14.404224679339677
1764848218.6380703,1110.1780821466818,10.984086169861257,15.46261636679992,13.794620986562222
1764848218.6430705,1059.5192672968842,9.794797983951867,10.021061931271106,19.726102316286415
1764848218.6480703,879.3140578819439,13.063470545224845,8.412904950324446,12.100446306634694
1764848218.6530704,906.5797985089011,8.672827997244895,12.769888398703188,9.620892636012286
1764848218.6580703,1103.01243383158,11.466533264145255,18.809826827142388,13.012981895823032
1764848218.6630704,1062.488747861702,10.254805678501725,16.7304424517788,12.407118103001267
1764848218.6680703,877.6834615012631,12.218253155238926,14.29576758062467,12.392158503178507
1764848218.6730704,902.697782354895,9.058037692680955,8.21469025267288,10.884978821035475
1764848218.6780703,1100.214988664724,15.66644091438502,14.336906480137259,13.132658694405109
1764848218.6830704,1071.4944269550033,10.628795674070716,13.035421295557171,15.238222369458526
1764848218.6880703,882.6986673418432,11.189780667424202,18.020707936491817,9.231943040620536
1764848218.6930704,897.1178516210057,12.764278548769653,14.366825679782778,7.773382057901472
1764848218.6980705,1104.725308011286,11.391735265031457,12.68387069972232,14.146171582397074
1764848218.7030704,1072.7248540404253,13.362662541680038,15.193343569990247,12.238822604995221
1764848218.7080705,884.9500871151686,16.313443606719375,13.345832991879433,13.360792591702193
1764848218.7130704,891.2088096910156,10.273505178280175,12.728749499190599,12.541754501406103
1764848218.7180705,1094.8893711278215,15.31115041859448,22.545986882876605,16.924917249474674
1764848218.7230704,1083.2863315152936,12.771758348681033,18.806086927186698,11.180430917534977
1764848218.7280705,883.2259932355955,10.550257775001228,15.309280468616635,13.368272391613573
1764848218.7330704,898.9765818989836,5.9763601291924715,11.303847616072744,10.342693327460438
1764848218.7380705,-1846.7682079696096,9.961223531980067,19.94301651371643,14.68097727606073
1764848218.7430704,-1862.4477385338396,12.64647170016542,14.475282778497785,15.316760268528014
1764848218.7480705,-2052.05879633734,10.050981130916625,15.286841068882495,14.830573274288327
1764848218.7530704,-2057.522790172603,12.048087707255036,16.498568654526025,10.877499021124095
1764848218.7580705,-1850.2407050784677,12.29118120437488,10.903678320813924,13.47672949032858
1764848218.7630703,-1862.2065149866976,13.559007289353758,15.859045762103051,14.583739877212793
1764848218.7680705,-2056.1633365387097,10.092120030429214,12.541754501406103,9.269342040177435
1764848218.7730703,-2053.9100468154065,12.65769140003249,10.312774127814919,10.784001522231847
1764848218.7780704,-1850.588515774347,9.549834536854178,12.27622160455212,15.256921869236976
1764848218.7830703,-1852.9801817960106,16.28913425700739,14.617398976814002,12.837206597905606
1764848218.7880704,-2048.7845139261335,6.008149278815836,8.850473245140165,9.47877643769607
1764848218.7930703,-2058.317518913187,12.829726797994226,14.935290473047644,15.313020368572325
1764848218.7980704,-1853.3466919916682,14.090073083061725,14.748295475263149,16.464909554924816
1764848218.8030703,-1855.6672999141738,11.722716411110014,16.446210055146366,13.48046939028427
1764848218.8080704,-2048.9995581735857,11.700277011375874,8.476483249571174,13.671204288024455
1764848218.8130703,-2060.5334096369334,12.141585206147283,16.24051555758342,9.101046542171389
1764848218.8180704,-1856.0038909101859,11.04205461917445,14.766994975041598,12.223863005172461
1764848218.8230705,-1849.2346719903871,14.411704479251057,14.27706808084622,17.669157340656966
1764848218.8280704,-2052.6459606303833,8.151111953426152,10.985956119839102,12.018168507609516
1764848218.8330705,-2057.765883669723,13.001762195955962,16.405071155633777,15.376598667819053
1764848218.8380704,-1855.1549336202443,13.405671391170472,14.748295475263149,15.021308172028512
1764848218.8430705,-1846.474625823088,13.151358194183558,13.300954192411155,15.163424370344728
1764848218.8480704,-2044.6014358256944,8.22217005258426,9.42641783831641,9.407718338537961
1764848218.8530705,-2069.2361568338238,12.508095401804894,12.67639089981094,13.659984588157386
1764848218.8580704,-1857.7803433891386,14.69967677583918,18.70136972842738,17.227849145885557
1764848218.8630705,-1845.8388428306207,18.166564034763724,14.119992282707244,15.649611364584416
1764848218.8680704,-2051.3295158459805,6.355959974694997,15.051227371674031,13.166317794006318
1764848218.8730705,-2069.512909430545,10.522208525333554,15.032527871895581,11.969549808185548
1764848218.8780704,-1862.443998633884,13.267295092809945,9.725609834771603,10.892458620946854
1764848218.8830705,-1842.603829368949,11.217829917091876,8.842993445228785,13.405671391170472
1764848218.8880703,-2041.3065839647315,12.29866100428626,18.521854530554265,5.877252780366689
1764848218.8930705,-2074.397218772676,8.592420148197562,9.08234704239294,11.008395519573241
1764848218.8980703,-1856.4152799053118,11.303847616072744,22.28045398602262,13.020461695734411
1764848218.9030704,-1841.8633291777223,12.945663696620613,12.115405906457454,12.567933801095933
1764848218.9080703,-2040.7306393715553,10.604486324358732,19.258614821825176,14.636098476592451
1764848218.9130704,-2076.854333043564,10.193097329232842,3.7978684050031006,9.06364754261449
1764848218.9180703,-1862.7880694298074,12.193943805526942,18.70510962838307,16.66312425257638
1764848218.9230704,-1835.7822518497705,11.116852618288249,13.645024988334626,14.501462078187615
1764848218.9280703,-2047.993525085505,10.219276628922671,14.224709481466562,6.367179674562067
1764848218.9330704,-2075.6164261582308,9.44511733809486,0.9705040385015309,12.036868007387966
1764848218.9380703,-1863.1807589251548,10.140738729853183,13.409411291126162,6.423278173897415
1764848218.9430704,-1836.9678001357242,13.132658694405109,12.444517102558166,12.631512100342661
1764848218.9480705,-2033.486453157384,14.867972273845226,10.802701022010297,10.798961122054607
1764848218.9530704,-2078.436310724821,12.30240090424195,18.69762982847169,12.111666006501764
1764848218.9580705,-1866.6139870844781,10.705463623162359,20.990188501309603,13.271034992765635
1764848218.9630704,-1837.3530098311603,15.230742569547147,11.763855310622603,17.583139641676098
1764848218.9680705,-2041.7815512591042,8.988849543500692,14.66227777628228,9.733089634682983
1764848218.9730704,-2081.0131017942913,13.555267389398068,14.325686780270189,13.47672949032858
1764848218.9780705,-1867.2647296767682,9.280561740044504,17.15305114677176,16.034821060020477
1764848218.9830704,-1828.4819671362638,13.86567908572033,16.951096549164504,16.853859150316566
1764848218.9880705,-2033.1311626615934,8.379245850723237,9.733089634682983,9.258122340310365
1764848218.9930704,-2085.5907393400557,11.326287015806884,15.88148516183719,18.402177731972188
1764848218.9980705,-1866.0642217909917,10.63440552400425,20.27586760977283,10.787741422187537
1764848219.0030704,-1819.494987542741,11.711496711242944,15.06992687145248,11.88353210920468
1764848219.0080705,-2032.4430210697465,9.684470935259014,13.11395919462666,6.857106568757445
1764848219.0130703,-2089.338119095657,13.955436684656888,10.66806462360546,15.533674465958029
1764848219.0180705,-1870.8999124336988,11.48710271390155,13.562747189309448,11.790034610312432
1764848219.0230703,-1823.1825288990512,10.29033472808078,14.101292782928795,14.950250072870404
1764848219.0280704,-2039.56379058538,15.264401669148356,11.591819912660867,11.569380512926728
1764848219.0330703,-2085.9796889354475,15.395298167597502,14.927810673136264,13.211196593474597
1764848219.0380704,-1867.1749720778316,17.14557134686038,16.442470155190676,14.108772582840174
1764848219.0430703,-1817.793333062902,12.556714101228863,15.212043069768697,19.288534021470696
1764848219.0480704,-2031.556664780248,8.386725650634617,13.297214292455465,10.391312026884407
1764848219.0530703,-2097.4350024997257,14.097552882973105,9.84902653330937,12.833466697949916
1764848219.0580704,-1867.0665149791166,12.6539515000768,15.608472465071827,14.445363578852266
1764848219.0630703,-1812.4864150257781,11.326287015806884,17.47468254296109,16.25921505736187
1764848219.0680704,-2033.7893850537948,8.158591753337532,17.672897240612656,10.095859930384904
1764848219.0730705,-2093.4220898472704,8.506402449216694,11.561900713015348,12.889565197285265
1764848219.0780704,-1875.7543025761843,8.760715646203607,14.987649072427303,14.153651382308453
1764848219.0830705,-1807.9237370798364,13.805840686429292,18.035667536314577,16.008641760330647
1764848219.0880704,-2034.9487540400587,9.688210835214704,9.254382440354675,9.714390134904534
1764848219.0930705,-2101.713448049035,13.409411291126162,11.543201213236898,9.246902640443295
1764848219.0980704,-1865.626653496176,15.219522869680077,18.925763725768775,15.320500168483704
1764848219.1030705,-1804.0492007257417,13.222416293341666,11.827433609869331,11.311327415984124
1764848219.1080704,-2028.1458760206588,5.334967286791652,8.977629843633622,5.761315881740302
1764848219.1130705,-2108.7145407660864,9.927564432378858,15.956283160950989,12.25004230486229
1764848219.1180704,-1869.0785811552778,12.238822604995221,15.07366677140817,16.67808385239914
1764848219.1230705,-1797.8185273995623,16.939876849297434,15.9151442614384,19.296013821382076
1764848219.1280704,-2035.4611203339882,13.9142977851443,14.766994975041598,16.165717558469623
1764848219.1330705,-2111.9458143278025,10.608226224314421,15.223262769635767,12.489395902026445
1764848219.1380703,-1870.028515744023,12.059307407122105,14.456583278719336,14.26210848102346
1764848219.1430705,-1788.2556032128632,12.014428607653826,17.590619441587478,12.567933801095933
1764848219.1480703,-2029.6680153026246,11.696537111420184,10.144478629808873,7.672404759097844
1764848219.1530704,-2121.3778420160525,11.977029608096927,12.414597902912647,12.444517102558166
1764848219.1580703,-1862.7506704302505,10.413751426618546,13.349572891835123,14.194790281821042
1764848219.1630704,-1791.6439525727183,12.197683705482632,16.124578658957034,17.994528636801988
1764848219.1680703,-2033.5799506562762,8.977629843633622,12.407118103001267,12.68761059967801
1764848219.1730704,-2121.684513812419,10.933597520459443,13.196236993651837,9.703170435037464
1764848219.1780703,-1868.0201894678175,18.24136203387752,18.203963034320623,20.818153103347868
1764848219.1830704,-1775.6446605622768,14.105032682884485,11.180430917534977,12.893305097240955
1764848219.1880703,-2036.6017898204736,9.699430535081774,14.471542878542095,14.445363578852266
1764848219.1930704,-2129.3999274210073,8.173551353160292,9.647071935702115,10.746602522674948
1764848219.1980705,-1864.179312213324,4.8113812929950655,17.411104243714362,13.704863387625664
1764848219.2030704,-1777.7689237371087,13.955436684656888,13.798360886517912,15.533674465958029
1764848219.2080705,-2033.7332865544595,11.632958812173456,8.2446094523184,13.151358194183558
1764848219.2130704,-2136.846068232786,10.65684492373839,13.88063868554309,11.771335110533983
1764848219.2180705,-1862.574895132333,9.108526342082769,16.67060405248776,12.523055001627654
1764848219.2230704,-1768.2994970493019,12.238822604995221,18.174043834675103,14.041454383637756
1764848219.2280705,-2042.1293619549833,13.682423987891525,10.320253927726299,9.613412836100906
1764848219.2330704,-2137.9268993199803,12.631512100342661,13.390711791347712,12.358499403577298
1764848219.2380705,-1867.5901009729132,19.400731020141393,17.624278541188687,18.110465535428375
1764848219.2430704,-1766.332309672609,10.66432472364977,16.580846453551203,15.032527871895581
1764848219.2480705,-2028.9649141109549,8.712096946779639,7.335813763085753,12.220123105216771
1764848219.2530704,-2144.0902544469573,9.385278938803822,10.398791826795787,8.035175054799765
1764848219.2580705,-1861.1986119486392,14.198530181776732,21.603532094042748,14.901631373446435
1764848219.2630703,-1762.24459902104,13.551527489442378,12.089226606767625,13.020461695734411
1764848219.2680705,-2038.707353495527,7.380692562554032,10.088380130473524,12.721269699279219
1764848219.2730703,-2148.2004044982605,10.896198520902544,15.93010386126116,12.624032300431281
1764848219.2780704,-1864.2129713129252,12.796067698393017,15.548634065780789,15.406517867464572
1764848219.2830703,-1761.605076128617,14.729595975484699,14.393004979472607,15.600992665160447
1764848219.2880704,-2040.0163184800185,11.143031917978078,13.267295092809945,6.023108878638595
1764848219.2930703,-2148.480896994937,9.516175437252969,15.563593665603548,11.950850308407098
1764848219.2980704,-1859.283783171326,13.701123487669975,14.561300477478653,10.309034227859229
1764848219.3030703,-1756.9077617842704,13.85445938585326,19.778460915666074,17.384924944024533
1764848219.3080704,-2036.0931634264998,10.481069625820965,9.744309334550053,12.021908407565206
1764848219.3130703,-2158.2457757792436,8.24086955236271,12.870865697506815,14.168610982131213
1764848219.3180704,-1862.6646527312696,12.205163505394012,8.311927651520818,10.107079630251974
1764848219.3230705,-1756.1186428936198,12.470696402247995,15.48131586657837,14.31072718044743
1764848219.3280704,-2042.7015666482039,10.67554442351684,11.337506715673953,11.524501713458449
1764848219.3330705,-2156.2299697031267,14.565040377434343,16.016121560242027,16.797760650981218
1764848219.3380704,-1867.65367927216,12.422077702824026,19.195036522578448,16.32653325656429
1764848219.3430705,-1755.2622058037668,11.0981531185098,18.880884926300496,14.849272774066776
1764848219.3480704,-2032.0802507740445,8.364286250900477,8.779415145982057,10.716683323029429
1764848219.3530705,-2158.4739096765406,9.613412836100906,14.351866079960018,11.48710271390155
1764848219.3580704,-1866.1278000902385,14.142431682441384,18.076806435827166,16.73792225169018
1764848219.3630705,-1750.1684620641172,15.219522869680077,14.6547979763709,14.063893783371896
1764848219.3680704,-2026.2048679436557,10.746602522674948,13.289734492544085,7.896798756439239
1764848219.3730705,-2164.6036057039164,8.66721814731136,9.02624854305759,10.705463623162359
1764848219.3780704,-1875.384052480571,11.767595210578293,18.028187736403197,11.737676010932773
1764848219.3830705,-1747.5954108946025,13.817060386296362,13.401931491214782,14.609919176902622
1764848219.3880703,-2033.4789733574726,9.908864932600409,12.975582896266133,10.335213527549058
1764848219.3930705,-2158.0550408815034,12.979322796221823,11.214090017136186,15.12228547083214
1764848219.3980703,-1870.3763264399022,15.89644476165995,14.235929181333631,12.186464005615562
1764848219.4030704,-1744.3865767326206,13.315913792233914,15.660831064451486,12.556714101228863
1764848219.4080703,-2025.0230595576577,9.916344732511789,13.300954192411155,11.550681013148278
1764848219.4130704,-2165.078572998289,12.167764505837113,13.241115793120116,12.444517102558166
1764848219.4180703,-1877.9982425495982,8.117452853824943,13.772181586828083,8.62607924779877
1764848219.4230704,-1747.4009360969067,17.616798741277307,18.013228136580437,12.597853000741452
1764848219.4280703,-2014.887930677738,9.983662931714207,9.46007693791762,14.033974583726376
1764848219.4330704,-2169.9815818401985,8.693397447001189,14.643578276503831,12.837206597905606
1764848219.4380703,-1890.496988201514,10.133258929941803,13.016721795778722,9.273081940133125
1764848219.4430704,-1738.881443997845,17.48216234287247,16.797760650981218,15.91140436148271
1764848219.4480705,-2017.386183848139,8.902831844519824,14.134951882530004,12.040607907343656
1764848219.4530704,-2176.0364798684604,9.355359739158303,11.348726415541023,10.712943423073739
1764848219.4580705,-1887.8940178323537,15.50001536635682,18.484455530997366,16.034821060020477
1764848219.4630704,-1737.5276002138853,13.128918794449419,18.114205435384065,14.725856075529009
1764848219.4680705,-2013.2087155976333,8.592420148197562,13.716083087492734,14.239669081289321
1764848219.4730704,-2176.5563259623013,13.248595593031496,13.772181586828083,17.05955364787951
1764848219.4780705,-1894.8801509495825,12.69883029954508,14.748295475263149,16.67060405248776
1764848219.4830704,-1730.7135024946183,12.762408598791808,11.625479012262076,11.43474411452189
1764848219.4880705,-2009.4949949416332,10.211796829011291,11.105632918421179,12.508095401804894
1764848219.4930704,-2174.484421386849,13.88811848545447,12.055567507166415,10.342693327460438
1764848219.4980705,-1899.3381116967648,12.313620604109019,15.754328563343734,14.179830681998283
1764848219.5030704,-1731.4091238863766,15.11854557087645,13.199976893607527,14.66601767623797
1764848219.5080705,-2008.5001815534197,11.44596381438896,7.919238156173378,12.354759503621608
1764848219.5130703,-2177.19958875468,12.336060003843158,16.607025753241032,11.696537111420184
1764848219.5180705,-1892.703529175371,12.212643305305392,17.010934948455542,14.404224679339677
1764848219.5230703,-1728.7575348177925,15.754328563343734,10.155698329675943,15.608472465071827
1764848219.5280704,-2005.2053296924569,8.109973053913563,14.351866079960018,11.632958812173456
1764848219.5330703,-2177.584798450116,11.87979220924899,14.400484779383987,14.879191973712295
1764848219.5380704,-1904.8582040313631,7.7472027582116425,16.038560959976166,17.366225444246083
1764848219.5430703,-1719.826653723605,13.413151191081852,16.031081160064787,10.365132727194577
1764848219.5480704,-1998.050901077222,8.902831844519824,8.857953045051545,13.001762195955962
1764848219.5530703,-2186.0968107492663,11.285148116294295,10.25293572852388,5.03203539038077
1764848219.5580704,-1896.2040755338967,10.881238921079785,19.337152720894665,13.214936493430287
1764848219.5630703,-1719.2207899307832,14.202270081732422,13.555267389398068,11.109372818376869
1764848219.5680704,-1997.7666686805896,11.554420913103968,12.788587898481637,9.145925341639668
1764848219.5730705,-2186.8896695398726,11.157991517800838,9.273081940133125,16.872558650095016
1764848219.5780704,-1898.4629751071334,10.65684492373839,17.317606744822115,15.133505170699209
1764848219.5830705,-1722.5119018917903,11.988249307963997,6.5803539720363915,14.740815675351769
1764848219.5880704,-2011.8099930142052,13.645024988334626,15.200823369901627,12.455736802425236
1764848219.5930705,-2188.8082382171415,11.143031917978078,11.352466315496713,13.49542899010703
1764848219.5980704,-1901.8513244669884,15.668310864362866,17.56070024194196,17.373705244157463
1764848219.6030705,-1716.763675659895,15.46261636679992,13.379492091480643,15.48131586657837
1764848219.6080704,-1998.3613127735443,9.168364741373807,21.91394379036501,12.66891109989956
1764848219.6130705,-2194.7397195468657,15.06992687145248,11.225309717003256,10.219276628922671
1764848219.6180704,-1898.070285611786,15.638391664717346,16.184417058248073,15.335459768306464
1764848219.6230705,-1716.0231754686683,11.244009216781706,13.185017293784767,14.105032682884485
1764848219.6280704,-1999.5992196588777,4.306494798976928,8.091273554135114,12.466956502292305
1764848219.6330705,-2196.9013817212544,14.759515175130218,12.549234301317483,15.634651764761657
1764848219.6380703,-1909.6527557745576,14.164871082175523,20.163670611102134,20.204809510614723
1764848219.6430705,-1708.7378503549844,12.201423605438322,14.31072718044743,14.247148881200701
1764848219.6480703,-2001.6673843343742,11.027095019351691,16.064740259665996,7.313374363351613
1764848219.6530704,-2195.4278611387126,10.626925724092871,14.740815675351769,11.165471317712218
1764848219.6580703,-1908.743960085325,10.821400521788746,12.848426297772676,7.807041157502681
1764848219.6630704,-1706.198458285071,14.004055384080857,21.300600197631866,17.03337434818968
1764848219.6680703,-1991.9922631490044,12.867125797551125,20.193589810747653,10.028541731182486
1764848219.6730704,-2206.9093540026806,10.342693327460438,10.443670626264066,9.635852235835046
1764848219.6780703,-1906.571078211069,11.157991517800838,12.960623296443373,16.049780659843236
1764848219.6830704,-1706.1460996856913,17.758914939593524,14.28080798080191,9.923824532423168
1764848219.6880703,-1995.795741403941,7.418091562110931,14.69967677583918,9.755529034417123
1764848219.6930704,-2205.555510218721,10.092120030429214,14.67349747614935,10.948557120282203
1764848219.6980705,-1913.7030674265698,12.444517102558166,14.29202768066898,14.553820677567273
1764848219.7030704,-1704.1938719088212,12.130365506280214,17.54200074216351,13.51786838984117
1764848219.7080705,-1987.9980499963276,12.403378203045577,12.758668698836118,8.577460548374802
1764848219.7130704,-2208.6259680823423,13.936737184878439,15.791727562900633,11.43474411452189
1764848219.7180705,-1918.2246064729989,11.292627916205674,12.28744130441919,14.823093474376947
1764848219.7230704,-1699.432979265228,14.149911482352763,16.098399359267205,14.228449381422251
1764848219.7280705,-1983.7906625461765,10.626925724092871,10.133258929941803,13.87315888563171
1764848219.7330704,-2211.7001658459194,8.947710643988103,12.728749499190599,11.46092341421172
1764848219.7380705,-1919.3540562596172,15.043747571762651,11.655398211907595,13.241115793120116
1764848219.7430704,-717.4081789501943,12.30240090424195,15.253181969281286,14.856752573978156
1764848219.7480705,-1010.9547964222729,7.3470334629528224,9.557314336765558,9.03372834296897
1764848219.7530704,-1228.4748576451093,9.336660239379853,15.619692164938897,10.518468625377864
1764848219.7580705,-941.8208757913671,14.063893783371896,18.043147336225957,14.228449381422251
1764848219.7630703,-718.2085175407119,11.47214311407879,15.91140436148271,12.152804906014353
1764848219.7680705,-1003.029948416166,12.317360504064709,15.51123506622389,16.210596357937902
1764848219.7730703,-1239.260729117319,12.351019603665918,10.365132727194577,12.466956502292305
1764848219.7780704,-933.9521262845956,13.929257384967059,12.040607907343656,12.627772200386971
1764848219.7830703,-722.3261473919265,12.934443996753544,12.332320103887469,18.177783734630793
1764848219.7880704,-1003.8078476069495,10.817660621833056,16.625725253019482,16.31531355669722
1764848219.7930703,-1243.4232377680019,11.741415910888463,7.208657164592296,11.229049616958946
1764848219.7980704,-943.7431843685918,13.704863387625664,14.879191973712295,12.796067698393017
1764848219.8030703,-711.7871093167923,13.566487089265138,14.811873774509877,19.49422851903364
1764848219.8080704,-1004.0509411040694,5.671558282803744,13.319653692189604,10.26041552843526
1764848219.8130703,-1236.8410138459876,14.153651382308453,16.075959959533066,13.252335492987186
1764848219.8180704,-938.4998446307145,10.922377820592374,12.792327798437327,14.565040377434343
1764848219.8230705,-717.8233078452758,10.956036920193583,15.07366677140817,14.407964579295367
1764848219.8280704,-995.3968126066029,14.561300477478653,8.356806450989097,9.314220839645714
1764848219.8330705,-1238.5576279256493,9.557314336765558,12.205163505394012,7.728503258433193
1764848219.8380704,-941.8620146908797,12.343539803754538,17.44850324327126,11.763855310622603
1764848219.8430705,-715.3026152751409,12.235082705039531,11.733936110977083,13.667464388068765
1764848219.8480704,-994.3832997186109,9.299261239822954,12.24256250495091,11.027095019351691
1764848219.8530705,-1243.011848772876,9.202023840975016,11.726456311065704,11.251489016693085
1764848219.8580704,-965.0793136158027,15.12228547083214,14.561300477478653,12.534274701494724
1764848219.8630705,-709.6291870423593,13.547787589486688,17.47468254296109,12.010688707698137
1764848219.8680704,-979.1544270990416,12.036868007387966,14.643578276503831,11.348726415541023
1764848219.8730705,-1251.3630453739315,6.969303567428142,15.365378967951983,12.006948807742447
1764848219.8780704,-983.3300253995694,13.401931491214782,20.070173112209886,22.837699079420418
1764848219.8830705,-699.65861376049,10.518468625377864,15.380338567774743,17.336306244600564
1764848219.8880703,-937.0431535979733,13.45055019063875,18.413397431839257,12.059307407122105
1764848219.8930705,-1265.4400288071483,10.193097329232842,15.458876466844231,13.319653692189604
1764848219.8980703,-1029.4878706526943,12.474436302203685,15.436437067110091,12.403378203045577
1764848219.9030704,-681.0226922812872,12.051827607210726,13.47298959037289,14.370565579738468
1764848219.9080703,-911.7202909979969,7.721023458521813,9.901385132689029,12.863385897595435
1764848219.9130704,-1273.1180434161797,10.424971126485616,15.571073465514928,7.208657164592296
1764848219.9180703,-1043.5685939858668,16.210596357937902,15.025048071984202,15.89644476165995
1764848219.9230704,-673.5802913694642,10.604486324358732,17.53078104229644,16.438730255234987
1764848219.9280703,-885.7354661058635,10.043501331005245,16.68556365231052,9.961223531980067
1764848219.9330704,-1278.8774893479422,9.84528663335368,12.059307407122105,15.765548263210803
1764848219.9380703,-1065.3086324282922,12.021908407565206,11.730196211021394,15.46261636679992
1764848219.9430704,-681.8641697713174,13.08777989493683,11.169211217667907,12.328580203931779
1764848219.9480705,-864.9715415518731,13.226156193297356,12.885825297329575,17.56818004185334
1764848219.9530704,-1275.466700588353,13.596406288910657,12.029388207476586,11.965809908229858
1764848219.9580705,-1084.8870086963288,13.319653692189604,13.712343187537044,14.591219677124172
1764848219.9630704,-676.1608223388903,11.89849170902744,11.790034610312432,16.375151955988258
1764848219.9680705,-868.5955046089366,12.392158503178507,14.733335875440389,10.122039230074733
1764848219.9730704,-1271.7417602324858,6.868326268624514,9.018768743146211,14.609919176902622
1764848219.9780705,-1062.3391518634744,11.389865315053612,17.743955339770764,19.815859915222973
1764848219.9830704,-678.8647700068541,12.751188898924738,14.31820698035881,15.799207362812012
1764848219.9880705,-892.3476092275232,7.578907260205597,16.35645245620981,7.04410156654194
1764848219.9930704,-1276.8990822713822,12.511835301760584,13.256075392942876,9.811627533752471
1764848219.9980705,-1047.9966355334036,12.837206597905606,15.52993456600234,18.611612129490823
1764848220.0030704,-679.2013610028662,12.455736802425236,13.809580586384982,13.932997284922749
1764848220.0080705,-907.7372975451872,9.946263932157308,14.385525179561228,8.158591753337532
1764848220.0130703,-1272.1681088274345,11.427264314610511,14.651058076415211,12.414597902912647
1764848220.0180705,-1032.9697175114416,9.02624854305759,19.363332020584494,10.720423222985119
1764848220.0230703,-670.0947046107613,12.25004230486229,13.035421295557171,15.256921869236976
1764848220.0280704,-908.2758431388065,9.968703331891447,11.322547115851194,11.386125415097922
1764848220.0330703,-1282.0788437100127,7.616306259762496,11.431004214566201,11.88727200916037
1764848220.0380704,-1039.9259314290248,13.985355884302408,14.243408981245011,14.867972273845226
1764848220.0430703,-652.8799451147206,16.838899550493807,18.34981913259253,14.239669081289321
1764848220.0480704,-892.2354122288525,13.10273949475959,14.583739877212793,9.87146593304351
1764848220.0530703,-1303.8413215521723,9.8378068334423,11.139292018022388,11.135552118066698
1764848220.0580704,-1061.0563661786728,11.04205461917445,10.27537512825802,15.054967271629721
1764848220.0630703,-647.3411532803439,12.71004999941215,10.63066562404856,11.932150808628649
1764848220.0680704,-887.440860485658,13.147618294227868,12.343539803754538,12.620292400475591
1764848220.0730705,-1302.8352884640917,13.244855693075806,13.285994592588395,15.758068463299423
1764848220.0780704,-1053.1801368719898,10.159438229631633,15.193343569990247,13.630065388511866
1764848220.0830705,-644.3380136159249,12.725009599234909,16.479869154747576,12.762408598791808
1764848220.0880704,-903.5486095948145,9.205763740930706,18.577953029889613,9.381539038848132
1764848220.0930705,-1306.7210445180535,11.359946115408093,13.573966889176518,10.088380130473524
1764848220.0980704,-1020.1605601632036,19.88317811442539,18.435836831573397,13.682423987891525
1764848220.1030705,-645.1420921063982,14.628618676681072,16.180677158292383,11.730196211021394
1764848220.1080704,-920.3258007960394,11.48336281394586,10.380092327017337,13.274774892721325
1764848220.1130705,-1302.2630837708712,10.522208525333554,9.946263932157308,13.342093091923743
1764848220.1180704,-1015.078036123421,16.135798358824104,14.591219677124172,17.721515940036625
1764848220.1230705,-644.7681021108292,9.366579439025372,13.09525969484821,13.218676393385977
1764848220.1280704,-932.0728265568614,11.954590208362788,13.117699094582349,8.345586751122028
1764848220.1330705,-1300.2734569944441,12.092966506723315,13.132658694405109,9.964963431935757
1764848220.1380703,-1005.7058468344621,11.603039612527937,14.520161577966064,12.725009599234909
1764848220.1430705,-645.2505492051132,11.950850308407098,14.422924179118127,12.986802596133202
1764848220.1480703,-937.7761739892885,8.121192753780633,10.073420530650765,11.722716411110014
1764848220.1530704,-1308.837827892974,4.130719501059502,12.878345497418195,11.50580221368
1764848220.1580703,-996.939521338325,13.944216984789819,20.956529401708394,15.705709863919765
1764848220.1630704,-644.4726500143297,14.572520177345723,15.215782969724387,14.834313174244016
1764848220.1680703,-947.1745425779372,13.360792591702193,15.376598667819053,12.059307407122105
1764848220.1730704,-1310.561921772547,10.017322031315416,12.351019603665918,11.85735280951485
1764848220.1780703,-1002.4970126724802,12.848426297772676,14.101292782928795,18.409657531883568
1764848220.1830704,-638.94507787982,9.714390134904534,14.243408981245011,9.594713336322457
1764848220.1880703,-938.8570050764829,10.473589825909585,15.87400536192581,11.827433609869331
1764848220.1930704,-1311.0892476662993,7.758422458078712,12.70257019950077,12.64647170016542
1764848220.1980705,-1012.1796136577614,8.169811453204602,13.199976893607527,13.435590590815991
1764848220.2030704,-640.392419162672,8.977629843633622,13.237375893164426,13.8768987855874
1764848220.2080705,-926.2872013254091,11.281408216338605,13.439330490771681,11.647918411996216
1764848220.2130704,-1311.9643842559308,11.86483260942623,8.28574835183099,11.44596381438896
1764848220.2180705,-1012.4788056542166,14.879191973712295,16.457429755013436,20.212289310526103
1764848220.2230704,-639.2180905765854,14.374305479694158,16.423770655412227,11.681577511597425
1764848220.2280705,-933.019021245651,11.378645615186542,11.543201213236898,8.513882249128073
1764848220.2330704,-1312.046662054956,11.202870317269117,14.393004979472607,8.412904950324446
1764848220.2380705,-1028.5454158638604,15.223262769635767,17.242808745708317,13.405671391170472
1764848220.2430704,-635.4220921215601,14.415444379206747,14.860492473933846,7.881839156616479
1764848220.2480705,-909.753103621304,10.982216219883412,13.701123487669975,14.598699477035552
1764848220.2530704,-1319.5376816662028,11.513282013591379,16.64068485284224,13.820800286252052
1764848220.2580705,-1034.5030764932744,12.855906097684056,15.87026546197012,14.052674083504826
1764848220.2630703,-634.1767054363154,10.338953427504748,11.704016911331564,15.043747571762651
1764848220.2680705,-897.1795599702746,13.185017293784767,11.146771817933768,8.884132344741374
1764848220.2730703,-1325.0128952013329,9.142185441683978,13.07282029511407,9.725609834771603
1764848220.2780704,-1063.947308844421,13.86567908572033,16.117098859045655,17.680377040524036
1764848220.2830703,-622.4857781748287,14.935290473047644,16.416290855500847,15.597252765204757
1764848220.2880704,-878.6184364901856,13.45429009059444,14.69593687588349,7.6275259596295655
1764848220.2930703,-1326.10868588835,13.974136184435338,13.170057693962008,14.217229681555182
1764848220.2980704,-1079.6324492585845,9.403978438582271,12.822246998082846,14.942770272959024
1764848220.3030703,-620.8851009937935,11.962070008274168,11.595559812616557,15.413997667375952
1764848220.3080704,-845.6886173803359,4.912358591798693,16.046040759887546,15.49253556644544
1764848220.3130703,-1335.4659155774862,20.238468610215932,10.626925724092871,13.992835684213787
1764848220.3180704,-1099.3267624252476,18.540554030332714,17.92347053764388,15.12228547083214
1764848220.3230705,-617.0292641394772,11.517021913547069,13.91055788518861,13.0989995948039
1764848220.3280704,-852.671010597609,11.382385515142232,18.028187736403197,13.360792591702193
1764848220.3330705,-1335.1330644814298,11.191650617402047,10.544647925067693,10.802701022010297
1764848220.3380704,-1088.611949052196,14.183570581953973,14.800654074642807,17.13435164699331
1764848220.3430705,-613.6371748796664,12.100446306634694,16.981015748810023,14.763255075085908
1764848220.3480704,-865.6671629436314,5.593020383734256,11.45344361430034,9.605933036189526
1764848220.3530705,-1336.7674007620662,10.088380130473524,15.144724870566279,5.660338582936674
1764848220.3580704,-1076.0159660014324,10.406271626707166,16.872558650095016,11.913451308850199
1764848220.3630705,-621.4049470876344,14.019014983903617,10.881238921079785,13.828280086163431
1764848220.3680704,-862.8510182769969,12.429557502735406,12.930704096797854,13.08030009502545
1764848220.3730705,-1336.744961362332,7.328333963174373,10.27911502821371,8.394205450545996
1764848220.3780704,-1077.9532341784798,8.390465550590307,13.420630990993232,15.361639067996293
1764848220.3830705,-610.7761514135636,18.447056531440467,15.724409363698214,11.543201213236898
1764848220.3880703,-876.9317416101694,9.08982684230432,6.961823767516762,11.229049616958946
1764848220.3930705,-1336.830979061313,9.116006141994148,15.86652556201443,14.490242378320545
1764848220.3980703,-1070.1031841714866,10.563347424846143,17.287687545176595,19.49796841898933
1764848220.4030704,-603.6217227983288,14.112512482795864,16.524747954215854,15.440176967065781
1764848220.4080703,-875.0131729329005,11.330026915762573,12.365979203488678,11.348726415541023
1764848220.4130704,-1347.4485550355166,8.124932653736323,6.210103876423091,13.596406288910657
1764848220.4180703,-1062.765500458423,11.517021913547069,15.90392456157133,15.821646762546152
1764848220.4230704,-609.2988909310661,9.47503653774038,13.024201595690101,8.951450543943793
1764848220.4280703,-883.8243772285059,12.986802596133202,12.945663696620613,10.080900330562145
1764848220.4330704,-1347.310178737156,9.08982684230432,16.449949955102056,12.590373200830072
1764848220.4380703,-1062.0997982663102,15.376598667819053,15.051227371674031,18.533074230421335
1764848220.4430704,-599.1525423512794,14.093812983017415,18.144124635029584,14.508941878098994
1764848220.4480705,-893.5181979136541,8.521362049039453,10.810180821921676,12.567933801095933
1764848220.4530704,-1353.1743418676779,9.714390134904534,13.559007289353758,10.510988825466484
1764848220.4580705,-1056.0561199379154,14.643578276503831,15.87026546197012,13.323393592145294
1764848220.4630704,-592.9330887249671,10.529688325244933,17.94217003742233,11.027095019351691
1764848220.4680705,-885.0510644139722,9.639592135790735,8.917791444342583,13.420630990993232
1764848220.4730704,-1359.2367196958512,10.555867624934763,15.88896496174857,8.341846851166338
1764848220.4780705,-1049.8890249109827,15.140984970610589,17.0632935478352,17.994528636801988
1764848220.4830704,-592.5329194297083,15.851565962191671,23.327625973615795,14.153651382308453
1764848220.4880705,-890.9114876445383,13.989095784258097,11.217829917091876,10.488549425732344
1764848220.4930704,-1354.535665451549,11.90597150893882,11.87979220924899,11.752635610755533
1764848220.4980705,-1050.5098483036272,14.28828778071329,15.428957267198712,14.071373583283275
1764848220.5030704,-579.4432695847936,16.72296265186742,14.841792974155396,13.532827989663929
1764848220.5080705,-900.9680786253884,9.643332035746425,14.606179276946932,12.167764505837113
1764848220.5130703,-1363.4628066457808,7.380692562554032,12.27248170459643,11.965809908229858
1764848220.5180705,-1031.1035074335523,16.083439759444445,17.579399741720408,12.65021160012111
1764848220.5230703,-574.6898567411117,15.036267771851271,13.674944187980145,11.561900713015348
1764848220.5280704,-911.0209297062829,14.639838376548141,11.03457481926307,9.03746824292466
1764848220.5330703,-1368.2760578887537,9.819107333663851,14.879191973712295,12.822246998082846
1764848220.5380704,-1024.558682511095,11.344986515585333,14.800654074642807,13.671204288024455
1764848220.5430703,-572.8199067632668,11.928410908672959,17.246548645664006,15.028787971939892
1764848220.5480704,-923.4224379593506,7.421831462066621,11.804994210135192,11.775075010489672
1764848220.5530703,-1372.0570967439562,14.31820698035881,15.167164270300418,14.400484779383987
1764848220.5580704,-1013.5446771415882,13.686163887847215,13.012981895823032,12.837206597905606
1764848220.5630703,-564.6183061604388,13.970396284479648,18.65275102900341,15.9151442614384
1764848220.5680704,-933.3930112412199,8.001515955198556,5.054474790114909,11.240269316826016
1764848220.5730705,-1379.1255076602101,12.64647170016542,12.410858002956957,10.514728725422174
1764848220.5780704,-1002.1230226769112,18.432096931617707,20.085132712032646,10.6905040233396
1764848220.5830705,-563.9713034681045,15.694490164052695,10.114559430163354,12.395898403134197
1764848220.5880704,-943.9170897165313,8.973889943677932,10.320253927726299,10.784001522231847
1764848220.5930705,-1384.8662540921941,8.940230844076723,15.563593665603548,11.116852618288249
1764848220.5980704,-991.1688557066955,12.407118103001267,13.618845688644797,14.422924179118127
1764848220.6030705,-561.7759821941145,14.512681778054684,20.26090800995007,15.234482469502836
1764848220.6080704,-952.6871551126242,9.946263932157308,10.69424392329529,11.09441321855411
1764848220.6130705,-1387.8993129562587,8.341846851166338,18.77990762749687,14.793174274731427
1764848220.6180704,-986.2022685655393,11.573120412882417,16.816460150759667,15.032527871895581
1764848220.6230705,-550.8592142234556,13.940477084834129,17.295167345087975,17.96086953720078
1764848220.6280704,-959.7480862289667,10.054721030872315,6.374659474473447,10.320253927726299
1764848220.6330705,-1395.9849766604602,9.983662931714207,13.009241995867342,12.437037302646786
1764848220.6380703,-964.7352428198792,14.041454383637756,14.6921969759278,16.35271255625412
1764848220.6430705,-549.0378829450347,15.339199668262154,21.94012309005484,19.610165417660028
1764848220.6480703,-968.9744194196537,9.748049234505743,2.6422393186949193,7.765902257990092
1764848220.6530704,-1401.198397198692,6.082947277929634,14.740815675351769,8.098753354046494
1764848220.6580703,-965.6290789092891,11.356206215452403,12.941923796664923,13.544047689530998
1764848220.6630704,-540.626847944688,10.623185824137181,19.434390119742602,15.043747571762651
1764848220.6680703,-978.7056391043589,12.481916102115065,12.414597902912647,12.238822604995221
1764848220.6730704,-1403.7826680680737,11.09441321855411,15.773028063122183,12.29118120437488
1764848220.6780703,-957.9996829996817,11.991989207919687,15.9151442614384,15.821646762546152
1764848220.6830704,-533.0198914348148,11.416044614743441,17.93095033755526,11.195390517357737
1764848220.6880703,-982.2398445624858,10.615706024225801,10.533428225200623,9.149665241595358
1764848220.6930704,-1411.2175891799852,9.706910334993154,8.771935346070677,10.537168125156313
1764848220.6980705,-951.4847772768699,13.966656384523958,16.24051555758342,21.51751439506188
1764848220.7030704,-532.7431388380937,13.760961886961013,16.225555957760662,16.790280851069838
1764848220.7080705,-986.3088557142764,7.2647556639276445,11.49832241376862,14.71837627561763
1764848220.7130704,-1417.2350882086903,10.65684492373839,12.238822604995221,12.792327798437327
1764848220.7180705,-954.3271012431942,12.055567507166415,17.014674848411232,16.075959959533066
1764848220.7230704,-528.6367286867462,10.23797612870112,11.823693709913641,10.357652927283198
1764848220.7280705,-987.0792751051486,12.2463024049066,17.49338204273954,11.202870317269117
1764848220.7330704,-1413.872918148525,10.825140421744436,8.839253545273095,10.507248925510794
1764848220.7380705,-950.7143578859977,11.88727200916037,10.533428225200623,14.441623678896576
1764848220.7430704,-518.3183447089978,12.175244305748492,13.300954192411155,14.591219677124172
1764848220.7480705,1946.6328865364194,8.88226239476353,8.0781839042902,15.552373965736479
1764848220.7530704,1512.9466078747064,8.923401294276118,15.561723715625703,10.301554427947849
1764848220.7580705,1022.9224762804806,16.994105398654938,17.835582888685167,16.951096549164504
1764848220.7630703,1443.9454536922276,15.658961114473641,18.284370883367956,19.16511732293293
1764848220.7680705,962.3903255476616,11.227179666981101,9.544224686920643,11.659138111863285
1764848220.7730703,527.2604455030523,14.47341282851994,18.205832984298468,12.631512100342661
1764848220.7780704,42.50957284634933,14.551950727589428,17.633628291077912,14.336906480137259
1764848220.7830703,478.15929898479953,12.199553655460477,15.939453611150384,11.801254310179502
1764848220.7880704,957.8313875016756,7.113289715722203,13.156968044117093,11.206610217224807
1764848220.7930703,522.3275174614973,7.606956509873271,9.877075782977045,14.27332818089053
1764848220.7980704,41.836390854325145,12.016298557631671,16.283524407073855,9.08234704239294
1764848220.8030703,479.15037247305736,12.824116948060691,17.450373193249106,13.136398594360799
1764848220.8080704,962.3828457477503,8.88974219467491,7.681754508987069,9.42267793836072
1764848220.8130703,507.8840238326229,14.682847226038575,16.713612901978195,14.247148881200701
1764848220.8180704,44.671235020738095,14.51829162798822,18.55364368017763,14.550080777611583
1764848220.8230705,482.4265248342417,15.154074620455503,14.589349727146327,11.352466315496713
1764848220.8280704,952.0831612697802,12.390288553200662,13.444940340705216,10.181877629365772
1764848220.8330705,514.769179651048,11.713366661220789,12.670781049877405,11.240269316826016
1764848220.8380704,42.32257784856483,15.038137721829116,15.543024215847254,14.063893783371896
1764848220.8430705,488.94143055705354,13.67681413795799,14.024624833837152,11.696537111420184
1764848220.8480704,953.3696868545376,9.64146208576858,11.215959967114031,9.216983440797776
1764848220.8530705,504.4395759734325,11.339376665651798,12.992412446066737,7.896798756439239
1764848220.8580704,48.48219307558611,13.085909944958985,15.31115041859448,13.667464388068765
1764848220.8630705,489.38647865178064,10.310904177837074,15.019438222050667,15.040007671806961
1764848220.8680704,958.0071627995931,9.121615991927683,9.346009989269078,15.92262406134978
1764848220.8730705,501.6944894059561,9.873335883021355,10.09398998040706,15.197083469945937
1764848220.8780704,45.912881806027144,7.210527114570141,22.48053863365203,16.472389354836196
1764848220.8830705,503.3624847861938,9.417068088427186,17.24093879573047,13.697383587714285
1764848220.8880703,948.1674860161729,7.24418621417135,7.737853008322418,8.6522585474886
1764848220.8930705,499.91055712709203,10.04537128098309,14.174220832064748,14.404224679339677
1764848220.8980703,46.87029619468376,16.4892189046368,13.519738339819014,16.423770655412227
1764848220.9030704,506.54139974853024,11.761985360644758,16.55653710383922,15.215782969724387
1764848220.9080703,956.9038923126645,10.019191981293261,9.155275091528893,6.875806068535894
1764848220.9130704,488.260768765118,13.6730742380023,11.601169662550092,13.742262387182564
1764848220.9180703,47.34900338901207,12.427687552757561,16.16384760849178,12.590373200830072
1764848220.9230704,506.0439930544235,16.216206207871437,20.11692186165601,12.601592900697142
1764848220.9280703,957.0871474104933,12.921354346908629,12.423947652801871,14.617398976814002
1764848220.9330704,484.75274260668084,11.941500558517873,8.770065396092832,12.638991900254041
1764848220.9380703,42.10566365113482,16.593936103396118,13.904948035255075,11.782554810401052
1764848220.9430704,515.4722808427177,10.972866469994187,11.114982668310404,11.404824914876372
1764848220.9480705,947.3783671255223,7.195567514747381,7.771512107923627,9.101046542171389
1764848220.9530704,486.00186919188127,14.656667926348746,12.8951750472188,12.732489399146289
1764848220.9580705,44.89562901807949,13.055990745313466,14.320076930336654,18.615352029446512
1764848220.9630704,521.8076713676564,16.650034602731466,14.267718330956995,12.388418603222817
1764848220.9680705,954.2597830439918,8.141762203536928,16.208726407960057,10.64188532391563
1764848220.9730704,478.00596308661625,11.582470162771642,19.27170447167009,15.51871486613527
1764848220.9780705,50.03425155719742,10.737252772785723,15.950673311017454,14.864232373889536
1764848220.9830704,523.6402223459445,11.167341267690063,13.740392437204719,13.188757193740457
1764848220.9880705,951.3052620789967,11.631088862195611,13.871288935653865,6.905725268181413
1764848220.9930704,471.96602465817705,14.566910327412188,17.33817619457841,12.481916102115065
1764848220.9980705,44.38700262410566,12.685740649700165,13.830150036141276,17.201669846195728
1764848221.0030704,530.4281407655217,9.877075782977045,10.46050017606467,18.099245835561305
1764848221.0080705,948.3844002136029,11.313197365961969,7.790211607702076,9.923824532423168
1764848221.0130703,473.5330427396111,10.699853773228824,10.916767970658839,13.48794919019565
1764848221.0180705,50.14270865591243,14.664147726260126,15.475706016644835,12.915744496975094
1764848221.0230703,532.728179238271,11.735806060954928,20.853682152926922,17.85989223839715
1764848221.0280704,956.8777130129747,10.85318967141211,11.978899558074772,10.25667562847957
1764848221.0330703,1437.512825768441,10.924247770570219,13.908687935210764,10.552127724979073
1764848221.0380704,1026.535219637677,10.598876474425197,15.804817212745547,12.590373200830072
1764848221.0430703,543.0652627157979,16.421900705434382,17.581269691698253,12.526794901583344
1764848221.0480704,950.9836306828074,13.25420544296503,15.66270101442933,11.775075010489672
1764848221.0530703,1435.9233682872728,13.373882241547108,13.766571736894548,12.096706406679004
1764848221.0580704,1018.2962200352922,13.792751036584377,14.615529026836157,13.435590590815991
1764848221.0630703,545.7692103837617,14.982039222493768,12.786717948503792,15.821646762546152
1764848221.0680704,958.2465163967572,4.611296645365655,15.228872619569302,7.313374363351613
1764848221.0730705,1430.829624547623,14.013405133970082,14.376175429672003,15.89270486170426
1764848221.0780704,1018.4420761335641,13.366402441635728,14.548210827633739,19.202516322489828
1764848221.0830705,548.5853550503962,13.27290494274348,14.940900322981179,14.516421678010374
1764848221.0880704,965.4084248119034,6.372789524495602,11.174821067601442,9.179584441240877
1764848221.0930705,1420.6346572684124,9.65642168559134,12.521185051649809,11.50580221368
1764848221.0980704,1017.2079091481864,11.380515565164387,14.391135029494762,16.63320505293086
1764848221.1030705,550.4777444279753,16.49669870454818,19.612035367637873,14.067633683327585
1764848221.1080704,953.0405756584369,6.2194536263123155,9.701300485059619,12.825986898038536
1764848221.1130705,1422.9122563414276,7.337683713063598,10.501639075577259,9.190804141107947
1764848221.1180704,1023.0346732791513,11.545071163214743,17.936560187488794,15.787987662944943
1764848221.1230705,556.5999606554396,16.50791840441525,13.437460540793836,11.169211217667907
1764848221.1280704,952.4047926659696,7.752812608145177,12.547364351339638,10.582046924624592
1764848221.1330705,1420.3953036712483,10.651235073804855,16.47799920476973,12.231342805083841
1764848221.1380703,1025.4693481503054,10.632535574026406,17.790704089216888,16.31531355669722
1764848221.1430705,556.33068785863,12.91013464704156,16.590196203440428,12.867125797551125
1764848221.1480703,962.4688634467311,10.46797997597605,11.900361659005284,8.842993445228785
1764848221.1530704,1408.5473006116226,10.340823377482593,9.835936883464456,11.707756811287254
1764848221.1580703,1001.0440615396947,12.753058848902583,13.463639840483665,16.3601923561655
1764848221.1630704,579.0468401894905,12.165894555859268,15.071796821430326,13.181277393829077
1764848221.1680703,982.9223763043992,11.616129262372851,13.972266234457493,10.522208525333554
1764848221.1730704,1392.6302864002064,10.647495173849165,11.23839936684817,13.45429009059444
1764848221.1780703,985.7927495203912,12.532404751516879,15.999292010441422,16.225555957760662
1764848221.1830704,595.0723114996217,13.897468235343695,15.097976121120155,14.72211617557332
1764848221.1880703,997.4743270319887,10.43806077633053,8.05948440451175,7.05532126640901
1764848221.1930704,1375.5763426022604,11.335636765696108,15.240092319436371,11.240269316826016
1764848221.1980705,966.5434844484553,13.803970736451447,19.858868764713407,13.618845688644797
1764848221.2030704,606.4453472648747,11.601169662550092,14.48089262843132,10.832620221655816
1764848221.2080705,1019.3639614726417,11.758245460689068,13.340223141945899,10.036021531093866
1764848221.2130704,1348.0731183281168,11.556290863081813,16.358322406187654,14.048934183549136
1764848221.2180705,932.2261624550447,11.010265469551086,12.027518257498741,14.449103478807956
1764848221.2230704,632.6657858542167,17.409234293736517,17.66354749072343,16.67808385239914
1764848221.2280705,1052.8697251756676,10.726033072918653,14.409834529273212,11.517021913547069
1764848221.2330704,1350.9977200934663,10.426841076463461,9.25251249037683,10.963516720104963
1764848221.2380705,904.0946349883452,9.469426687806845,18.377868382260203,17.48216234287247
1764848221.2430704,626.3528347290121,10.516598675400019,17.77948438934982,16.491088854614645
1764848221.2480705,1065.4058698271401,8.04826470464468,7.670534809119999,9.639592135790735
1764848221.2530704,1356.3831760296598,13.811450536362827,18.09363598562777,14.950250072870404
1764848221.2580705,927.9477169057354,15.625302014872432,15.344809518195689,14.71837627561763
1764848221.2630703,605.0728039811365,15.385948417708278,14.742685625329614,13.222416293341666
1764848221.2680705,1022.5241769351996,11.201000367291272,12.244432454928756,13.47298959037289
1764848221.2730703,1376.7731105880812,11.376775665208697,11.29823776613921,16.038560959976166
1764848221.2780704,968.9856391195208,15.146594820544124,13.923647535033524,13.603886088822037
1764848221.2830703,605.1102029806934,15.27375141903758,15.453266616910696,12.100446306634694
1764848221.2880704,993.6147502777167,9.125355891883373,13.65063483826816,14.598699477035552
1764848221.2930703,1382.2184049235657,13.792751036584377,10.83823007158935,14.946510172914714
1764848221.2980704,985.5010373238474,11.791904560290277,16.95670639909804,12.66891109989956
1764848221.3030703,600.8803761308081,10.808310871943831,15.69262021407485,11.662878011818975
1764848221.3080704,986.5351196615957,8.42973450012505,11.387995365075767,10.68676412338391
1764848221.3130703,1370.6695938603953,12.435167352668941,16.575236603617668,13.663724488113075
1764848221.3180704,982.4829380596057,16.50043860450387,16.09278950933367,17.695336640346795
1764848221.3230705,604.1976673915051,12.917614446952939,10.972866469994187,10.350173127371818
1764848221.3280704,995.4809603556059,9.906994982622564,9.533004987053573,7.130119265522808
1764848221.3330705,1364.2481856364757,12.121015756390989,12.689480549655855,12.837206597905606
1764848221.3380704,967.4709796374664,12.925094246864319,15.946933411061764,15.301800668705255
1764848221.3430705,614.3402760713361,10.662454773671925,16.702393202111125,11.655398211907595
1764848221.3480704,996.5206525432877,7.64061560947448,11.141161968000233,8.210950352717191
1764848221.3530705,1359.2815984953195,10.86440937127918,11.589949962683022,11.827433609869331
1764848221.3580704,973.3463624678552,14.87358212377876,16.283524407073855,11.393605215009302
1764848221.3630705,610.7163130142726,11.589949962683022,16.57149670366198,14.396744879428297
1764848221.3680704,990.716327812057,11.193520567379892,11.002785669639707,12.111666006501764
1764848221.3730705,1358.5373584041372,13.30656404234469,19.967325863428414,12.444517102558166
1764848221.3780704,976.0129111362621,13.097129644826055,14.559430527500808,10.68302422342822
1764848221.3830705,606.8118574605323,10.714813373051584,14.536991127766669,13.618845688644797
1764848221.3880703,993.1472627832554,9.387148888781667,13.568357039242983,11.382385515142232
1764848221.3930705,1357.7295400137082,10.621315874159336,11.795644460245967,16.71922275191173
1764848221.3980703,964.3406833745539,15.400908017531037,14.409834529273212,12.440777202602476
1764848221.4030704,607.3055242546834,11.844263159669936,19.626994967460632,16.064740259665996
1764848221.4080703,994.3028918695636,10.112689480185509,11.043924569152296,9.523655237164348
1764848221.4130704,1361.5292783686891,14.51081182807684,13.605756038799882,14.449103478807956
1764848221.4180703,971.382914991118,11.795644460245967,16.04791070986539,15.413997667375952
1764848221.4230704,606.4229078651406,13.725432837381959,10.785871472209692,14.378045379649848
1764848221.4280703,999.7033074055798,10.097729880362749,8.945840694010258,8.431604450102895
1764848221.4330704,1362.8045842535794,10.89058867096901,19.077229673974216,13.981615984346718
1764848221.4380703,977.075042723678,12.08361675683409,14.86984222382307,11.517021913547069
1764848221.4430704,610.6714342148043,10.295944578014314,17.117522097192705,13.357052691746503
1764848221.4480705,1002.9906794666313,8.179161203093827,10.06033088080585,6.62523277150467
1764848221.4530704,1364.5361579330638,11.118722568266094,12.558584051206708,14.897891473490745
1764848221.4580705,965.2644386636093,12.382808753289282,16.388241605833173,15.638391664717346
1764848221.4630704,615.1593141616322,14.379915329627693,16.631335102953017,21.270680997986346
1764848221.4680705,1000.8177975923754,8.900961894541979,13.29534434247762,11.315067315939814
1764848221.4730704,1358.7879317011684,14.757645225152373,16.305963806807995,12.900784897152334
1764848221.4780705,964.1761277765036,10.643755273893476,14.245278931222856,18.095505935605615
1764848221.4830704,619.0263707158156,13.474859540350735,18.12355518527329,13.147618294227868
1764848221.4880705,1013.5558968414553,12.726879549212754,14.263978431001306,8.842993445228785
1764848221.4930704,1354.3112714542076,11.889141959138215,13.68803383782506,17.47842244291678
1764848221.4980705,956.6888480652124,14.121862232685089,15.520584816113114,14.497722178231925
1764848221.5030704,623.0093641686253,11.305717566050589,12.128495556302369,12.822246998082846
1764848221.5080705,1022.0604293406941,9.338530189357698,10.8569295713678,12.399638303089887
1764848221.5130703,1343.9554884769022,12.244432454928756,14.746425525285304,11.629218912217766
1764848221.5180705,939.7695406656712,5.437814535573125,7.730373208411038,10.705463623162359
1764848221.5230703,637.5800143959932,15.404647917486727,14.402354729361832,17.613058841321617
1764848221.5280704,1030.1012142454274,10.819530571810901,15.228872619569302,10.077160430606455
1764848221.5330703,1341.5245535057038,10.767171972431242,15.124155420809984,14.800654074642807
1764848221.5380704,945.4504486983642,11.986379357986152,13.957306634634733,20.058953412342817
1764848221.5430703,635.6502260188572,10.662454773671925,15.109195820987225,12.747448998969048
1764848221.5480704,1028.9979437584989,8.268918802030385,7.307764513418078,9.317960739601403
1764848221.5530703,1331.886831319891,13.534697939641774,15.232612519524992,12.063047307077795
1764848221.5580704,941.9611220397055,15.180253920145333,11.369295865297318,16.872558650095016
1764848221.5630703,641.3610532511957,14.91846092324704,10.348303177393973,14.344386280048639
1764848221.5680704,1032.4723108173348,13.25046554300934,14.443493628874421,11.543201213236898
1764848221.5730705,1327.0174815775827,10.86440937127918,17.891681388020515,10.978476319927722
1764848221.5780704,937.5667395917699,11.511412063613534,14.316337030380964,7.792081557679921
1764848221.5830705,652.8238466153853,13.602016138844192,16.627595202997327,17.373705244157463
1764848221.5880704,1036.0962738743983,8.930881094187498,16.50791840441525,14.557560577522963
1764848221.5930705,1319.8555731624365,8.100623304024339,14.88854172360152,13.667464388068765
1764848221.5980704,939.3095329711214,11.735806060954928,18.55738358013332,10.798961122054607
1764848221.6030705,652.9771825135686,13.175667543895543,14.765125025063753,11.917191208805889
1764848221.6080704,1035.9578975760378,10.44180067628622,11.197260467335582,7.552727960515767
1764848221.6130705,1324.4481703080237,14.46593302860856,14.237799131311476,15.260661769192666
1764848221.6180704,941.5684325443581,15.651481314562261,17.622408591210842,14.3219468803145
1764848221.6230705,655.841945879627,13.961046534590423,17.27833779528737,13.540307789575309
1764848221.6280704,1025.5759352990426,11.070103868842125,12.842816447839141,8.26704885205254
1764848221.6330705,1324.7847613040358,13.011111945845187,12.233212755061686,15.331719868350774
1764848221.6380703,943.4196830224246,15.004478622227907,15.591642915271223,15.417737567331642
1764848221.6430705,649.6411917530932,12.07239705696702,13.407541341148317,14.729595975484699
1764848221.6480703,1021.832295443397,6.642062321305275,11.395475164987147,9.964963431935757
1764848221.6530704,1333.1247382052243,9.6339822858572,10.0416313810274,12.167764505837113
1764848221.6580703,952.9227688098326,11.354336265474558,14.533251227810979,9.972443231847137
1764848221.6630704,640.6654318594374,12.360369353555143,17.484032292850316,17.250288545619696
1764848221.6680703,1023.9976975177415,9.835936883464456,12.244432454928756,12.040607907343656
1764848221.6730704,1330.521767836064,12.165894555859268,11.889141959138215,13.143878394272178
1764848221.6780703,954.7852389877662,14.245278931222856,16.721092701889575,14.793174274731427
1764848221.6830704,647.2775749810971,12.708180049434304,15.961893010884523,14.804393974598497
1764848221.6880703,1010.3321030796506,10.84570987150073,12.251912254840136,11.191650617402047
1764848221.6930704,1333.4351499015465,12.278091554529965,14.207879931665957,13.271034992765635
1764848221.6980705,953.4201755039394,12.936313946731389,16.178807208314538,15.025048071984202
1764848221.7030704,651.3652856326662,12.184594055637717,16.50043860450387,13.285994592588395
1764848221.7080705,1017.1835997984745,10.000492481514812,10.673674473538995,12.048087707255036
1764848221.7130704,1327.3465927736834,11.223439767025411,11.373035765253007,12.018168507609516
1764848221.7180705,956.8085248637944,10.83823007158935,15.060577121563256,14.026494783814996
1764848221.7230704,653.4035311085172,11.65726816188544,13.104609444737434,15.361639067996293
1764848221.7280705,1014.6404678286053,13.130788744427264,10.314644077792764,9.015028843190521
1764848221.7330704,1319.2272699698806,12.532404751516879,14.824963424354792,12.956883396487683
1764848221.7380705,953.8240846991539,12.86899574752897,17.28581759519875,16.6930434522219
1764848221.7430704,661.2797604152001,11.68344746157527,12.154674855992198,15.313020368572325
1764848221.7480705,1016.7647310034372,9.450727188028395,13.594536338932812,9.370319338981062
1764848221.7530704,331.83197331847623,15.806687162723392,12.941923796664923,11.365555965341628
1764848221.7580705,-30.265140391420573,9.628372435923666,20.088872611988336,11.70588686130941
1764848221.7630703,-303.2647475069389,13.88811848545447,16.969796048942953,11.926540958695114
1764848221.7680705,48.506502425298095,13.809580586384982,14.920330873224884,11.219699867069721
1764848221.7730703,324.2773754079826,10.462370126042515,10.148218529764563,13.082170045003295
1764848221.7780704,-29.461061900947243,12.410858002956957,12.579153500963002,14.207879931665957
1764848221.7830703,-303.8444320000708,11.748895710799843,7.691104258876294,15.004478622227907
1764848221.7880704,49.42651781439781,8.753235846292228,10.447410526219755,11.459053464233875
1764848221.7930703,316.4609845005907,11.692797211464494,10.084640230517834,11.324417065829039
1764848221.7980704,-36.649149615783244,12.478176202159375,17.616798741277307,15.6739207142964
1764848221.8030703,-294.56948010995984,8.63355904771015,14.220969581510872,15.752458613365889
1764848221.8080704,58.79870710335672,11.591819912660867,13.199976893607527,10.703593673184514
1764848221.8130703,309.4224927839823,12.743709099013358,11.44970371434465,11.821823759935796
1764848221.8180704,-56.9717659750022,12.429557502735406,14.602439376991242,13.138268544338644
1764848221.8230705,-278.4018926015124,12.089226606767625,16.446210055146366,12.524924951605499
1764848221.8280704,80.58362434525043,8.962670243810862,15.956283160950989,8.953320493921638
1764848221.8330705,295.25949165178463,7.889318956527859,16.958576349075884,12.551104251295328
1764848221.8380704,-60.382554734591395,15.354159268084913,16.135798358824104,17.218499395996332
1764848221.8430705,-271.2736432859674,15.627171964850277,12.388418603222817,15.172774120233953
1764848221.8480704,88.84132344741374,13.04664099542424,14.31446708040312,6.552304722368717
1764848221.8530705,288.7408460290171,12.444517102558166,13.551527489442378,15.999292010441422
1764848221.8580704,-79.69539810577407,10.701723723206669,13.405671391170472,15.651481314562261
1764848221.8630705,-256.72917235828936,12.721269699279219,15.372858767863363,15.060577121563256
1764848221.8680704,99.55987672042102,10.410011526662856,12.27248170459643,14.51081182807684
1764848221.8730705,275.7446936829947,11.812474010046571,13.162577894050628,11.077583668753505
1764848221.8780704,-78.64074631826952,15.391558267641813,12.859645997639745,14.529511327855289
1764848221.8830705,-246.55290457885712,12.870865697506815,14.826833374332637,13.014851845800877
1764848221.8880703,97.1214619493112,5.02455559046939,13.641285088378936,13.27290494274348
1764848221.8930705,271.9711346277036,9.897645232733339,15.178383970167488,13.68803383782506
1764848221.8980703,-65.57353587308899,16.71548285195604,16.625725253019482,10.595136574469507
1764848221.9030704,-254.10750248935074,12.515575201716274,15.197083469945937,16.403201205655932
1764848221.9080703,81.91502872947603,9.86024623317644,10.099599830340594,8.104363203980029
1764848221.9130704,273.97946090390906,9.710650234948844,14.29576758062467,9.547964586876333
1764848221.9180703,-55.094336197245866,13.49916889006272,13.042901095468551,11.848003059625626
1764848221.9230704,-246.61274297814816,11.808734110090882,14.217229681555182,9.611542886123061
1764848221.9280703,61.28574057389051,10.036021531093866,18.630311629269272,13.070950345136225
1764848221.9330704,284.0846705841832,10.428711026441306,15.533674465958029,13.332743342034519
1764848221.9380703,-59.48123884527013,12.429557502735406,8.195990752894431,14.91846092324704
1764848221.9430704,-260.2745975162834,14.482762578409165,13.824540186207741,14.48463252838701
1764848221.9480705,71.54054625239223,9.964963431935757,13.293474392499775,14.406094629317522
1764848221.9530704,271.3316117352806,7.46297036157921,15.324240068439394,6.488726423121989
1764848221.9580705,-46.642162297386676,16.70052325213328,18.33485953276977,11.967679858207703
1764848221.9630704,-256.7852708576247,11.763855310622603,18.454536331351846,13.994705634191632
1764848221.9680705,74.68206221517175,10.66806462360546,8.038914954755455,10.935467470437288
1764848221.9730704,266.05087299784645,11.217829917091876,15.52245476609096,17.050203897990286
1764848221.9780705,-59.956206139642745,12.156544805970043,10.974736419972032,14.89976142346859
1764848221.9830704,-255.7530584698543,11.356206215452403,14.901631373446435,12.693220449611545
1764848221.9880705,63.028533953242004,9.246902640443295,14.116252382751554,9.185194291174412
1764848221.9930704,269.90296995220706,11.49084261385724,11.281408216338605,14.357475929893553
1764848221.9980705,-56.83712957659736,14.890411673579365,10.26041552843526,17.218499395996332
1764848222.0030704,-249.750519040972,13.08403999498114,16.2479953574948,14.858622523956
1764848222.0080705,64.78628693241626,9.946263932157308,13.51786838984117,6.189534426666796
1764848222.0130703,268.8931969641708,13.626325488556176,16.079699859488755,10.83823007158935
1764848222.0180705,-41.413782159332186,15.948803361039609,17.242808745708317,17.139961496926844
1764848222.0230703,-254.16360098868608,10.338953427504748,12.889565197285265,12.973712946288288
1764848222.0280704,54.38188525568694,9.007549043279141,14.67349747614935,10.793351272121072
1764848222.0330703,263.8443320239894,10.077160430606455,15.051227371674031,13.456160040572286
1764848222.0380704,-52.85039622383192,15.032527871895581,8.63729894766584,19.25300497189164
1764848222.0430703,-250.05345093738288,11.793774510268122,16.042300859931856,12.734359349124134
1764848222.0480704,49.80424770992249,12.500615601893514,18.74624852789566,11.608649462461472
1764848222.0530703,265.7030623019673,9.688210835214704,11.019615219440311,13.242985743097961
1764848222.0580704,-45.32197761302814,10.036021531093866,14.045194283593446,15.587903015315533
1764848222.0630703,-244.21920700650662,13.364532491657883,16.412550955545157,11.122462468221784
1764848222.0680704,62.34787216130644,11.565640612971038,9.647071935702115,7.63687570951879
1764848222.0730705,261.9108037468977,10.6905040233396,16.26669485727325,15.30741051863879
1764848222.0780704,-35.17562903324142,9.07860714243725,13.641285088378936,19.118368573486805
1764848222.0830705,-247.29714467003942,15.776767963077873,13.551527489442378,13.433720640838146
1764848222.0880704,56.199476634152234,9.561054236721247,13.981615984346718,10.696113873273134
1764848222.0930705,258.48879528744146,12.751188898924738,17.381185044068843,11.545071163214743
1764848222.0980704,-45.030265416484326,15.440176967065781,13.199976893607527,16.279784507118165
1764848222.1030705,-237.06103849131614,11.999469007831067,15.716929563786834,14.615529026836157
1764848222.1080704,54.64741815254092,9.04494804283604,12.119145806413144,11.563770662993193
1764848222.1130705,255.96810271730646,11.965809908229858,13.342093091923743,10.295944578014314
1764848222.1180704,-41.97102725272998,11.43474411452189,15.776767963077873,13.871288935653865
1764848222.1230705,-237.69308158382773,14.70715657575056,10.63066562404856,13.441200440749526
1764848222.1280704,52.62039237655699,8.723316646646708,10.215536728966981,9.196413991041481
1764848222.1330705,251.00525547610596,12.440777202602476,13.308433992322534,11.425394364632666
1764848222.1380703,-38.9267486887984,12.792327798437327,19.88691801438108,14.200400131754577
1764848222.1430705,-230.1048245737329,12.478176202159375,14.28080798080191,12.569803751073778
1764848222.1480703,60.37320498470217,8.308187751565129,8.599899948108941,13.022331645712256
1764848222.1530704,244.4267714540474,11.49832241376862,19.49422851903364,15.561723715625703
1764848222.1580703,-49.03943816898391,13.405671391170472,11.004655619617552,13.643155038356781
1764848222.1630704,-221.37215817719698,16.25921505736187,17.609318941365927,13.403801441192627
1764848222.1680703,71.53306645248085,9.680731035303324,10.309034227859229,12.248172354884446
1764848222.1730704,229.66164642898366,11.128072318155318,14.856752573978156,13.931127334944904
1764848222.1780703,-107.00788748217747,12.998022296000272,9.650811835657805,13.119569044560194
1764848222.1830704,-171.42579426895827,11.599299712572247,17.55322044203058,13.082170045003295
1764848222.1880703,175.3377296226099,9.84528663335368,9.82658713357523,14.170480932109058
1764848222.1930704,161.58611748553813,9.134705641772598,9.83406693348661,10.707333573140204
1764848222.1980705,-237.02363949175924,16.019861460197717,14.864232373889536,14.144301632419229
1764848222.2030704,-111.63975357729942,12.508095401804894,16.846379350405186,12.577283550985157
1764848222.2080705,-596.2765592853539,5.308787987101823,13.379492091480643,9.970573281869292
1764848222.2130704,-831.8603372941725,14.026494783814996,13.656244688201696,16.320923406630754
1764848222.2180705,-496.73351211473346,9.84528663335368,16.128318558912724,17.65232779085636
1764848222.2230704,-115.33103483356535,11.715236611198634,11.333766815718263,10.206186979077756
1764848222.2280705,-440.43492813175544,10.181877629365772,14.411704479251057,8.672827997244895
1764848222.2330704,-851.5658701607026,11.46092341421172,17.642978040967137,12.532404751516879
1764848222.2380705,-577.6200683563948,14.617398976814002,14.041454383637756,14.839923024177551
1764848222.2430704,-132.7290494274348,13.035421295557171,16.128318558912724,14.963339722715318
1764848222.2480705,-341.19668280752376,8.173551353160292,17.14183144690469,4.188687950372696
1764848222.2530704,-825.6408836678602,14.27332818089053,8.730796446558088,12.240692554973066
1764848222.2580705,-693.9608761779964,14.879191973712295,18.615352029446512,14.536991127766669
1764848222.2630703,-1145.6865622759797,9.527395137120038,14.30324738053605,15.075536721386015
1764848222.2680705,-1183.5137803778052,5.862293180543929,16.894998049829155,11.24587916675955
1764848222.2730703,-778.8435155223124,10.64936512382701,11.816213910002261,14.275198130868375
1764848222.2780704,-819.6046851393767,11.03831471921876,16.461169654969126,15.786117712967098
1764848222.2830703,-1202.4414140535519,11.341246615629643,16.072220059577376,13.403801441192627
1764848222.2880704,-1111.6927416287363,12.564193901140243,11.371165815275162,4.057791451923549
1764848222.2930703,-703.6565668131225,14.075113483238965,15.978722560685128,13.130788744427264
1764848222.2980704,-853.6265550362878,11.520761813502759,19.90187761420384,16.979145798832178
1764848222.3030703,-1243.2025836706161,14.729595975484699,11.187910717446357,13.190627143718302
1764848222.3080704,-1094.8968509277329,9.84528663335368,8.738276246469468,9.368449389003217
1764848222.3130703,-705.7434309883974,11.947110408451408,6.969303567428142,11.055144269019365
1764848222.3180704,-855.1636539180763,10.163178129587322,15.690750264097005,21.485725245438516
1764848222.3230705,-1245.8653924390674,12.044347807299346,15.694490164052695,14.148041532374918
1764848222.3280704,-1108.3268316686153,8.588680248241872,12.478176202159375,7.274105413816869
1764848222.3330705,-721.3126345039345,9.07860714243725,13.585186589043587,13.385101941414177
1764848222.3380704,-839.777705500368,13.248595593031496,14.67349747614935,16.12270870897919
1764848222.3430705,-1225.475457880646,10.492289325688034,15.387818367686123,11.320677165873349
1764848222.3480704,-1141.8138958718628,10.428711026441306,8.087533654179424,9.66016158554703
1764848222.3530705,-739.9111569835804,11.565640612971038,14.497722178231925,17.196059996262193
1764848222.3580704,-819.2232153438963,18.099245835561305,21.59605229413137,15.139115020632744
1764848222.3630705,-1186.363584144041,15.399038067553192,13.746002287138253,12.517445151694119
1764848222.3680704,-1161.1940574422479,6.041808378417045,4.62812619516626,9.581623686477542
1764848222.3730705,-760.4544274401851,9.366579439025372,20.062693312298506,13.725432837381959
1764848222.3780704,-754.8427075566724,16.779061151202768,16.034821060020477,20.300176959484816
1764848222.3830705,-1164.2776049557142,16.853859150316566,14.823093474376947,10.632535574026406
1764848222.3880703,-1200.8220373727381,8.581200448330492,9.587233536411077,7.820130807347596
1764848222.3930705,-810.8794985427521,11.958330108318478,16.917437449563295,14.222839531488717
1764848222.3980703,-705.3451316431165,13.611365888733417,15.50375526631251,15.494405516423285
1764848222.4030704,-1118.931317992974,11.374905715230852,12.616552500519902,13.497298940084875
1764848222.4080703,-1220.4752116398886,5.970750279258937,15.294320868793875,7.865009606815875
1764848222.4130704,-790.9458317789249,12.822246998082846,14.826833374332637,13.104609444737434
1764848222.4180703,-711.9198757652193,15.687010364141315,13.697383587714285,16.93052709940821
1764848222.4230704,-1123.6585515369661,13.944216984789819,12.496875701937824,10.942947270348668
1764848222.4280703,-1260.3762042671442,10.376352427061647,7.6275259596295655,10.45676027610898
1764848222.4330704,-822.4993677050807,6.774828769732267,12.478176202159375,14.394874929450452
1764848222.4380703,-680.9086253326386,17.03711424814537,12.410858002956957,18.692019978538156
1764848222.4430704,-1126.493395703379,14.755775275174528,16.618245453108102,15.041877621784806
1764848222.4480705,-1237.2449230412021,9.07860714243725,10.626925724092871,9.499345887452364
1764848222.4530704,-803.2575824330561,8.147372053470463,16.472389354836196,13.055990745313466
1764848222.4580705,-707.0056472234428,12.235082705039531,14.247148881200701,17.861762188374996
1764848222.4630704,-1137.492441473063,9.299261239822954,10.080900330562145,8.803724495694041
1764848222.4680705,-1222.8051693122834,9.02998844301328,8.704617146868259,7.734113108366728
1764848222.4730704,-777.7402450353839,13.282254692632705,19.670003816951066,12.539884551428258
1764848222.4780705,-732.0143582271412,15.10732587100938,18.065586735960096,13.011111945845187
1764848222.4830704,-1160.1973741040565,12.893305097240955,11.790034610312432,11.735806060954928
1764848222.4880705,-1225.8419680763036,5.6154597834683955,6.767348969820887,10.744732572697103
1764848222.4930704,-775.1297948663123,11.113112718332559,16.943616749253124,14.357475929893553
1764848222.4980705,-722.645908838138,11.629218912217766,18.099245835561305,17.68224699050188
1764848222.5030704,-1181.671879649628,13.573966889176518,13.921777585055679,14.421054229140282
1764848222.5080705,-1217.0980819799006,6.172704876866192,13.170057693962008,13.964786434546113
1764848222.5130703,-745.6070246160962,12.485656002070755,15.425217367243022,12.270611754618585
1764848222.5180705,-723.7416995251551,15.593512865249068,17.0632935478352,14.45471332874149
1764848222.5230703,-1209.182583723683,14.65853787632659,12.564193901140243,12.91013464704156
1764848222.5280704,-1214.8204829068854,4.841300492640585,10.997175819706172,9.731219684705138
1764848222.5330703,-729.2711416096427,13.566487089265138,17.642978040967137,13.067210445180535
1764848222.5380704,-764.9086482874118,9.998622531536967,18.70510962838307,11.571250462904572
1764848222.5430703,-1206.3496095072478,12.594113100785762,13.45802999055013,14.013405133970082
1764848222.5480704,-1179.1081782300025,9.276821840088814,9.007549043279141,10.785871472209692
1764848222.5530703,-715.9234386677854,12.2463024049066,16.457429755013436,11.64978836197406
1764848222.5580704,-795.8151815212332,16.30783375678584,18.144124635029584,16.994105398654938
1764848222.5630703,-1236.945731044747,17.5457406421192,15.829126562457532,13.235505943186581
1764848222.5680704,-1118.1889478517696,5.409765285905451,9.288041539955884,8.796244695782661
1764848222.5730705,-698.1364744785242,9.284301640000194,14.486502478364855,9.203893790952861
1764848222.5780704,-881.9974361001514,16.26669485727325,16.218076157849282,14.245278931222856
1764848222.5830705,-1289.1696940260008,13.89185838541016,14.65853787632659,14.742685625329614
1764848222.5880704,-1055.6952195921913,12.156544805970043,9.216983440797776,8.598029998131096
1764848222.5930705,-675.4577211472206,13.529088089708239,17.343786044511944,12.86525584757328
1764848222.5980704,-928.338536451105,14.647318176459521,17.57565984176472,17.154921096749604
1764848222.6030705,-1269.2173277623951,11.419784514699131,20.821893003303558,18.381608282215893
1764848222.6080704,-1011.2951273182407,4.908618691843003,9.624632535967976,10.224886478856206
1764848222.6130705,-666.2762667560019,11.157991517800838,19.1015390236862,12.4875259520486
1764848222.6180704,-973.6848234138452,15.634651764761657,14.71463637566194,16.736052301712334
1764848222.6230705,-1294.255957965739,16.120838759001344,16.966056148987263,17.125001897104084
1764848222.6280704,-975.2724109450355,3.543555208016187,9.235682940576226,8.224040002562106
1764848222.6330705,-671.0035002999939,15.92636396130547,18.102985735516995,14.86236242391169
1764848222.6380703,-1014.7264855275862,16.943616749253124,18.35729893250391,14.07698343321681
1764848222.6430705,-1295.7930568475276,14.70341667579487,17.07825314765796,15.872135411947966
1764848222.6480703,-955.8922493746504,9.0599076426588,11.46092341421172,8.497052699327469
1764848222.6530704,-671.7028615917079,14.927810673136264,15.986202360596508,14.832443224266171
1764848222.6580703,-1043.6583515848033,14.733335875440389,18.420877231750637,16.14888800866902
1764848222.6630704,-1284.5022988812998,10.881238921079785,13.947956884745508,14.353736029937863
1764848222.6680703,-935.8725649118423,5.514482484664768,4.800161593127996,9.390888788737357
1764848222.6730704,-668.8231386258267,10.481069625820965,11.90597150893882,11.67596766166389
1764848222.6780703,-1041.9529572050087,11.943370508495718,19.5465871184133,15.958153110928833
1764848222.6830704,-1290.157027614303,15.971242760773748,13.289734492544085,14.664147726260126
1764848222.6880703,-929.9410835821182,8.308187751565129,11.87979220924899,9.207633690908551
1764848222.6930704,-671.1082174987532,10.754082322586328,13.955436684656888,15.68514041416347
1764848222.6980705,-1029.3195751546882,12.208903405349702,19.48674871912226,14.301377430558205
1764848222.7030704,-1281.5253385165706,12.979322796221823,16.921177349518985,11.107502868399024
1764848222.7080705,-941.2842001477256,8.368026150856167,1.5988072310574353,7.0609311163425446
1764848222.7130704,-670.1321036103182,14.370565579738468,5.671558282803744,15.034397821873426
1764848222.7180705,-1032.1207602215,16.034821060020477,15.982462460640818,13.572096939198673
1764848222.7230704,-1273.4733339119703,8.925271244253963,15.552373965736479,14.379915329627693
1764848222.7280705,-936.3811913058162,8.68217774713412,12.758668698836118,7.614436309784651
1764848222.7330704,-673.8981828656979,11.674097711686045,9.542354736942798,14.376175429672003
1764848222.7380705,-1021.6677398453467,16.29661405691877,22.78908037999645,18.50128508079797
1764848222.7430704,-1280.313610930927,11.909711408894509,14.228449381422251,14.88480182364583
1764848222.7480705,-934.4102640291676,7.302154663484544,11.109372818376869,5.344317036680877
1764848222.7530704,-670.8800836014561,13.577706789132208,16.449949955102056,13.68429393786937
1764848222.7580705,-2981.1378329796717,14.529511327855289,24.659030357841402,18.620961879380047
1764848222.7630703,-3235.213546319399,13.755352037027478,15.342939568217844,10.647495173849165
1764848222.7680705,-2903.2675060522743,8.85982299502939,11.09441321855411,7.150688715279102
1764848222.7730703,-2639.325936629437,10.415621376596391,7.092720265965909,12.44264715258032
1764848222.7780704,-2989.8817190760747,10.307164277881384,13.8768987855874,16.631335102953017
1764848222.7830703,-3225.1943543381058,17.461592893116176,20.601238905917853,16.683693702332675
1764848222.7880704,-2913.881342126522,4.600076945498586,9.220723340753466,7.7864717077463865
1764848222.7930703,-2634.6061828853562,12.203293555416167,13.46176989050582,11.70588686130941
1764848222.7980704,-2977.2184178261086,17.32321659475565,16.161977658513933,15.011958422139287
1764848222.8030703,-3225.5982635333203,13.549657539464533,16.2479953574948,16.212466307915747
1764848222.8080704,-2906.0051128198393,5.071304339915514,7.111419765744358,6.473766823299229
1764848222.8130703,-2644.54683696758,9.67512118536979,15.421477467287332,14.600569427013397
1764848222.8180704,-2978.482504011132,14.379915329627693,17.5457406421192,16.410681005567312
1764848222.8230705,-3233.683927237522,16.975405898876488,12.65769140003249,13.620715638622642
1764848222.8280704,-2902.874816556927,5.550011534243822,10.342693327460438,8.684047697111964
1764848222.8330705,-2643.234132083133,16.721092701889575,13.401931491214782,12.655821450054646
1764848222.8380704,-2990.7418960658833,12.536144651472569,15.11480567092076,16.03295111004263
1764848222.8430705,-3222.1201565745287,9.203893790952861,15.615952264983207,13.30656404234469
1764848222.8480704,-2907.598310200963,7.823870707303286,17.10817234730348,10.823270471766591
1764848222.8530705,-2641.4053210048005,10.550257775001228,11.786294710356742,10.097729880362749
1764848222.8580704,-2989.743342777714,12.46134665235877,10.559607524890453,16.05165060982108
1764848222.8630705,-3220.9981865878217,14.851142724044621,13.338353191968054,15.27749131899327
1764848222.8680704,-2891.88699048711,5.262039237655699,13.757221987005323,9.705040385015309
1764848222.8730705,-2596.724736234173,15.569203515537083,8.061354354489595,14.88480182364583
1764848222.8780704,-2938.9667210793123,17.532650992274284,12.597853000741452,16.92304729949683
1764848222.8830705,-3221.839664077852,16.95670639909804,16.898737949784845,12.09109655674547
1764848222.8880703,-2914.4423271198757,7.831350507214665,11.49832241376862,9.955613682046533
1764848222.8930705,-2648.3428354226053,8.88600229471922,16.083439759444445,18.329249682836235
1764848222.8980703,-2980.143019591458,10.954166970215738,25.380831049289554,15.988072310574353
1764848222.9030704,-3228.519125398714,10.08651018049568,10.043501331005245,16.414420905523002
1764848222.9080703,-2920.504704948049,11.709626761265099,11.187910717446357,11.111242768354714
1764848222.9130704,-2645.8670216519386,9.420807988382876,9.935044232290238,12.734359349124134
1764848222.9180703,-2989.3543931823224,10.662454773671925,22.568426282610744,18.51250478066504
1764848222.9230704,-3229.6373554854654,13.28038474265486,12.781108098570257,13.777791436761618
1764848222.9280703,-2892.1787026836537,5.363016536459327,5.6528587830252945,7.726633308455348
1764848222.9330704,-2667.304128197953,14.630488626658916,14.991388972382993,13.609495938755572
1764848222.9380703,-3046.06997601036,14.256498631089926,25.676283145789057,11.28701806627214
1764848222.9430704,-3236.4589330046438,14.409834529273212,12.197683705482632,12.704440149478614
1764848222.9480705,-2863.471230623778,9.465686787851155,11.640438612084836,11.309457466006279
1764848222.9530704,-2647.5537165319547,11.081323568709195,8.364286250900477,9.360969589091837
1764848222.9580705,-3035.3850818369538,12.345409753732383,11.004655619617552,13.908687935210764
1764848222.9630704,-3196.778594474774,14.540731027722359,17.642978040967137,13.934867234900594
1764848222.9680705,-2836.4242741442285,9.951873782090843,5.1330126891843975,7.356383212842047
1764848222.9730704,-2647.6397342309356,7.146948815323412,14.804393974598497,12.218253155238926
1764848222.9780705,-3050.685012555681,14.828703324310482,21.56987299444154,16.45929970499128
1764848222.9830704,-3197.0815263711847,16.10774910915643,20.249688310083002,11.69840706139803
1764848222.9880705,-2817.3807035698555,8.657868397422135,10.66806462360546,7.595736810006201
1764848222.9930704,-2655.736617635004,13.018591745756567,9.961223531980067,17.31573679484427
1764848222.9980705,-3070.8094142172486,14.043324333615601,15.148464770521969,16.291004206985235
1764848223.0030704,-3201.0794794238172,11.911581358872354,6.397098874207586,13.224286243319511
1764848223.0080705,-2799.9639894762076,9.589103486388922,14.202270081732422,10.8569295713678
1764848223.0130703,-2668.0708076888695,13.68055403791368,16.73792225169018,10.165048079565167
1764848223.0180705,-3088.5739390067756,13.407541341148317,22.8077798797749,14.952120022848248
1764848223.0230703,-3195.305073892232,14.349996129982173,16.25547515740618,16.13766830880195
1764848223.0280704,-2794.051207646262,5.497652934864163,3.057368213776499,6.529865322634578
1764848223.0330703,-2666.1447592116892,11.803124260157347,16.928657149430364,12.573543651029468
1764848223.0380704,-3098.7427269862965,15.26253171917051,18.106725635472685,13.085909944958985
1764848223.0430703,-3181.4749238560908,13.927387434989214,13.962916484568268,11.088803368620574
1764848223.0480704,-2775.7144781635143,6.944994217716157,8.977629843633622,7.954767205752432
1764848223.0530703,-2668.306421386078,12.203293555416167,16.72296265186742,16.44434010516852
1764848223.0580704,-3097.7927923975512,14.750165425240993,19.041700624395162,16.91556749958545
1764848223.0630703,-3182.301441746298,12.992412446066737,14.845532874111086,14.929680623114109
1764848223.0680704,-2764.76779099321,4.42056174762547,10.413751426618546,10.8943285709247
1764848223.0730705,-2680.621911940165,13.934867234900594,12.552974201273173,11.27953826636076
1764848223.0780704,-3117.3636888656765,14.436013828963041,16.382631755899638,12.45386685244739
1764848223.0830705,-3176.758910011966,14.716506325639784,16.457429755013436,15.72627931367606
1764848223.0880704,-2762.5051515200175,6.978653317317367,9.972443231847137,5.075044239871204
1764848223.0930705,-2679.6869369512424,11.993859157897532,10.226756428834051,13.919907635077834
1764848223.0980704,-3121.5112379165366,16.017991510219872,11.43474411452189,20.94343975186348
1764848223.1030705,-3167.914046616759,10.954166970215738,13.06908039515838,12.364109253510833
1764848223.1080704,-2766.151553976815,3.938114653341472,8.555021148640662,5.000246240757406
1764848223.1130705,-2681.7364021269605,13.515998439863324,17.605579041410238,13.65063483826816
1764848223.1180704,-3115.9051278829575,12.839076547883451,12.983062696177512,18.276891083456576
1764848223.1230705,-3159.607728815172,13.198106943629682,11.674097711686045,15.247572119347751
1764848223.1280704,-2752.6654747365974,10.06407078076154,9.553574436809868,5.8940823301672935
1764848223.1330705,-2697.9339088350534,14.570650227367878,17.343786044511944,12.401508253067732
1764848223.1380703,-3117.632961662486,15.389688317663968,17.287687545176595,15.71879951376468
1764848223.1430705,-3158.1753471321426,12.8577760476619,20.085132712032646,16.388241605833173
1764848223.1480703,-2757.385228480678,7.610696409828961,6.161485176999122,10.662454773671925
1764848223.1530704,-2702.511546380818,15.026918021962047,21.55491339461878,12.999892245978117
1764848223.1580703,-3120.7146392259747,8.706487096846104,17.186710246372968,14.611789126880467
1764848223.1630704,-3139.535685752984,12.543624451383948,15.825386662501842,14.86236242391169
1764848223.1680703,-2767.4642588612624,7.038491716608405,14.25836858106777,5.609849933534861
1764848223.1730704,-2706.311284735799,12.341669853776693,20.597499005962163,14.043324333615601
1764848223.1780703,-3121.7169324140996,11.361816065385938,14.624878776725382,20.251558260060847
1764848223.1830704,-3143.1970478096046,7.292804913595319,16.132058458868414,13.67681413795799
1764848223.1880703,-2762.8342627161182,8.766325496137142,3.0685879136435688,7.25166601408273
1764848223.1930704,-2723.1296148365363,15.442046917043626,18.607872229535133,16.369542106054723
1764848223.1980705,-3107.939140977338,16.91930739954114,11.685317411553115,15.748718713410199
1764848223.2030704,-3135.4554549013264,14.686587125994265,18.72754902811721,14.761385125108063
1764848223.2080705,-2771.1144012180157,7.090850315988064,5.233989987988025,8.347456701099873
1764848223.2130704,-2731.7762635340914,8.272658701986074,14.168610982131213,8.957060393877327
1764848223.2180705,-3110.9609801415354,14.548210827633739,19.382031520362943,15.737499013543129
1764848223.2230704,-3123.1025653476827,9.23755289055407,16.999715248588473,12.760538648813963
1764848223.2280705,-2786.634986034129,7.494759511202574,5.387325886171311,9.27495189011097
1764848223.2330704,-2726.824635992758,15.445786816999316,20.238468610215932,13.837629836052656
1764848223.2380705,-3097.3066054033116,15.935713711194694,15.241962269414216,14.675367426127195
1764848223.2430704,-3116.4717227262445,14.697806825861335,12.377198903355747,10.916767970658839
1764848223.2480705,-2805.603758609388,8.05574450455606,4.21299730008468,11.010265469551086
1764848223.2530704,-2773.412569740787,13.871288935653865,18.132904935162514,13.108349344693124
1764848223.2580705,-3028.436347719282,12.150934956036508,14.980169272515923,15.602862615138292
1764848223.2630703,-3059.236293804366,15.748718713410199,14.901631373446435,18.07493648584932
1764848223.2680705,-2894.7592336530797,9.207633690908551,5.85107348067686,11.058884168975055
1764848223.2730703,-2848.0497531564906,11.014005369506776,14.075113483238965,13.130788744427264
1764848223.2780704,-2948.71290036384,14.772604824975133,13.760961886961013,20.322616359218955
1764848223.2830703,-2987.1235428587534,13.744132337160408,15.140984970610589,13.979746034368873
1764848223.2880704,-2992.9259976400062,7.397522112354636,13.86941898567602,8.366156200878322
1764848223.2930703,-2889.7215884127654,12.667041149921715,16.412550955545157,13.130788744427264
1764848223.2980704,-2842.5034815222025,15.172774120233953,20.156190811190754,11.728326261043549
1764848223.3030703,-2947.338487130124,10.198707179166377,15.230742569547147,15.243832219392061
1764848223.3080704,-3080.308760104701,6.600923421792686,5.634159283246845,8.915921494364738
1764848223.3130703,-2933.7514305911027,15.232612519524992,9.729349734727293,14.125602132640779
1764848223.3180704,-2758.217356220819,12.397768353112042,12.605332800652832,15.845956112258136
1764848223.3230705,-2910.436894267332,14.335036530159414,19.10527892364189,15.064317021518946
1764848223.3280704,-3160.4660358550027,12.188333955593407,8.914051544386894,7.9884263053536415
1764848223.3330705,-2964.781380523462,7.532158510759473,15.563593665603548,11.402954964898527
1764848223.3380704,-2704.751746454276,17.70094649028033,23.383724472951144,17.435413593426347
1764848223.3430705,-2909.6440354767255,12.07613695692271,16.939876849297434,11.477752964012325
1764848223.3480704,-3208.187159289606,10.019191981293261,10.503509025555104,13.422500940971076
1764848223.3530705,-2939.7726695197634,10.355782977305353,14.29202768066898,15.449526716955006
1764848223.3580704,-2654.087321754545,12.113535956479609,14.916590973269194,13.931127334944904
1764848223.3630705,-2925.6021885876544,13.370142341591418,6.726210070308298,12.678260849788785
1764848223.3680704,-3272.326443529688,6.679461320862174,12.631512100342661,12.203293555416167
1764848223.3730705,-2939.8549473187886,14.46219312865287,17.605579041410238,13.998445534147322
1764848223.3780704,-2571.4804115332663,11.002785669639707,15.649611364584416,14.49211232829839
1764848223.3830705,-2917.984012377914,11.67596766166389,19.688703316729516,16.586456303484738
1764848223.3880703,-3340.3739232234657,11.032704869285226,9.583493636455387,11.174821067601442
1764848223.3930705,-2940.535609110724,14.0807233331725,14.897891473490745,16.84824930038303
1764848223.3980703,-2491.050123086199,13.130788744427264,10.944817220326513,14.07698343321681
1764848223.4030704,-2928.560449452605,16.590196203440428,9.658291635569185,12.263131954707205
1764848223.4080703,-2447.6167949507944,9.394628688693047,11.625479012262076,6.9001154182478786
1764848223.4130704,-2927.8349088612013,12.278091554529965,14.400484779383987,12.524924951605499
1764848223.4180703,-3377.4008027347736,15.378468617796898,15.230742569547147,17.472812592983246
1764848223.4230704,-2920.7889373446815,9.566664086654782,14.875452073756605,13.740392437204719
1764848223.4280703,-2571.400003684219,10.180007679387927,12.837206597905606,10.744732572697103
1764848223.4330704,-2924.30444330303,8.138022303581238,15.859045762103051,17.68972679041326
1764848223.4380703,-3243.1907529248856,10.711073473095894,15.48131586657837,11.481492863968015
1764848223.4430704,-2944.892592559103,15.950673311017454,18.888364726211876,13.807710636407137
1764848223.4480705,-2667.616409844253,12.824116948060691,10.862539421301335,9.188934191130102
1764848223.4530704,-2910.9230812615715,12.173374355770648,14.587479777168483,17.626148491166532
1764848223.4580705,-3167.902826916892,12.334190053865314,16.857599050272256,14.671627526171505
1764848223.4630704,-2959.1303916904144,11.960200058296323,16.981015748810023,7.995906105265021
1764848223.4680705,-2726.123404751066,7.696714108809829,11.722716411110014,10.651235073804855
1764848223.4730704,-2892.571392179001,10.647495173849165,12.803547498304397,13.26168524287641
1764848223.4780705,-3139.042018958833,15.793597512878478,16.921177349518985,17.633628291077912
1764848223.4830704,-2962.4850819506682,13.28412464261055,20.986448601353914,12.554844151251018
1764848223.4880705,-2746.7900919062085,12.016298557631671,5.738876482006162,10.827010371722281
1764848223.4930704,-2885.962988957297,9.66390148550272,18.64901112904772,12.775498248636723
1764848223.4980705,-3118.008821608033,15.584163115359843,18.162824134808034,17.016544798389077
1764848223.5030704,-2965.7126156124286,13.25794534292072,17.403624443802983,13.759091936983168
1764848223.5080705,-2757.590922978241,9.697560585103929,7.5041092610917985,9.110396292060614
1764848223.5130703,-2897.141549924854,13.164447844028473,14.415444379206747,13.325263542123139
1764848223.5180705,-3105.0500682615675,12.674520949833095,17.85615233844146,15.909534411504865
1764848223.5230703,-2962.788013847079,11.877922259271145,18.136644835118204,12.293051154352725
1764848223.5280704,-2774.715924875345,8.392335500568151,8.293228151742369,11.466533264145255
1764848223.5330703,-2902.2876522638835,9.67512118536979,15.458876466844231,16.717352801933885
1764848223.5380704,-3100.868860111106,9.802277783863246,16.483609054703265,15.187733720056713
1764848223.5430703,-2962.5785794495605,9.734959584660828,12.29866100428626,12.423947652801871
1764848223.5480704,-2783.6692453692667,9.996752581559122,11.131812218111008,11.481492863968015
1764848223.5530703,-2897.264966623392,15.333589818328619,10.798961122054607,15.221392819657922
1764848223.5580704,-3090.438279134687,15.763678313232958,21.93638319009915,8.46713349968195
1764848223.5630703,-2950.9624501871876,13.014851845800877,17.224109245929867,11.309457466006279
1764848223.5680704,-2784.5256824591197,11.769465160556138,8.891612144652754,14.170480932109058
1764848223.5730705,-2899.389229798224,11.320677165873349,14.598699477035552,14.196660231798887
1764848223.5780704,-3082.94725952344,11.967679858207703,11.565640612971038,18.16469408478588
1764848223.5830705,-2958.50956829777,15.415867617353797,14.793174274731427,12.88395534735173
1764848223.5880704,-2795.266675131861,11.23465946689248,14.086333183106035,10.793351272121072
1764848223.5930705,-2906.0013729198836,16.709873002022505,10.544647925067693,20.715305854566395
1764848223.5980704,-3074.2856512260623,14.043324333615601,20.470342407468706,17.009064998477697
1764848223.6030705,-2951.6618114789017,12.184594055637717,14.71089647570625,15.599122715182602
1764848223.6080704,-2796.7364558144473,9.577883786521852,11.374905715230852,8.82990379538387
1764848223.6130705,-2905.597463724669,12.932574046775699,16.532227754127234,13.30656404234469
1764848223.6180704,-3076.3463361016475,9.757398984394968,18.536814130377024,13.007372045889497
1764848223.6230705,-2946.747582937125,11.27579836640507,15.578553265426308,10.292204678058624
1764848223.6280704,-2803.864705129992,6.548564822413027,16.408811055589467,5.64350903313607
1764848223.6330705,-2909.8721693740226,11.597429762594402,10.739122722763568,11.634828762151301
1764848223.6380703,-3064.6105300406925,13.033551345579326,20.638637905474752,10.808310871943831
1764848223.6430705,-2945.191784555558,12.805417448282242,18.106725635472685,15.879615211859345
1764848223.6480703,-2809.9869213574566,6.324170825071633,8.098753354046494,7.034751816652715
1764848223.6530704,-2912.2769250455312,12.05743745714426,13.936737184878439,12.244432454928756
1764848223.6580703,-3055.81428534491,14.937160423025489,14.991388972382993,15.045617521740496
1764848223.6630704,-2941.8819730947725,11.324417065829039,10.933597520459443,11.462793364189565
1764848223.6680703,-2810.054239556659,12.147195056080818,10.002362431492656,12.528664851561189
1764848223.6730704,-2913.279218233656,14.133081932552159,14.867972273845226,13.355182741768658
1764848223.6780703,-3052.0781252891757,12.236952655017376,14.27332818089053,12.375328953377903
1764848223.6830704,-2928.321095855441,18.000138486735523,11.621739112306386,13.69925353769213
1764848223.6880703,-2814.2728467066772,12.367849153466523,10.050981130916625,10.004232381470501
1764848223.6930704,-2920.3513690498658,12.84655634779483,12.044347807299346,15.449526716955006
1764848223.6980705,-3051.3114457982592,15.513105016201735,17.706556340213865,15.778637913055718
1764848223.7030704,-2925.029983894434,8.762585596181452,22.089719088282436,16.313443606719375
1764848223.7080705,-2826.0647512669675,8.586810298264027,8.23338975245133,9.383408988825977
1764848223.7130704,-2930.127467534039,10.625055774115026,18.75746822776273,13.097129644826055
1764848223.7180705,-3038.8276597461663,12.547364351339638,12.081746806856245,16.664994202554226
1764848223.7230704,-2920.261611450929,12.625902250409126,10.25667562847957,12.113535956479609
1764848223.7280705,-2821.7975254175253,11.354336265474558,16.805240450892597,12.05743745714426
1764848223.7330704,-2938.7329773320816,13.759091936983168,13.955436684656888,12.50248555187136
1764848223.7380705,-3044.7853203755803,13.527218139730394,10.817660621833056,10.793351272121072
1764848223.7430704,-2916.282357898075,15.359769118018448,18.832266226876527,14.151781432330608
1764848223.7480705,-2833.510892078746,7.741592908278108,9.8378068334423,15.32237011846155
1764848223.7530704,-2939.6006341218017,9.147795291617513,11.09067331859842,14.596829527057707
1764848223.7580705,-3041.1314381188713,11.963939958252013,19.411950720008463,15.845956112258136
1764848223.7630703,34.44634854188189,17.31947669479996,19.537237368524075,14.963339722715318
1764848223.7680705,109.43134265346453,6.967433617450297,9.906994982622564,10.101469780318439
1764848223.7730703,-4.0035629025660455,9.820977283641696,13.007372045889497,17.910380887798965
1764848223.7780704,-97.04105410026386,15.531804515980184,27.480784874409437,15.131635220721364
1764848223.7830703,29.95098879514262,12.352889553643763,10.591396674513817,14.151781432330608
1764848223.7880704,108.00644077034667,10.400661776773632,13.833889936096966,12.236952655017376
1764848223.7930703,-9.407718338537961,14.219099631533027,12.438907252624631,15.744978813454509
1764848223.7980704,-93.15155814634636,11.380515565164387,14.608049226924777,12.667041149921715
1764848223.8030703,37.92071560071781,16.11148900911212,18.13477488514036,11.152381667867303
1764848223.8080704,104.28150041447952,10.87936897110194,11.6722277617082,7.9098884062841535
1764848223.8130703,-11.651658311951905,12.756798748858273,12.109796056523919,11.967679858207703
1764848223.8180704,-94.38946503167972,11.69092726148665,15.748718713410199,15.404647917486727
1764848223.8230705,44.05041162809357,8.975759893655777,16.597676003351808,16.391981505788863
1764848223.8280704,98.64173128129914,7.9098884062841535,6.776698719710112,7.550858010537922
1764848223.8330705,-11.44970371434465,12.521185051649809,17.480292392894626,10.344563277438283
1764848223.8380704,-90.84777977364138,12.266871854662895,15.943193511106074,14.536991127766669
1764848223.8430705,38.13388989819214,11.571250462904572,7.3040246134623885,13.796490936540067
1764848223.8480704,97.49732189485803,9.27121199015528,11.68344746157527,7.382562512531877
1764848223.8530705,-17.88607153808698,11.156121567822993,15.068056921474636,13.66185453813523
1764848223.8580704,-84.52734884852543,9.66764138545841,16.590196203440428,13.538437839597464
1764848223.8630705,45.30327811324969,9.723739884793758,13.631935338489711,16.717352801933885
1764848223.8680704,91.35266626765952,9.147795291617513,8.003385905176401,6.600923421792686
1764848223.8730705,-21.94012309005484,11.361816065385938,16.421900705434382,14.525771427899599
1764848223.8780704,-95.60867241723463,12.135975356213748,16.373282006010413,12.375328953377903
1764848223.8830705,50.1913273553364,15.045617521740496,14.593089627102017,13.27290494274348
1764848223.8880703,91.73787596309558,2.935821465216577,6.02123892866075,8.556891098618507
1764848223.8930705,-23.862431667279452,12.528664851561189,12.86899574752897,14.267718330956995
1764848223.8980703,-103.23058852693066,8.710226996801794,17.31199689488858,20.793843753635883
1764848223.9030704,56.21256628399715,13.66559443809092,16.204986508004367,15.602862615138292
1764848223.9080703,111.66032302705571,13.740392437204719,11.043924569152296,8.134282403625548
1764848223.9130704,-39.876683277543634,15.434567117132246,15.172774120233953,14.570650227367878
1764848223.9180703,-108.28319336706772,8.41851480025798,10.935467470437288,17.34565599448979
1764848223.9230704,65.74557127105072,14.028364733792841,16.990365498699248,17.33443629462272
1764848223.9280703,132.20359348366037,10.568957274779677,10.87188917119056,9.510565587319434
1764848223.9330704,-56.717452778015286,8.523231999017298,15.404647917486727,15.748718713410199
1764848223.9380703,-143.0829624547623,16.249865307472646,11.189780667424202,12.682000749744475
1764848223.9430704,96.27437460934743,15.243832219392061,13.549657539464533,12.251912254840136
1764848223.9480705,209.0061789737083,11.627348962239921,7.053451316431165,6.170834926888347
1764848223.9530704,-115.94998827623203,14.252758731134236,21.953212739899755,12.49874565191567
1764848223.9580705,-275.2323273890652,9.349749889224768,17.031504398211837,13.998445534147322
1764848223.9630704,156.67001899378374,9.731219684705138,10.565217374823987,12.517445151694119
1764848223.9680705,323.19654432078823,11.358076165430248,11.343116565607488,19.137068073265254
1764848223.9730704,-142.02831066725776,14.0807233331725,18.06371678598225,11.743285860866308
1764848223.9780705,-377.0099647832103,13.501038840040565,19.391381270252168,12.438907252624631
1764848223.9830704,-799.725246924907,10.763432072475553,13.037291245535016,11.313197365961969
1764848223.9880705,-484.533958459273,6.82531741913408,11.481492863968015,13.28038474265486
1764848223.9930704,-186.71637523779646,11.885402059182525,11.948980358429253,12.984932646155357
1764848223.9980705,-637.7408300940879,14.121862232685089,17.132481697015464,15.793597512878478
1764848224.0030704,-763.5267552537844,14.847402824088931,19.226825672201812,12.233212755061686
1764848224.0080705,-1177.3635149006732,6.4176683239638805,2.1579222744330764,6.615883021615446
1764848224.0130703,-1148.9047461878508,10.999045769684017,16.92678719945252,14.252758731134236
1764848224.0180705,-837.522545827087,10.415621376596391,15.71505961380899,16.51539820432663
1764848224.0230703,-804.1888175220229,10.03041168116033,14.828703324310482,12.135975356213748
1764848224.0280704,-1081.8632995821536,10.553997674956918,8.8186840955168,9.6339822858572
1764848224.0330703,-1098.019667390734,9.170234691351652,20.356275458820164,15.112935720942914
1764848224.0380704,-907.6007911968045,14.293897630646825,10.980346269905567,13.69551363773644
1764848224.0430703,-860.7809836515225,14.533251227810979,11.27579836640507,12.020038457587361
1764848224.0480704,-1034.774219240062,9.723739884793758,8.691527497023344,8.373636000789702
1764848224.0530703,-1051.188640145585,12.8951750472188,16.979145798832178,13.740392437204719
1764848224.0580704,-924.370502598118,15.142854920588434,21.014497851021588,17.798183889128268
1764848224.0630703,-889.0060086171143,12.689480549655855,12.225732955150306,13.542177739553154
1764848224.0680704,-1021.4863546974957,6.0548980282619596,9.757398984394968,7.0609311163425446
1764848224.0730705,-1033.4802138553932,12.135975356213748,19.974805663339794,12.408988052979112
1764848224.0780704,-944.1844925633632,14.357475929893553,15.374728717841208,16.10400920920074
1764848224.0830705,-897.8957508117892,11.844263159669936,16.287264307029545,10.112689480185509
1764848224.0880704,-1010.6705640256405,8.897221994586289,12.0424778573215,10.778391672298312
1764848224.0930705,-1025.727401247248,9.749919184483588,11.68344746157527,13.822670236229897
1764848224.0980704,-937.2843771451153,14.301377430558205,14.566910327412188,14.690327025949955
1764848224.1030705,-883.4148581833579,10.419361276552081,17.72712578997016,13.889988435432315
1764848224.1080704,-1012.7162893014029,3.186394762247801,7.25914581399411,9.061777592636645
1764848224.1130705,-1044.5989364236593,11.829303559847176,13.041031145490706,17.162400896660984
1764848224.1180704,-918.5773975667544,21.010757951065898,16.11148900911212,16.717352801933885
1764848224.1230705,-877.3936192546971,12.49500575195998,14.278938030824065,14.177960732020438
1764848224.1280704,-1023.0795520786196,3.945594453252852,7.569557510316372,6.533605222590268
1764848224.1330705,-1049.378528567031,13.946086934767663,19.585856067948043,14.813743724487722
1764848224.1380703,-917.3806295809336,12.562323951162398,17.906640987843275,12.50622545182705
1764848224.1430705,-867.3220686740242,7.5882570100948215,5.587410533800721,12.745579048991203
1764848224.1480703,-1030.04698569607,10.157568279653788,13.2654251428321,5.957660629414022
1764848224.1530704,-1045.2870780155063,13.860069235786796,15.423347417265177,14.985779122449458
1764848224.1580703,-917.8443771754391,16.47425930481404,13.228026143275201,15.539284315891564
1764848224.1630704,-860.0778824598528,16.724832601845264,15.019438222050667,11.496452463790774
1764848224.1680703,-1028.7043616119772,7.517198910936713,7.337683713063598,4.753412843681872
1764848224.1730704,-1058.821775955148,10.44180067628622,13.026071545667946,9.27121199015528
1764848224.1780703,-950.2431304915808,13.889988435432315,19.31284337118268,20.700346254743636
1764848224.1830704,-883.052087887656,12.768018448725343,16.96044629905373,16.53409770410508
1764848224.1880703,-984.3379284376279,4.267225849442184,8.82242399547249,10.718553273007274
1764848224.1930704,-1065.4862776761875,12.423947652801871,17.72338589001447,15.969372810795903
1764848224.1980705,-995.914788750466,14.305117330513895,13.818930336274207,16.261085007339716
1764848224.2030704,-887.6185057335533,13.770311636850238,14.839923024177551,12.693220449611545
1764848224.2080705,-969.393288214691,7.191827614791691,10.07155058067292,8.08192380424589
1764848224.2130704,-1065.467578176409,14.409834529273212,14.09194303303957,11.470273164100945
1764848224.2180705,-1041.2573358132504,11.167341267690063,9.043078092858195,14.301377430558205
1764848224.2230704,-894.967409146484,13.153228144161403,14.215359731577337,15.393428217619658
1764848224.2280705,-922.562260969542,6.294251625426114,8.377375900745392,4.644955744966865
1764848224.2330704,-1052.0226378357038,10.793351272121072,19.817729865200818,11.608649462461472
1764848224.2380705,-1099.8447385691106,20.92474025208503,17.596229291521013,17.801923789083958
1764848224.2430704,-911.417359101586,15.524324716068804,18.822916476987302,16.44808000512421
1764848224.2480705,-870.8693637819961,3.822177754715085,8.010865705087781,7.689234308898449
1764848224.2530704,-1053.7130726156756,16.638814902864397,16.784671001136303,15.217652919702232
1764848224.2580705,-1132.6399212805554,15.486925716511905,15.049357421696186,17.106302397325635
1764848224.2630703,-912.6103871874511,10.47545977588743,9.26747209019959,10.789611372165382
1764848224.2680705,-846.0364280762151,9.144055391661823,10.520338575355709,7.5059792110696435
1764848224.2730703,-1057.8045231672004,12.304270854219794,18.14599458500743,14.832443224266171
1764848224.2780704,-1136.2601444376633,11.451573664322495,18.88275487627834,15.109195820987225
1764848224.2830703,-896.2071859817952,17.076383197680116,15.658961114473641,13.381362041458488
1764848224.2880704,-857.0579132456332,8.321277401410043,7.3863024124875665,9.65268178563565
1764848224.2930703,-1056.506777882576,7.569557510316372,15.083016521297395,14.11064253281802
1764848224.2980704,-1124.4719797773287,13.422500940971076,20.49465175718069,16.16758750844747
1764848224.3030703,-881.5355584556237,14.372435529716313,13.112089244648814,12.943793746642768
1764848224.3080704,-856.1528574563563,6.088557127863169,8.624209297820926,5.003986140713096
1764848224.3130703,-1060.257897538133,13.239245843142271,16.47051940485835,17.061423597857356
1764848224.3180704,-1117.3661698615178,12.640861850231886,19.555936868302524,17.65980759076774
1764848224.3230705,-884.9874861147255,13.403801441192627,13.796490936540067,15.337329718284309
1764848224.3280704,-850.2251160265878,7.846310107037425,12.221993055194616,7.5471181105822325
1764848224.3330705,-1064.128693992272,14.51455172803253,18.935113475658,19.585856067948043
1764848224.3380704,-1106.0230532959104,11.773205060511827,13.489819140173495,14.996998822316527
1764848224.3430705,-872.1297100670636,15.793597512878478,17.502731792628765,13.190627143718302
1764848224.3480704,-873.7247773981653,8.564370898529887,2.214020773768425,7.898668706417084
1764848224.3530705,-1069.616997177247,9.207633690908551,12.296791054308414,12.85029624775052
1764848224.3580704,-1081.1358890407719,17.495251992717385,20.790103853680193,18.374128482304513
1764848224.3630705,-849.4603064856492,12.162154655903578,20.734005354344845,12.528664851561189
1764848224.3680704,-889.3781286627054,6.073597528040409,10.142608679831028,8.010865705087781
1764848224.3730705,-1074.6752118673176,16.257345107384026,15.423347417265177,13.153228144161403
1764848224.3780704,-1053.2811141707934,13.68803383782506,14.581869927234948,15.614082315005362
1764848224.3830705,-843.4577670567669,13.329003442078829,10.643755273893476,13.467379740439355
1764848224.3880703,-904.0048773894086,9.835936883464456,8.88600229471922,10.628795674070716
1764848224.3930705,-1080.9395442930982,14.757645225152373,16.612635603174567,15.457006516866386
1764848224.3980703,-1026.6343269865029,12.973712946288288,15.565463615581393,15.988072310574353
1764848224.4030704,-839.7141272011213,16.83328970056027,13.512258539907634,9.600323186255991
1764848224.4080703,-931.8895714590326,6.810357819311321,9.581623686477542,6.956213917583227
1764848224.4130704,-1089.3019605940208,9.394628688693047,14.331296630203724,16.193766808137298
1764848224.4180703,-991.6288634012453,16.410681005567312,22.53289723303169,14.387395129539073
1764848224.4230704,-799.6934577752836,9.66390148550272,13.082170045003295,13.471119640395045
1764848224.4280703,-968.4396137259901,7.113289715722203,14.192920331843197,3.61648325715214
1764848224.4330704,-1083.583653561771,10.150088479742408,18.000138486735523,14.581869927234948
1764848224.4380703,-962.337966948282,17.988918786868453,19.33154287096113,18.08989608567208
1764848224.4430704,-818.6622303505428,12.162154655903578,9.349749889224768,14.723986125551164
1764848224.4480705,-993.4932035291567,9.28243169002235,9.768618684262037,10.47919967584312
1764848224.4530704,-1093.9469163389876,11.866702559404075,15.083016521297395,17.057683697901666
1764848224.4580705,-946.1479400401004,13.942347034811974,16.04043090995401,14.996998822316527
1764848224.4630704,-822.1889560087584,14.215359731577337,14.641708326525986,17.502731792628765
1764848224.4680705,-1000.5503947455436,7.214267014525831,9.327310489490628,9.62650248594582
1764848224.4730704,-1105.8921567974612,11.055144269019365,13.463639840483665,10.778391672298312
1764848224.4780705,-944.8801139551215,13.605756038799882,14.824963424354792,18.022577886469662
1764848224.4830704,-806.3916185959242,12.124755656346679,13.949826834723353,13.26168524287641
1764848224.4880705,-1003.5049157105386,5.4939130349084735,10.120169280096889,9.166494791395962
1764848224.4930704,-1146.5673087155446,10.583916874602437,13.063470545224845,13.415021141059697
1764848224.4980705,-993.5249926787801,12.839076547883451,17.76078488957137,16.291004206985235
1764848224.5030704,-802.5507413414307,11.911581358872354,13.71795303747058,15.782377813011408
1764848224.5080705,-980.4446925837547,7.7453328082337976,7.715413608588278,7.180607914924622
1764848224.5130703,-1124.7150732744485,15.090496321208775,20.93969985190779,16.83328970056027
1764848224.5180705,-978.2774205594324,15.019438222050667,14.615529026836157,16.313443606719375
1764848224.5230703,-792.6250468590297,16.377021905966103,14.357475929893553,12.154674855992198
1764848224.5280704,-966.4873859491199,12.113535956479609,7.483539811335504,5.097483639605343
1764848224.5330703,-1135.9833918409422,11.451573664322495,13.972266234457493,11.67970756161958
1764848224.5380704,-977.7126956661232,12.955013446509838,18.57608307991177,17.588749491609633
1764848224.5430703,-782.0299102845602,8.519492099061608,12.88021544739604,15.348549418151379
1764848224.5480704,-970.6760738994926,4.188687950372696,8.336237001232803,5.363016536459327
1764848224.5530703,-1140.845261783339,13.100869544781744,15.625302014872432,14.260238531045616
1764848224.5580704,-978.8346656528302,13.628195438534021,13.392581741325557,16.743532101623714
1764848224.5630703,-775.4626459623687,14.87358212377876,14.125602132640779,12.536144651472569
1764848224.5680704,-982.8943270547315,5.968880329281092,12.214513255283237,7.808911107480526
1764848224.5730705,-1140.7816834840924,14.200400131754577,16.03295111004263,14.204140031710267
1764848224.5780704,-971.1454313439317,17.498991892673075,16.90060789976269,13.198106943629682
1764848224.5830705,-765.5032923803665,16.810850300826132,18.632181579247117,14.675367426127195
1764848224.5880704,-987.0044771060348,9.297391289845109,8.246479402296245,7.23670641425997
1764848224.5930705,-1151.2721028598025,12.741839149035513,19.114628673531115,19.69805306661874
1764848224.5980704,-954.4542578416876,17.158660996705294,16.328403206542134,19.522277768701315
1764848224.6030705,-764.2317263954319,12.532404751516879,15.079276621341705,12.554844151251018
1764848224.6080704,-996.3018683958799,8.691527497023344,3.7324201557785273,6.885155818425119
1764848224.6130705,-1157.080167490989,12.46508655231446,17.038984198123217,10.273505178280175
1764848224.6180704,-952.4571512653492,15.206433219835162,11.373035765253007,18.400307781994343
1764848224.6230705,-769.2693716357462,13.355182741768658,17.64858789090067,12.839076547883451
1764848224.6280704,-1001.9640769287944,6.5410850225016475,14.51455172803253,3.8745363540947437
1764848224.6330705,-1158.961337168701,13.774051536805928,10.550257775001228,13.856329335831106
1764848224.6380703,-957.1282863100059,11.126202368177474,20.288957259617746,14.87732202373445
1764848224.6430705,-759.6428691498004,13.164447844028473,13.355182741768658,13.609495938755572
1764848224.6480703,-1009.2269626427442,5.340577136725187,11.014005369506776,4.704794144257903
1764848224.6530704,-1161.6054464373738,12.700700249522924,18.288110783323646,18.770557877607644
1764848224.6580703,-953.9007526482455,12.195813755504787,20.99579835124314,14.536991127766669
1764848224.6630704,-761.9690869222395,9.473166587762535,10.658714873716235,12.824116948060691
1764848224.6680703,-1004.1294790031388,7.079630616120994,11.088803368620574,4.502839546650648
1764848224.6730704,-1169.9155041389167,11.926540958695114,18.220792584121227,14.682847226038575
1764848224.6780703,-947.864554119762,15.789857612922788,20.449772957712412,14.91846092324704
1764848224.6830704,-765.4958125804551,12.09109655674547,10.666194673627615,10.539038075134158
1764848224.6880703,-1009.7243693368509,5.441554435528815,5.445294335484505,7.577037310227752
1764848224.6930704,-1176.9652155553922,13.093389744870365,22.061669838614762,15.131635220721364
1764848224.6980705,-953.8184748492204,12.278091554529965,12.685740649700165,19.077229673974216
1764848224.7030704,-753.1504028267227,14.312597130425274,13.026071545667946,16.96418619900942
1764848224.7080705,-1019.118998025544,7.715413608588278,5.924001529812813,9.506825687363744
1764848224.7130704,-1174.3360658865422,11.111242768354714,15.554243915714324,13.721692937426269
1764848224.7180705,-948.0253698178567,18.591042679734528,15.954413210973144,18.04127738624811
1764848224.7230704,-746.2652470082976,16.739792201668024,11.365555965341628,12.779238148592412
1764848224.7280705,-1014.3992442814633,5.146102339029312,11.563770662993193,6.664501721039414
1764848224.7330704,-1179.9047769205645,12.308010754175484,18.404047681950033,17.884201588109136
1764848224.7380705,-943.0999215762131,15.169034220278263,13.530958039686084,15.457006516866386
1764848224.7430704,-742.413150053937,12.229472855105996,13.317783742211759,12.936313946731389
1764848224.7480705,-1007.7497021602467,10.333343577571213,12.637121950276196,10.04537128098309
1764848224.7530704,-1194.4754271479324,15.341069618239999,13.515998439863324,11.728326261043549
1764848224.7580705,-935.3209296683781,13.579576739110053,12.304270854219794,15.172774120233953
1764848224.7630703,-727.3862320319749,17.68972679041326,19.27170447167009,17.061423597857356
1764848224.7680705,2910.60331981536,5.404155435971916,8.293228151742369,11.533851463347673
1764848224.7730703,2726.91813349165,9.151535191573203,16.087179659400135,14.211619831621647
1764848224.7780704,2984.389675991144,13.67681413795799,12.414597902912647,17.68224699050188
1764848224.7830703,3202.926990001928,13.467379740439355,14.037714483682066,14.249018831178546
1764848224.7880704,2902.2259439146146,8.03704500477761,15.316760268528014,3.7249403558671474
1764848224.7930703,2726.847075392492,13.800230836495757,15.769288163166493,17.158660996705294
1764848224.7980704,2990.227659821976,11.66100806184113,13.817060386296362,14.705286625772715
1764848224.8030703,3211.1959088039584,15.27375141903758,16.7304424517788,12.551104251295328
1764848224.8080704,2907.4244048530236,6.84401691891253,11.401085014920682,11.574990362860262
1764848224.8130703,2714.942973833531,9.364709489047527,14.66227777628228,14.50707192812115
1764848224.8180704,2996.439633648377,11.818083859980106,14.894151573535055,14.8960215235129
1764848224.8230705,3205.45890227193,17.420453993603587,19.18755672266707,11.563770662993193
1764848224.8280704,2897.5473290700465,7.719153508543968,5.465863785240799,8.590550198219717
1764848224.8330705,2707.867083117366,11.829303559847176,12.65021160012111,13.231766043230891
1764848224.8380704,2995.186767163221,15.70010001398623,22.80030007986352,13.609495938755572
1764848224.8430705,3213.4398487773724,12.610942650586367,13.704863387625664,12.599722950719297
1764848224.8480704,2881.1665672641248,10.524078475311399,3.1546056126244366,12.236952655017376
1764848224.8530705,2698.1283836327493,12.689480549655855,22.538507082965225,10.348303177393973
1764848224.8580704,2997.4681061361916,14.402354729361832,14.29576758062467,18.291850683279335
1764848224.8630705,3219.4236887064762,8.747625996358693,13.555267389398068,9.989272781647742
1764848224.8680704,2875.893308326602,8.42225470021367,11.143031917978078,7.0609311163425446
1764848224.8730705,2686.7403882676736,13.145748344250023,21.14726429944858,12.977452846243978
1764848224.8780704,3007.401280418504,10.643755273893476,8.67095804726705,13.616975738666952
1764848224.8830705,3234.8844351232983,15.946933411061764,8.801854545716196,16.16010770853609
1764848224.8880703,2872.0486911721528,8.82990379538387,4.63186609512195,7.951027305796742
1764848224.8930705,2670.984189754352,9.921954582445323,21.790527091827244,8.900961894541979
1764848224.8980703,3016.7697298075072,11.967679858207703,18.29746053321287,17.944039987400174
1764848224.9030704,3229.9365474819206,13.022331645712256,14.70341667579487,13.224286243319511
1764848224.9080703,2859.0600186260417,8.84486339520663,7.560207760427147,14.581869927234948
1764848224.9130704,2671.608753046952,12.330450153909624,22.493628283496946,13.878768735565245
1764848224.9180703,3021.0145162572153,14.364955729804933,15.971242760773748,16.818330100737512
1764848224.9230704,3240.6214416553266,12.169634455814958,16.614505553152412,12.08735665678978
1764848224.9280703,2845.4430428873748,5.755706031806767,6.464417073410004,11.485232763923705
1764848224.9330704,2668.740249780938,9.028118493035436,16.924917249474674,15.25879181921482
1764848224.9380703,3025.2967017064802,13.400061541236937,22.983555177692324,18.5274643804878
1764848224.9430704,3249.1745928539895,10.86066947132349,13.181277393829077,15.434567117132246
1764848224.9480705,2844.19765620213,7.958507105708122,10.907418220769614,7.4237014120444655
1764848224.9530704,2660.7256441758946,12.221993055194616,9.291781439911574,12.790457848459482
1764848224.9580705,3036.29948737612,15.801077312789857,20.126271611545235,15.423347417265177
1764848224.9630704,3247.259764076676,13.31030394230038,10.387572126928717,7.049711416475475
1764848224.9680705,2846.1124849794433,9.858376283198595,7.219876864459366,7.951027305796742
1764848224.9730704,2655.665559535846,13.100869544781744,17.95712963724509,14.738945725373924
1764848224.9780705,3031.643311931286,14.772604824975133,15.52993456600234,13.579576739110053
1764848224.9830704,3248.273276964668,9.6339822858572,15.425217367243022,10.359522877261043
1764848224.9880705,2846.7482679719105,11.25709886662662,10.196837229188532,10.015452081337571
1764848224.9930704,2652.3295687753707,18.09737588558346,16.457429755013436,17.813143488951027
1764848224.9980705,3028.071707473602,14.993258922360837,17.87111193826422,14.847402824088931
1764848225.0030704,3260.5812877188437,11.784424760378897,15.043747571762651,13.459899940527976
1764848225.0080705,2848.9174099462107,8.298838001675904,10.413751426618546,10.673674473538995
1764848225.0130703,2657.872100509703,13.762831836938858,13.285994592588395,13.149488244205713
1764848225.0180705,3030.053854450118,13.347702941857278,12.092966506723315,16.736052301712334
1764848225.0230703,3267.608559735585,11.088803368620574,14.778214674908668,6.926294717937708
1764848225.0280704,2864.617509960197,5.890342430211604,4.586987295653671,10.48293957579881
1764848225.0330703,2653.144866965711,13.751612137071788,22.572166182566434,15.150334720499814
1764848225.0380704,3033.4197644102387,11.6722277617082,17.624278541188687,17.068903397768736
1764848225.0430703,3265.0841272654943,9.346009989269078,14.007795284036547,13.744132337160408
1764848225.0480704,2870.455493791029,7.606956509873271,7.3058945634402335,7.532158510759473
1764848225.0530703,2652.3295687753707,15.090496321208775,21.678330093156546,12.988672546111047
1764848225.0580704,3027.073154185433,11.481492863968015,18.836006126832217,12.334190053865314
1764848225.0630703,3278.173777110409,14.215359731577337,21.12108499975875,11.784424760378897
1764848225.0680704,2848.7416346482933,8.814944195561111,7.571427460294217,8.381115800701082
1764848225.0730705,2648.8813810162246,13.351442841812968,13.199976893607527,14.196660231798887
1764848225.0780704,3044.6656435769983,9.005679093301296,22.69184298114851,19.813989965245128
1764848225.0830705,3283.6190714458935,13.919907635077834,14.968949572648853,17.3419160945341
1764848225.0880704,2829.892538871616,5.108703339472413,8.136152353603393,7.0609311163425446
1764848225.0930705,2645.2162790596485,12.584763350896537,13.08777989493683,14.970819522626698
1764848225.0980704,3076.495932099875,12.177114255726337,12.122885706368834,15.591642915271223
1764848225.1030705,3287.605804798659,8.526971898972988,12.68013079976663,11.380515565164387
1764848225.1080704,2806.5742626478896,9.25251249037683,10.27163522830233,10.546517875045538
1764848225.1130705,2644.13918787241,12.438907252624631,16.76036165142432,14.06576373334974
1764848225.1180704,3110.674877794925,10.8943285709247,10.795221222098917,19.024871074594557
1764848225.1230705,3288.1181710925885,13.437460540793836,11.984509408008307,12.244432454928756
1764848225.1280704,3763.1714831641875,7.476060011424124,4.313974598888308,9.970573281869292
1764848225.1330705,3616.028859307524,11.369295865297318,12.508095401804894,10.88310887105763
1764848225.1380703,4095.927211771719,14.11064253281802,19.92805691389367,17.038984198123217
1764848225.1430705,4273.022694373503,15.737499013543129,13.678684087935835,19.73919196613133
1764848225.1480703,4729.0548752704635,11.488972663879395,8.031435154844075,4.274705649353564
1764848225.1530704,4596.9915280351415,17.32321659475565,12.063047307077795,14.791304324753582
1764848225.1580703,5075.681892813649,17.28581759519875,18.903324326034635,15.838476312346756
1764848225.1630704,5257.302654361818,11.507672163657844,20.088872611988336,16.661254302598536
1764848225.1680703,5722.86036044592,7.431181211955845,7.171258165035397,12.782978048548102
1764848225.1730704,5571.084000544157,12.020038457587361,16.72296265186742,13.841369736008346
1764848225.1780703,6051.251625805162,9.27869179006666,21.263201198074967,10.90180837083608
1764848225.1830704,6229.498997593299,14.952120022848248,14.29202768066898,13.725432837381959
1764848225.1880703,6711.216811385937,8.699007296934724,11.165471317712218,3.1938745621591806
1764848225.1930704,6539.727438817732,12.214513255283237,12.897044997196645,13.486079240217805
1764848225.1980705,7006.124752441887,19.077229673974216,14.987649072427303,18.91641397587955
1764848225.2030704,7203.191300807055,13.142008444294333,10.503509025555104,14.540731027722359
1764848225.2080705,7690.47408573376,6.129696027375758,7.178737964946777,4.323324348777533
1764848225.2130704,7522.15614832798,12.345409753732383,15.743108863476664,18.217052684165537
1764848225.2180705,7958.79507800471,12.820377048105001,16.614505553152412,19.75789146590978
1764848225.2230704,8180.380410479382,8.556891098618507,13.573966889176518,15.31115041859448
1764848225.2280705,7701.28613650566,8.399815300479531,7.361993062775582,8.407295100390911
1764848225.2330704,7524.014878605958,15.834736412391067,14.25836858106777,15.557983815670013
1764848225.2380705,7956.450160732493,12.135975356213748,20.72839550441131,16.238645607605577
1764848225.2430704,8182.886143449694,16.380761805921793,14.25462868111208,15.247572119347751
1764848225.2480705,7713.02568246657,6.346610224805772,12.601592900697142,7.917368206195533
1764848225.2530704,7514.635209517088,13.572096939198673,13.757221987005323,14.51081182807684
1764848225.2580705,7963.335316550918,16.706133102066815,22.890057678800076,16.197506708092988
1764848225.2630703,8186.012699812651,13.777791436761618,13.188757193740457,11.982639458030462
1764848225.2680705,7715.149945641402,1.4735205825418234,4.9684570911340415,5.531312034465373
1764848225.2730703,7512.469807442743,12.775498248636723,19.344632520806044,13.572096939198673
1764848225.2780704,7959.318663998507,14.90350132342428,13.416891091037542,13.388841841369867
1764848225.2830703,8192.856716731563,9.899515182711184,12.122885706368834,12.536144651472569
1764848225.2880704,7707.7524235290475,6.802878019399941,7.945417455863208,7.595736810006201
1764848225.2930703,7516.527598894667,12.951273546554148,18.948203125502914,13.30656404234469
1764848225.2980704,7962.340503162704,16.08904960937798,20.38806460844353,13.381362041458488
1764848225.3030703,8203.444373506121,14.335036530159414,13.87315888563171,13.25794534292072
1764848225.3080704,8688.378501260653,12.420207752846181,10.784001522231847,7.853789906948805
1764848225.3130703,8491.469028693624,13.28412464261055,6.703770670574158,13.216806443408132
1764848225.3180704,8957.944880216848,11.728326261043549,21.14726429944858,18.12729508522898
1764848225.3230705,9184.57159783179,11.043924569152296,13.48794919019565,7.850050006993115
1764848225.3280704,9669.206533589866,8.702747196890414,14.527641377877444,11.182300867512822
1764848225.3330705,9460.972643957008,10.02667178120464,13.977876084391028,17.23719889577478
1764848225.3380704,9934.928295391612,13.482339340262115,21.0649865004234,14.551950727589428
1764848225.3430705,10164.494574371725,11.201000367291272,6.602793371770531,10.374482477083802
1764848225.3480704,10648.153396241367,5.6547287330031395,13.244855693075806,8.788764895871282
1764848225.3530705,10435.083815965801,10.004232381470501,12.403378203045577,17.416714093647897
1764848225.3580704,10912.899044154678,9.895775282755494,17.05581374792382,14.394874929450452
1764848225.3630705,11165.368470463436,16.694913402199745,15.956283160950989,14.993258922360837
1764848225.3680704,11621.673664057162,9.458206987939775,12.044347807299346,9.005679093301296
1764848225.3730705,11421.87698872434,10.04911118093878,14.542600977700204,14.07324353326112
1764848225.3780704,11899.38554511685,18.994951874949038,17.49712194269523,19.30162367131561
1764848225.3830705,12150.661943339743,16.010511710308492,12.964363196399063,14.821223524399102
1764848225.3880703,12605.751669447869,6.133435927331448,7.975336655508727,6.197014226578176
1764848225.3930705,12388.863651317544,9.050557892769575,18.577953029889613,20.217899160459638
1764848225.3980703,12877.431091879029,13.444940340705216,17.807533639017493,18.426487081684172
1764848225.4030704,13127.42470441712,12.569803751073778,15.167164270300418,15.928233911283314
1764848225.4080703,13595.476923771668,10.0790303805843,11.991989207919687,6.372789524495602
1764848225.4130704,13359.997862961609,10.531558275222778,14.422924179118127,12.91013464704156
1764848225.4180703,13844.761825268157,11.608649462461472,17.601839141454548,14.346256230026484
1764848225.4230704,14114.917238467373,11.941500558517873,15.309280468616635,10.737252772785723
1764848225.4280703,14578.84808807075,7.300284713506699,10.548387825023383,8.691527497023344
1764848225.4330704,14335.399300455116,14.50333202816546,14.164871082175523,16.246125407516956
1764848225.4380703,14822.425902234856,15.973112710751593,15.653351264540106,17.76452478952706
1764848225.4430704,15111.550088009331,15.935713711194694,13.839499786030501,13.403801441192627
1764848225.4480705,15561.82282297453,7.969726805575192,9.351619839202613,10.0790303805843
1764848225.4530704,15322.084016114939,13.755352037027478,16.72296265186742,14.46219312865287
1764848225.4580705,15796.7016298417,15.29993071872741,14.325686780270189,17.439153493382037
1764848225.4630704,16088.084715189412,12.992412446066737,8.596160048153251,9.794797983951867
1764848225.4680705,16561.2568575833,9.622762585990131,9.789188134018332,10.280984978191555
1764848225.4730704,16294.512233143672,12.184594055637717,16.502308554481715,14.361215829849243
1764848225.4780705,16776.059881488327,12.536144651472569,17.45972294313833,14.544470927678049
1764848225.4830704,17070.416187300812,10.729772972874343,15.152204670477659,13.115829144604504
1764848225.4880705,17545.742512069177,6.630842621438205,15.46261636679992,9.708780284970999
1764848225.4930704,17262.759242021944,9.555444386787713,15.709449763875455,10.247325878590345
1764848225.4980705,16775.682151592802,15.838476312346756,14.591219677124172,16.54157750401646
1764848225.5030704,17072.173940279987,14.282677930779755,15.582293165381998,15.083016521297395
1764848225.5080705,17527.155209289398,8.325017301365733,8.895352044608444,8.115582903847098
1764848225.5130703,17264.935863796156,11.806864160113037,17.47468254296109,12.85029624775052
1764848225.5180705,17746.43115354143,13.471119640395045,18.211442834232002,18.830396276898682
1764848225.5230703,18061.016578214243,10.553997674956918,6.449457473587245,8.01834550499916
1764848225.5280704,18518.398862995207,11.227179666981101,13.944216984789819,8.728926496580243
1764848225.5330703,18246.706350914203,10.576437074691057,12.339799903798848,11.159861467778683
1764848225.5380704,18736.309743763413,13.744132337160408,12.021908407565206,14.08820313308388
1764848225.5430703,19047.40210187761,14.656667926348746,8.753235846292228,13.66559443809092
1764848225.5480704,19501.36985799903,6.45132742356509,12.811027298215777,10.243585978634655
1764848225.5530703,19215.734998883214,14.009665234014392,12.893305097240955,8.927141194231808
1764848225.5580704,18745.468758754898,16.49295880459249,14.493982278276235,16.769711401313543
1764848225.5630703,19044.073590917047,10.396921876817942,15.672050764318556,12.700700249522924
1764848225.5680704,19498.972582127433,3.294851860962808,8.555021148640662,7.984686405397952
1764848225.5730705,19216.25858487701,11.810604060068727,19.46056941943243,18.389088082127273
1764848225.5780704,18738.250751840416,11.328156965784729,16.375151955988258,16.829549800604582
1764848225.5830705,19052.806257313583,15.427087317220867,10.589526724535972,16.43312040530145
1764848225.5880704,19497.843132340815,8.205340502783656,12.003208907786757,12.85403614770621
1764848225.5930705,19212.56356372079,20.696606354787946,15.028787971939892,13.171927643939853
1764848225.5980704,18736.75479185814,15.2662716191262,14.6921969759278,17.072643297724426
1764848225.6030705,19061.733398507815,11.747025760821998,17.399884543847293,12.730619449168444
1764848225.6080704,19497.98524853913,7.393782212398946,11.258968816604465,8.87478259485215
1764848225.6130705,19213.60325590847,15.329849918372929,14.66975757619366,14.349996129982173
1764848225.6180704,18752.907419766765,14.11438243277371,16.24425545753911,18.703239678405225
1764848225.6230705,19067.91545313457,12.667041149921715,18.005748336669058,13.934867234900594
1764848225.6280704,19503.711035371292,10.019191981293261,13.259815292898566,4.573897645808756
1764848225.6330705,19209.34350985894,15.449526716955006,16.064740259665996,11.70214696135372
1764848225.6380703,18751.26186378626,16.399461305700243,17.209149646107107,14.125602132640779
1764848225.6430705,19066.68502604915,10.411881476640701,12.313620604109019,17.416714093647897
1764848225.6480703,19509.489180802833,12.121015756390989,11.232789516914636,14.234059231355786
1764848225.6530704,19201.37752295332,12.07239705696702,17.687856840435416,11.358076165430248
1764848225.6580703,18737.375615250785,10.714813373051584,16.31157365674153,14.275198130868375
1764848225.6630704,19078.256276512053,13.878768735565245,16.992235448677093,15.29245091881603
1764848225.6680703,19503.310866076034,5.673428232781589,12.463216602336615,10.172527879476547
1764848225.6730704,19202.735106637236,12.45386685244739,15.810427062679082,6.9001154182478786
1764848225.6780703,18742.166427094024,14.129342032596469,18.170303934719414,17.222239295952022
1764848225.6830704,19086.75332921138,15.479445916600525,14.774474774952978,9.813497483730316
1764848225.6880703,19502.865817981306,6.997352817095816,7.6649249591864645,5.64350903313607
1764848225.6930704,19194.518546434585,14.604309326969087,18.899584426078945,15.70010001398623
1764848225.6980705,18748.038070024457,15.610342415049672,18.2488418337889,15.490665616467595
1764848225.7030704,19087.12731920695,5.2246402380988,12.930704096797854,11.720846461132169
1764848225.7080705,19509.57893840177,10.194967279210687,14.602439376991242,8.680307797156274
1764848225.7130704,19178.47811552463,9.499345887452364,17.646717940922827,13.459899940527976
1764848225.7180705,18750.121194299776,15.344809518195689,17.07077334774658,18.329249682836235
1764848225.7230704,19093.82548002759,11.634828762151301,10.27911502821371,13.119569044560194
1764848225.7280705,19493.755421689246,9.454467087984085,9.531135037075728,8.43721430003643
1764848225.7330704,19173.432990484405,8.88600229471922,10.552127724979073,18.14225468505174
1764848225.7380705,18753.296369362157,14.712766425684094,15.372858767863363,17.147441296838224
1764848225.7430704,19110.70364852762,12.573543651029468,15.10358597105369,13.067210445180535
1764848225.7480705,19475.949758000206,6.0586379282176495,9.127225841861218,14.952120022848248
1764848225.7530704,19174.943910066504,19.140807973220944,10.036021531093866,12.644601750187576
1764848225.7580705,18771.756515543442,11.264578666538,18.836006126832217,16.186287008225918
1764848225.7630703,19110.131443834398,12.753058848902583,14.325686780270189,9.102916492149234
1764848225.7680705,19473.859153924976,8.777545196004212,15.559853765647858,10.969126570038497
1764848225.7730703,-437.2672328692861,9.794797983951867,17.90103113790974,16.68556365231052
1764848225.7780704,-811.5975593342446,13.239245843142271,14.26958828093484,13.353312791790813
1764848225.7830703,-504.6602300708182,13.127048844471574,19.037960724439472,14.66601767623797
1764848225.7880704,-159.44876466086134,4.678614844568074,10.406271626707166,6.053028078284115
1764848225.7930703,-436.51177307823673,11.724586361087859,17.025894548278302,14.531381277833134
1764848225.7980704,-783.0322034726851,14.49211232829839,18.925763725768775,15.537414365913719
1764848225.8030703,-497.60303885443136,16.11148900911212,10.525948425289243,12.448257002513856
1764848225.8080704,-185.6991224498488,9.061777592636645,9.748049234505743,4.1269796011038125
1764848225.8130703,-443.50164609542117,14.07698343321681,16.562146953772753,14.987649072427303
1764848225.8180704,-777.171780242119,10.980346269905567,20.462862607557327,17.16053094668314
1764848225.8230705,-492.5466941143386,12.824116948060691,15.425217367243022,11.44222391443327
1764848225.8280704,-220.28571724006906,10.292204678058624,2.3467872221954167,10.888718720991164
1764848225.8330705,-453.0870096818544,15.602862615138292,17.242808745708317,10.099599830340594
1764848225.8380704,-755.6149968975224,8.01834550499916,13.9142977851443,14.430403979029506
1764848225.8430705,-491.49578222678974,16.332143106497824,14.191050381865352,15.12228547083214
1764848225.8480704,-230.95565181365237,8.05200460460037,5.140492489095777,12.27996150450781
1764848225.8530705,-457.3056168318726,14.05080413352698,9.43389763822779,13.435590590815991
1764848225.8580704,-740.049533281941,17.24467869568616,15.451396666932851,19.404470920097083
1764848225.8630705,-485.4820230980404,11.582470162771642,13.282254692632705,12.362239303532988
1764848225.8680704,-236.4682643483393,4.8880492420867085,7.937937655951828,6.266202375758439
1764848225.8730705,-458.80531671410426,10.165048079565167,19.92057711398229,13.394451691303402
1764848225.8780704,-727.2815148332156,14.09194303303957,15.447656766977161,20.67603690503165
1764848225.8830705,-488.96760985674337,14.275198130868375,12.803547498304397,14.613659076858312
1764848225.8880703,-247.25787572050467,10.269765278324485,10.372612527105957,12.609072700608522
1764848225.8930705,-463.81678265472874,11.758245460689068,18.600392429623753,11.767595210578293
1764848225.8980703,-723.7136502754875,14.675367426127195,14.613659076858312,14.078853383194655
1764848225.9030704,-474.4193990291096,12.637121950276196,8.981369743589312,18.34607923263684
1764848225.9080703,-260.134351267945,9.342270089313388,13.757221987005323,9.366579439025372
1764848225.9130704,-466.3524348246865,15.29619081877172,10.039761431049556,12.990542496088892
1764848225.9180703,-723.0928268828429,12.85029624775052,21.285640597809106,13.90681798523292
1764848225.9230704,-468.22986460244283,9.555444386787713,21.55117349466309,10.443670626264066
1764848225.9280703,-256.3159134131856,5.063824540004134,5.342447086703032,9.07486724248156
1764848225.9330704,-473.2338507431559,14.581869927234948,13.802100786473602,16.954836449120194
1764848225.9380703,-718.4067322383635,12.165894555859268,21.648410893511027,17.254028445575386
1764848225.9430704,-474.19500503176823,13.912427835166454,14.29950748058036,10.66058482369408
1764848225.9480705,-252.70690995594487,12.50996535178274,13.615105788689107,8.67843784717843
1764848225.9530704,-485.7662554946728,13.609495938755572,16.046040759887546,12.25752210477367
1764848225.9580705,-723.8408068739809,11.126202368177474,12.351019603665918,14.075113483238965
1764848225.9630704,-467.7623771079816,11.017745269462466,18.794867227319628,14.075113483238965
1764848225.9680705,-260.1081719682552,6.170834926888347,7.919238156173378,9.08234704239294
1764848225.9730704,-487.995235868264,13.942347034811974,15.238222369458526,9.47877643769607
1764848225.9780705,-729.7648084037937,12.322970353998244,19.800900315400213,13.90307808527723
1764848225.9830704,-461.50926438206807,14.667887626215816,14.527641377877444,12.605332800652832
1764848225.9880705,-270.79680604161695,10.726033072918653,9.88642553286627,13.031681395601481
1764848225.9930704,-486.6189526845701,10.08651018049568,15.140984970610589,14.146171582397074
1764848225.9980705,-729.2561820098199,12.371589053422213,18.989342025015503,16.457429755013436
1764848226.0030704,-462.945385965053,12.135975356213748,11.202870317269117,11.659138111863285
1764848226.0080705,-250.23483608523384,9.63024238590151,5.967010379303247,5.510742584709078
1764848226.0130703,-497.8947510509752,16.201246608048677,15.301800668705255,12.69509039958939
1764848226.0180705,-727.9621766251512,10.404401676729321,15.170904170256108,13.409411291126162
1764848226.0230703,-461.06795618729666,10.785871472209692,15.417737567331642,16.117098859045655
1764848226.0280704,-256.04290071642026,6.170834926888347,11.640438612084836,10.761562122497708
1764848226.0330703,-503.57191918371245,13.011111945845187,10.103339730296284,8.498922649305314
1764848226.0380704,-733.5196679593064,13.852589435875416,18.166564034763724,17.11565214721486
1764848226.0430703,-455.37208855478093,12.85029624775052,15.283101168926805,13.712343187537044
1764848226.0480704,-256.7759211077355,7.446140811778605,6.887025768402964,8.6522585474886
1764848226.0530703,-505.856998056639,12.266871854662895,18.435836831573397,15.46261636679992
1764848226.0580704,-735.490595235955,13.351442841812968,20.900430902373046,15.8777452618815
1764848226.0630703,-445.24817937472835,13.878768735565245,8.26330895209685,15.806687162723392
1764848226.0680704,-256.2598149138503,10.112689480185509,8.588680248241872,8.192250852938741
1764848226.0730705,-504.1403839769773,14.353736029937863,10.507248925510794,15.017568272072822
1764848226.0780704,-735.5915725347586,9.360969589091837,14.479022678453475,14.497722178231925
1764848226.0830705,-445.1098030763678,13.545917639508843,16.831419750582427,16.894998049829155
1764848226.0880704,-245.3206075434573,3.3995690597221255,8.124932653736323,7.077760666143149
1764848226.0930705,-511.706201587338,11.612389362417161,13.188757193740457,16.206856457982212
1764848226.0980704,-736.1151585285552,15.154074620455503,18.207702934276313,13.932997284922749
1764848226.1030705,-443.58392389444634,15.995552110485733,19.030480924528092,13.839499786030501
1764848226.1080704,-235.62304695835337,15.120415520854294,14.774474774952978,12.29866100428626
1764848226.1130705,-514.1072173588909,5.523832234553993,9.145925341639668,7.391912262421101
1764848226.1180704,-743.0451931464486,11.810604060068727,20.533920706715435,17.811273538973182
1764848226.1230705,-436.51177307823673,13.504778739996254,14.572520177345723,11.621739112306386
1764848226.1280704,-229.89726012619212,12.558584051206708,11.90597150893882,11.113112718332559
1764848226.1330705,-509.3799838148989,10.022931881248951,14.875452073756605,7.186217764858156
1764848226.1380703,-759.7401065486483,10.946687170304358,13.47298959037289,16.165717558469623
1764848226.1430705,-428.3700108746998,15.6739207142964,20.560100006405264,19.408210820052773
1764848226.1480703,-231.84574800310656,7.670534809119999,5.2115505882538855,10.002362431492656
1764848226.1530704,-514.1520961583592,12.521185051649809,13.88811848545447,14.965209672693163
1764848226.1580703,-757.0473785805516,16.302223906852305,18.27876103343442,19.55780681828037
1764848226.1630704,-423.5941586312838,11.945240458473563,10.346433227416128,11.87979220924899
1764848226.1680703,-228.31902234489098,8.227779902517796,10.226756428834051,8.525101948995143
1764848226.1730704,-527.6830541980453,12.225732955150306,22.934936478268355,16.195636758115143
1764848226.1780703,-754.2761127133854,12.947533646598458,17.691596740391105,16.31905345665291
1764848226.1830704,-431.2198146409355,13.557137339375913,10.387572126928717,13.001762195955962
1764848226.1880703,-230.61906081764027,8.291358201764524,6.296121575403959,9.908864932600409
1764848226.1930704,-532.5598837402649,15.023178122006357,12.339799903798848,12.829726797994226
1764848226.1980705,-754.9792139050551,9.503085787408054,14.119992282707244,14.228449381422251
1764848226.2030704,-424.5253937202506,15.468226216733456,17.785094239283353,14.505201978143305
1764848226.2080705,-239.29562871484086,12.405248153023422,9.351619839202613,3.947464403230697
1764848226.2130704,-529.4146278775297,13.534697939641774,14.228449381422251,16.932397049386054
1764848226.2180705,-746.1006914102472,19.73545206617564,18.843485926743597,19.378291620407254
1764848226.2230704,-420.74809476500377,9.368449389003217,13.428110790904611,11.307587516028434
1764848226.2280705,-258.7281488846056,7.3040246134623885,12.029388207476586,3.3902193098329008
1764848226.2330704,-516.2427002335899,7.891188906505704,17.97208923706785,21.46515579568222
1764848226.2380705,-704.3671478047036,10.45302037615329,20.586279306095093,16.805240450892597
1764848226.2430704,-376.99500518338755,9.62650248594582,13.585186589043587,11.733936110977083
1764848226.2480705,-372.76891823345795,8.556891098618507,10.739122722763568,7.83322045719251
1764848226.2530704,-552.5833081030287,12.337929953821003,13.787141186650842,13.47298959037289
1764848226.2580705,-579.4806685843505,14.320076930336654,11.50206231372431,11.595559812616557
1764848226.2630703,-409.7976676947437,13.882508635520935,14.65853787632659,12.205163505394012
1764848226.2680705,-395.2120578675531,5.983839929103851,11.543201213236898,12.317360504064709
1764848226.2730703,-530.8844085601158,8.47461329959333,14.811873774509877,13.783401286695153
1764848226.2780704,-607.2531656553037,15.023178122006357,11.614259312395006,20.649857605341822
1764848226.2830703,-397.7925888369791,12.88021544739604,9.662031535524875,14.800654074642807
1764848226.2880704,-323.3910191184841,4.465440547093749,5.237729887943715,5.791235081385821
1764848226.2930703,-529.4669864769094,14.578130027279258,19.423170419875532,15.541154265869409
1764848226.2980704,-715.9271785677411,15.778637913055718,15.754328563343734,14.576260077301413
1764848226.3030703,-436.182661882136,11.922801058739424,16.3227933566086,11.86857250938192
1764848226.3080704,-271.56722543248907,7.917368206195533,12.960623296443373,9.688210835214704
1764848226.3130703,-535.1628541094251,11.848003059625626,18.462016131263226,15.357899168040603
1764848226.3180704,-743.3369053429924,12.640861850231886,12.489395902026445,14.546340877655894
1764848226.3230705,-406.48785623395815,13.089649844914675,16.794020751025528,9.015028843190521
1764848226.3280704,-223.87976109748706,7.64061560947448,13.001762195955962,8.27452865196392
1764848226.3330705,-542.7847702191211,12.648341650143266,15.46261636679992,16.74914195155725
1764848226.3380704,-750.3679172596894,14.798784124664962,17.220369345974177,15.399038067553192
1764848226.3430705,-397.6205534390174,12.188333955593407,14.845532874111086,16.958576349075884
1764848226.3480704,-209.16325477184728,7.25166601408273,5.585540583822876,6.187664476688951
1764848226.3530705,-543.8581215064041,15.943193511106074,17.96460943715647,16.894998049829155
1764848226.3580704,-764.9647467867471,13.415021141059697,15.754328563343734,16.147018058691174
1764848226.3630705,-389.5274099349044,11.619869162328541,17.05581374792382,7.294674863573164
1764848226.3680704,-200.31839137664065,10.699853773228824,9.351619839202613,6.771088869776577
1764848226.3730705,-553.121853696648,13.68429393786937,18.839746026787907,17.11565214721486
1764848226.3780704,-780.4741119029932,9.446987288072705,17.94217003742233,15.571073465514928
1764848226.3830705,-375.72717909840867,17.525171192362905,16.31531355669722,14.931550573091954
1764848226.3880703,-192.4085029703565,10.47545977588743,12.28744130441919,10.23049632878974
1764848226.3930705,-559.5731811202131,14.252758731134236,17.399884543847293,14.422924179118127
1764848226.3980703,-790.37736698566,15.053097321651876,15.204563269857317,15.46635626675561
1764848226.4030704,-371.84142304444686,11.488972663879395,13.630065388511866,8.67095804726705
1764848226.4080703,-181.9554825942032,9.547964586876333,11.07197381881997,8.536321648862213
1764848226.4130704,-564.3452934636734,13.048510945402086,19.206256222445518,22.76290108030662
1764848226.4180703,-794.5436155362986,15.490665616467595,16.008641760330647,16.71548285195604
1764848226.4230704,-381.5015846299939,10.583916874602437,13.749742187093943,12.912004597019404
1764848226.4280703,-183.95258917054161,10.251065778546035,9.691950735170394,10.099599830340594
1764848226.4330704,-579.6265246826224,13.972266234457493,16.434990355279297,14.157391282264143
1764848226.4380703,-801.8401603498496,11.264578666538,13.416891091037542,12.523055001627654
1764848226.4430704,-373.1952668284066,17.521431292407215,15.784247762989253,11.640438612084836
1764848226.4480705,-184.74918786110356,11.118722568266094,9.703170435037464,7.05158136645332
1764848226.4530704,-586.0666324063204,10.572697174735367,12.541754501406103,15.945063461083919
1764848226.4580705,-808.2765281735919,10.322123877704144,16.25547515740618,15.806687162723392
1764848226.4630704,-367.1852475996129,11.111242768354714,13.05038089537993,11.819953809957951
1764848226.4680705,-183.98624827014282,9.23007309064269,9.160884941462427,6.812227769289166
1764848226.4730704,-586.4780214014463,17.528911092318594,17.205409746151417,18.70136972842738
1764848226.4780705,-819.3129729428329,15.083016521297395,16.068480159621686,16.491088854614645
1764848226.4830704,-366.28767161024734,12.581023450940847,14.67349747614935,13.693643687758595
1764848226.4880705,-164.26575580378994,9.364709489047527,8.727056546602398,9.89390533277765
1764848226.4930704,-591.2127347453497,12.289311254397035,14.101292782928795,14.157391282264143
1764848226.4980705,-822.8247390012257,13.089649844914675,14.213489781599492,17.669157340656966
1764848226.5030704,-368.0903033888899,11.66848786175251,16.850119250360876,13.155098094139248
1764848226.5080705,-164.57242760015652,8.096883404068649,6.677591370884329,9.86398613313213
1764848226.5130703,-596.9011225779541,9.69382068514824,12.347279703710228,11.195390517357737
1764848226.5180705,-825.5660856687464,14.278938030824065,19.46804921934381,19.98789531318471
1764848226.5230703,-353.2503803647123,12.607202750630677,14.778214674908668,10.144478629808873
1764848226.5280704,-163.74964960990474,6.668241620995104,8.805594445671886,9.370319338981062
1764848226.5330703,-592.0205531357788,15.255051919259131,14.202270081732422,16.438730255234987
1764848226.5380704,-830.3980364114977,11.466533264145255,18.559253530111164,16.917437449563295
1764848226.5430703,-369.06641727732494,12.84655634779483,12.912004597019404,9.561054236721247
1764848226.5480704,-171.70815671561286,6.391489024274051,12.033128107432276,7.691104258876294
1764848226.5530703,-591.9868940361775,9.888295482844114,13.128918794449419,13.338353191968054
1764848226.5580704,-821.6055316156708,12.958753346465528,11.999469007831067,12.28744130441919
1764848226.5630703,-359.23796019377187,14.338776430115104,15.776767963077873,14.153651382308453
1764848226.5680704,-158.06500167725608,8.156721803359687,11.606779512483627,9.44137743813917
1764848226.5730705,-598.011872864794,12.835336647927761,14.497722178231925,16.517268154304475
1764848226.5780704,-824.4478555819951,14.581869927234948,18.884624826256186,16.64442475279793
1764848226.5830705,-355.68879513582215,15.872135411947966,13.618845688644797,14.344386280048639
1764848226.5880704,-149.59412827761844,6.02123892866075,4.583247395697981,10.365132727194577
1764848226.5930705,-606.8492564600892,15.225132719613612,19.718622516375035,12.493135801982135
1764848226.5980704,-849.8043772815727,14.944640222936869,15.185863770078868,14.527641377877444
1764848226.6030705,-368.06038418924436,8.942100794054568,11.988249307963997,13.633805288467556
1764848226.6080704,-149.30615598103032,12.50996535178274,12.848426297772676,11.408564814832062
1764848226.6130705,-614.6207685680129,12.932574046775699,16.33775295643136,16.184417058248073
1764848226.6180704,-855.0028382199816,10.4492804761976,10.507248925510794,12.620292400475591
1764848226.6230705,-1313.6697786357254,14.09568293299526,15.335459768306464,16.023601360153407
1764848226.6280704,-1116.2217604750767,7.008572516962886,6.576614072080702,10.64936512382701
1764848226.6330705,-1586.0766116082668,13.074690245091915,18.34981913259253,14.071373583283275
1764848226.6380703,-1831.6833214983344,11.402954964898527,17.018414748366922,14.606179276946932
1764848226.6430705,-2284.890007978771,10.957906870171428,14.176090782042593,10.122039230074733
1764848226.6480703,-2080.317480402533,5.273258937522769,10.67554442351684,6.958083867561072
1764848226.6530704,-1595.1757882004604,17.091342797502875,16.921177349518985,18.884624826256186
1764848226.6580703,-1836.0216054469347,15.146594820544124,17.007195048499852,16.397591355722398
1764848226.6630704,-2285.0508236768655,14.06950363330543,15.724409363698214,14.078853383194655
1764848226.6680703,-2076.652378445957,7.491019611246884,9.792928033974022,6.756129269953817
1764848226.6730704,-1601.1484084296972,12.88395534735173,14.916590973269194,10.705463623162359
1764848226.6780703,-1839.226699708961,12.420207752846181,17.13061174703762,13.271034992765635
1764848226.6830704,-2285.5818894705735,14.409834529273212,15.305540568660945,17.15305114677176
1764848226.6880703,-2083.5450140642934,7.66305500920862,10.533428225200623,12.178984205704182
1764848226.6930704,-1612.872994790785,11.29823776613921,18.147864534985274,10.993435919750482
1764848226.6980705,-1848.6250682976097,11.171081167645752,20.115051911678165,19.318453221116215
1764848226.7030704,-2277.2493923692964,14.46593302860856,17.328826444689184,9.609672936145216
1764848226.7080705,-2079.618119110819,6.705640620552003,6.610273171681911,9.48625623760745
1764848226.7130704,-1601.2755650281906,18.703239678405225,21.270680997986346,20.014074612874538
1764848226.7180705,-1847.8696085065603,12.016298557631671,16.554667153861374,19.52414771867916
1764848226.7230704,-2262.1027975487523,13.048510945402086,11.225309717003256,11.172951117623597
1764848226.7280705,-2065.9974034721963,3.3546902602538466,10.215536728966981,5.368626386392862
1764848226.7330704,-1612.9066538903862,16.732312401756644,18.495675230864435,11.128072318155318
1764848226.7380705,-1840.614202592522,11.859222759492695,17.44850324327126,17.11191224725917
1764848226.7430704,-2263.4379418329336,11.309457466006279,14.621138876769692,13.49916889006272
1764848226.7480705,-2069.2735558333807,5.800584831275046,12.126625606324524,8.895352044608444
1764848226.7530704,-1629.6688854917884,11.3019776660949,18.106725635472685,17.05581374792382
1764848226.7580705,-1850.8465688712895,17.057683697901666,17.49712194269523,22.27297418611124
1764848226.7630703,-2267.4882534849457,10.995305869728327,11.50580221368,15.552373965736479
1764848226.7680705,-2075.579027158674,3.2424932615831494,8.27826855191961,8.996329343412071
1764848226.7730703,-1633.6518789445981,15.32611001841724,15.743108863476664,16.427510555367917
1764848226.7780704,-2840.446536546573,14.548210827633739,14.11438243277371,10.29781452799216
1764848226.7830703,-3240.99169175094,9.207633690908551,14.140561732463539,11.311327415984124
1764848226.7880704,-3059.670122199226,9.144055391661823,10.322123877704144,6.677591370884329
1764848226.7930703,-2609.1561636868864,17.547610592097044,9.764878784306347,15.668310864362866
1764848226.7980704,-2837.9445434762165,10.931727570481598,12.382808753289282,12.67265099985525
1764848226.8030703,-3244.256624412257,16.48173910472542,17.027764498256147,16.075959959533066
1764848226.8080704,-3062.7667593625374,5.23959983792156,12.154674855992198,6.25498267589137
1764848226.8130703,-2618.28151957877,16.003031910397112,18.594782579690218,12.186464005615562
1764848226.8180704,-2830.520842064172,11.616129262372851,15.931973811239004,18.619091929402202
1764848226.8230705,-3237.9848121865653,5.864163130521774,13.792751036584377,13.11021929467097
1764848226.8280704,-3064.8274442381226,10.729772972874343,7.550858010537922,6.924424767959863
1764848226.8330705,-2624.441134805791,16.328403206542134,13.572096939198673,13.981615984346718
1764848226.8380704,-2783.1400495255366,11.623609062284231,15.206433219835162,14.639838376548141
1764848226.8430705,-3213.8736771722324,10.598876474425197,13.968526334501803,10.002362431492656
1764848226.8480704,-3145.4185483832844,11.619869162328541,16.178807208314538,13.11395919462666
1764848226.8530705,-2666.425251708366,15.060577121563256,17.614928791299462,15.844086162280291
1764848226.8580704,-2731.8959403326735,10.280984978191555,16.5640169037506,14.905371273402125
1764848226.8630705,-3190.7274363464676,13.796490936540067,14.177960732020438,14.755775275174528
1764848226.8680704,-3194.7571785487235,7.835090407170355,9.005679093301296,7.167518265079707
1764848226.8730705,-3663.40030209627,8.02582530491054,14.944640222936869,8.708357046823949
1764848226.8780704,-3661.5883205677383,13.2654251428321,18.205832984298468,18.817306627053767
1764848226.8830705,-3173.9165860456415,14.163001132197678,15.090496321208775,14.598699477035552
1764848226.8880703,-3239.0338541241363,9.196413991041481,8.242739502340555,7.612566359806806
1764848226.8930705,-3683.517223957926,13.138268544338644,9.820977283641696,14.617398976814002
1764848226.8980703,-3622.0725376359187,13.119569044560194,16.792150801047683,14.766994975041598
1764848226.9030704,-3150.4075749241747,12.121015756390989,12.745579048991203,8.491442849393934
1764848226.9080703,-3275.6960933897644,10.980346269905567,15.251312019303441,12.201423605438322
1764848226.9130704,-3692.500463651493,11.907841458916664,14.623008826747537,14.430403979029506
1764848226.9180703,-3581.834954012651,11.526371663436294,17.409234293736517,14.355605979915708
1764848226.9230704,-3156.15580115607,13.018591745756567,12.371589053422213,11.43848401447758
1764848226.9280703,-3310.0807335823774,8.42225470021367,7.969726805575192,10.211796829011291
1764848226.9330704,-3685.6340073328465,10.04537128098309,13.785271236672997,12.010688707698137
1764848226.9380703,-3553.4042345494963,14.387395129539073,21.044417050667107,17.57565984176472
1764848226.9430704,-3136.281972791534,13.358922641724348,13.134528644382954,14.841792974155396
1764848226.9480705,-3306.565227624029,8.104363203980029,11.010265469551086,8.465263549704105
1764848226.9530704,-3685.9855579286814,12.132235456258059,22.12524813786149,17.429803743492812
1764848226.9580705,-3540.9167085974477,13.744132337160408,11.907841458916664,17.601839141454548
1764848226.9630704,-3136.5886445879005,8.639168897643685,8.945840694010258,11.89849170902744
1764848226.9680705,-3340.1831883257255,10.703593673184514,14.660407826304436,13.009241995867342
1764848226.9730704,-3699.6137533672154,13.052250845357776,15.965632910840213,13.315913792233914
1764848226.9780705,-3470.9656198262237,12.04995765723288,21.538083844818175,10.929857620503753
1764848226.9830704,-3141.802065126132,13.886248535476625,14.593089627102017,11.87231240933761
1764848226.9880705,-3435.976985790767,6.283031925559044,5.5350519344210625,6.124086177442223
1764848226.9930704,-3690.017170080915,15.251312019303441,10.812050771899521,16.27417465718463
1764848226.9980705,-3373.1821955847554,14.671627526171505,19.548457068391144,14.550080777611583
1764848227.0030704,-3150.4711532234214,16.332143106497824,12.416467852890491,16.218076157849282
1764848227.0080705,-3482.875331235118,7.9884263053536415,8.44469409994781,8.611119647976011
1764848227.0130703,-3667.401995048858,13.811450536362827,15.31863021850586,16.74914195155725
1764848227.0180705,-3363.6304910979234,14.626748726703227,16.57149670366198,12.149065006058663
1764848227.0230703,-3181.643219354097,9.820977283641696,18.258191583678126,12.448257002513856
1764848227.0280704,-3504.622849477455,13.732912637293339,11.141161968000233,9.276821840088814
1764848227.0330703,-3670.9810793064535,12.330450153909624,18.1198152853176,14.72211617557332
1764848227.0380704,-3354.5013953060843,11.533851463347673,14.87358212377876,14.778214674908668
1764848227.0430703,-3179.9340850743465,10.703593673184514,14.379915329627693,14.927810673136264
1764848227.0480704,-3593.146281428635,7.65557520929724,13.31404384225607,11.517021913547069
1764848227.0530703,-3660.7038342282176,11.384255465120077,12.031258157454431,11.771335110533983
1764848227.0580704,-3218.6944082151167,19.32780297100544,18.13851478509605,17.369965344201773
1764848227.0630703,-3229.579387036152,12.09483645670116,11.825563659891486,12.930704096797854
1764848227.0680704,-2741.5561019182205,8.85982299502939,8.265178902074695,8.061354354489595
1764848227.0730705,-2620.463751202915,14.712766425684094,15.31489031855017,14.965209672693163
1764848227.0780704,-2148.639842743054,12.958753346465528,13.011111945845187,11.745155810844153
1764848227.0830705,-2293.873247672338,11.754505560733378,15.580423215404153,9.183324341196567
1764848227.0880704,-1806.422167247627,9.880815682932734,9.215113490819931,11.913451308850199
1764848227.0930705,-1611.02922411263,14.402354729361832,17.121261997148395,11.195390517357737
1764848227.0980704,-1134.2798674111255,15.70010001398623,14.185440531931818,15.993682160507888
1764848227.1030705,-1325.9665696900338,11.859222759492695,10.774651772342622,17.687856840435416
1764848227.1080704,-844.2711952971295,14.615529026836157,11.373035765253007,13.525348189752549
1764848227.1130705,-612.6984599907883,7.139469015412033,13.007372045889497,12.590373200830072
1764848227.1180704,-1099.5848155221902,14.49585222825408,13.074690245091915,12.68013079976663
1764848227.1230705,-1329.4633761486039,13.912427835166454,13.347702941857278,12.968103096354753
1764848227.1280704,-865.9700948400423,7.9472874058410525,17.061423597857356,6.9431242677383125
1764848227.1330705,-601.9948663176037,11.70214696135372,14.660407826304436,10.993435919750482
1764848227.1380703,-1089.9844923359342,12.367849153466523,18.280630983412266,13.547787589486688
1764848227.1430705,-1348.3423911249265,6.8215775191783905,7.25914581399411,9.4301577382721
1764848227.1480703,-878.7904718881473,11.137422068044543,9.155275091528893,15.043747571762651
1764848227.1530704,-600.3642699369229,10.939207370392978,16.9716659989208,13.585186589043587
1764848227.1580703,-112.27927646972239,12.719399749301374,15.32611001841724,16.203116558026522
1764848227.1630704,-387.6537200571038,11.922801058739424,19.986025363206863,11.50206231372431
1764848227.1680703,93.74620223930106,10.47545977588743,15.464486316777766,10.338953427504748
1764848227.1730704,406.28029178641737,10.819530571810901,11.395475164987147,14.157391282264143
1764848227.1780703,-78.78847236651927,14.985779122449458,16.994105398654938,18.30868023307994
1764848227.1830704,-375.0876562059857,10.815790671855211,14.189180431887507,13.85071948589757
1764848227.1880703,105.0332203055732,8.564370898529887,8.04452480468899,11.528241613414139
1764848227.1930704,408.3484564619139,11.978899558074772,17.139961496926844,16.939876849297434
1764848227.1980705,891.3995445887558,12.027518257498741,18.381608282215893,10.757822222542018
1764848227.2030704,608.0441544959322,11.27579836640507,10.737252772785723,11.008395519573241
1764848227.2080705,1069.9255389235914,13.560877239331603,11.758245460689068,6.554174672346562
1764848227.2130704,1382.6690628682263,12.726879549212754,13.598276238888502,16.30783375678584
1764848227.2180705,898.2996600070037,11.892881859093904,13.949826834723353,17.08947284752503
1764848227.2230704,599.1768517009914,12.992412446066737,10.415621376596391,8.955190443899482
1764848227.2280705,1068.433318841271,8.089403604157269,11.24213926680386,13.031681395601481
1764848227.2330704,1378.4803749178536,11.055144269019365,16.89312809985131,9.785448234062642
1764848227.2380705,891.9306103824638,19.526017668657005,20.90978065226227,19.281054221559316
1764848227.2430704,589.7822230122983,15.090496321208775,10.763432072475553,11.932150808628649
1764848227.2480705,1062.7636305084452,5.082524039782584,13.063470545224845,9.938784132245928
1764848227.2530704,1378.4728951179422,11.541331263259053,15.69636011403054,18.544293930288404
1764848227.2580705,898.8531652004458,12.45760675240308,15.045617521740496,12.059307407122105
1764848227.2630703,596.1737120365724,13.029811445623636,17.36061559431255,9.45633703796193
1764848227.2680705,1068.2014450440183,9.955613682046533,11.051404369063675,12.953143496531993
1764848227.2730703,1378.0091475234367,10.378222377039492,13.037291245535016,10.903678320813924
1764848227.2780704,895.0010682460852,14.020884933881462,14.854882624000311,12.190203905571252
1764848227.2830703,602.3146277638152,12.278091554529965,16.10026930924505,11.344986515585333
1764848227.2880704,1064.6896789856255,6.926294717937708,8.699007296934724,10.361392827238888
1764848227.2930703,1376.2850536438636,11.530111563391984,14.742685625329614,15.574813365470618
1764848227.2980704,900.5884787798859,16.638814902864397,16.575236603617668,17.773874539416283
1764848227.3030703,603.2084638532251,15.475706016644835,16.47799920476973,15.623432064894587
1764848227.3080704,1066.6157274628058,6.705640620552003,10.43432087637484,6.65515197115019
1764848227.3130703,1381.1693629859947,10.86814927123487,14.230319331400096,15.724409363698214
1764848227.3180704,897.3235461185686,16.324663306586444,18.96129277534783,15.013828372117132
1764848227.3230705,602.6512187598273,11.63856866210699,11.806864160113037,14.66227777628228
1764848227.3280704,1069.072841733694,10.699853773228824,10.247325878590345,13.90681798523292
1764848227.3330705,1374.3290859670378,13.519738339819014,13.856329335831106,15.099846071098
1764848227.3380704,899.3356122947298,8.710226996801794,14.51829162798822,16.438730255234987
1764848227.3430705,618.527094071731,14.551950727589428,14.349996129982173,15.956283160950989
1764848227.3480704,1071.0699483100325,9.312350889667869,10.09398998040706,9.964963431935757
1764848227.3530705,1361.7031837166287,10.44554057624191,11.488972663879395,11.823693709913641
1764848227.3580704,902.4995676572435,13.998445534147322,16.90808769967407,17.84493263857439
1764848227.3630705,627.6674095634371,11.750765660777688,17.233458995819092,12.459476702380925
1764848227.3680704,1067.4759044526145,11.732066160999238,8.669088097289205,9.84902653330937
1764848227.3730705,1357.4883164665662,9.28991148993373,17.420453993603587,8.951450543943793
1764848227.3780704,900.5249004806392,11.821823759935796,13.777791436761618,16.191896858159453
1764848227.3830705,629.6906954394653,7.491019611246884,13.501038840040565,13.701123487669975
1764848227.3880703,1060.306516237557,9.933174282312393,11.537591363303363,13.435590590815991
1764848227.3930705,1347.5588820842095,14.301377430558205,18.87527507636696,9.781708334106952
1764848227.3980703,899.8629381884821,13.6730742380023,11.503932263702154,16.472389354836196
1764848227.4030704,631.4970671180636,11.589949962683022,17.611188891343772,12.65021160012111
1764848227.4080703,1062.7374512087554,9.843416683375835,11.769465160556138,9.359099639113992
1764848227.4130704,1350.5769813484512,12.644601750187576,16.747272001579404,14.460323178675026
1764848227.4180703,905.6822225195356,13.153228144161403,19.29414387140423,15.802947262767702
1764848227.4230704,643.8462167717516,12.618422450497746,13.059730645269156,19.07909962395206
1764848227.4280703,1066.4287324650213,13.127048844471574,14.436013828963041,9.134705641772598
1764848227.4330704,1340.4792514680885,12.573543651029468,14.335036530159414,14.557560577522963
1764848227.4380703,905.3194522238337,11.728326261043549,16.829549800604582,13.86941898567602
1764848227.4430704,641.972526893951,7.453620611689985,11.604909562505782,10.189357429277152
1764848227.4480705,1066.6344269625843,12.416467852890491,13.762831836938858,12.040607907343656
1764848227.4530704,1339.966885174159,12.427687552757561,16.14140820875764,12.167764505837113
1764848227.4580705,900.9026303761639,15.154074620455503,15.367248917929828,18.589172729756683
1764848227.4630704,645.6974672498181,8.411035000346601,13.822670236229897,13.820800286252052
1764848227.4680705,1059.2892634496093,7.25540591403842,11.156121567822993,7.691104258876294
1764848227.4730704,1338.037096797023,11.201000367291272,13.415021141059697,15.421477467287332
1764848227.4780705,908.5507257855497,13.28412464261055,15.165294320322573,17.743955339770764
1764848227.4830704,648.4649932170287,9.948133882135153,12.386548653244972,9.676991135347635
1764848227.4880705,1059.9848848413676,9.592843386344612,9.899515182711184,9.246902640443295
1764848227.4930704,1343.1121410368942,14.017145033925772,14.342516330070794,8.977629843633622
1764848227.4980705,904.78464653017,14.129342032596469,13.362662541680038,10.410011526662856
1764848227.5030704,647.5337581280619,10.348303177393973,17.450373193249106,14.27706808084622
1764848227.5080705,1059.1920260507613,13.085909944958985,8.990719493478537,13.196236993651837
1764848227.5130703,1337.2666774061508,9.708780284970999,17.947779887355864,14.890411673579365
1764848227.5180705,911.3369512525387,11.68718736153096,16.07409000955522,16.487348954658955
1764848227.5230703,649.4149278057739,13.725432837381959,16.04043090995401,12.893305097240955
1764848227.5280704,1059.607154945843,10.344563277438283,12.09857635665685,14.71837627561763
1764848227.5330703,1339.8359886757098,9.701300485059619,14.993258922360837,12.332320103887469
1764848227.5380704,910.9442617571913,17.547610592097044,13.964786434546113,17.93095033755526
1764848227.5430703,651.729925878346,16.84450940042734,11.369295865297318,15.89270486170426
1764848227.5480704,1054.5433304058388,9.850896483287215,7.771512107923627,9.325440539512783
1764848227.5530703,1332.670340360608,15.614082315005362,12.0798768568784,15.556113865692168
1764848227.5580704,909.137890078593,12.139715256169438,15.221392819657922,13.992835684213787
1764848227.5630703,647.5748970275745,8.4858329994604,11.556290863081813,10.559607524890453
1764848227.5680704,1058.122414663434,9.196413991041481,12.031258157454431,10.462370126042515
1764848227.5730705,1333.7474315478466,11.126202368177474,11.952720258384943,9.45259713800624
1764848227.5780704,904.3134191357531,8.998199293389916,15.774898013100028,15.810427062679082
1764848227.5830705,649.8973749000579,14.86610232386738,18.10859558545053,11.09441321855411
1764848227.5880704,1056.2113257860765,14.798784124664962,10.217406678944826,9.209503640886396
1764848227.5930705,1329.3455692999996,12.03873795736581,22.55159673281014,13.704863387625664
1764848227.5980704,901.4710951694287,12.8577760476619,12.218253155238926,17.8785917381756
1764848227.6030705,647.2345661316067,12.577283550985157,18.93885337561369,13.05412079533562
1764848227.6080704,1058.5375435585156,9.136575591750443,10.598876474425197,11.950850308407098
1764848227.6130705,1330.4937185863964,14.47341282851994,16.84450940042734,18.013228136580437
1764848227.6180704,896.0856392332353,14.07698343321681,12.607202750630677,9.370319338981062
1764848227.6230705,654.0374441510066,9.072997292503715,15.28497111890465,11.270188516471535
1764848227.6280704,1064.2633303906769,14.581869927234948,14.738945725373924,6.872066168580204
1764848227.6330705,1321.5590975922532,14.798784124664962,11.567510562948883,9.366579439025372
1764848227.6380703,898.2099024080671,7.150688715279102,18.314290083013475,15.025048071984202
1764848227.6430705,656.6852933196351,8.631689097732306,15.584163115359843,12.336060003843158
1764848227.6480703,1061.4060468245298,11.066363968886435,12.184594055637717,7.560207760427147
1764848227.6530704,1324.8576893531717,10.247325878590345,10.774651772342622,14.800654074642807
1764848227.6580703,906.0113337156363,15.27375141903758,16.208726407960057,15.847826062235981
1764848227.6630704,661.281630365178,11.28701806627214,17.001585198566318,12.25378220481798
1764848227.6680703,1053.2605447210371,10.4866794757545,9.28243169002235,12.840946497861296
1764848227.6730704,1320.8672161004506,15.610342415049672,17.27085799537599,14.071373583283275
1764848227.6780703,910.7647465593182,13.69551363773644,13.818930336274207,18.26380143361166
1764848227.6830704,663.3572748405859,11.29823776613921,8.06696420442313,14.29202768066898
1764848227.6880703,1058.0663161640987,11.634828762151301,12.764278548769653,13.140138494316489
1764848227.6930704,1323.0176585749723,14.970819522626698,14.421054229140282,7.750942658167332
1764848227.6980705,915.2301871064119,11.866702559404075,16.9342669993639,13.727302787359804
1764848227.7030704,669.494450667873,13.186887243762612,18.12729508522898,13.47672949032858
1764848227.7080705,1051.850602437742,5.793105031363666,8.05574450455606,9.744309334550053
1764848227.7130704,1318.7130337259732,11.859222759492695,9.409588288515806,12.631512100342661
1764848227.7180705,926.0010989787988,18.374128482304513,13.759091936983168,20.803193503525108
1764848227.7230704,679.3864860506728,11.29823776613921,15.864655612036586,10.428711026441306
1764848227.7280705,1042.7738652452826,4.484140046872199,11.197260467335582,11.359946115408093
1764848227.7330704,1310.3431376251392,10.625055774115026,17.37557519413531,17.691596740391105
1764848227.7380705,928.1515414533205,12.188333955593407,12.44264715258032,12.451996902469546
1764848227.7430704,684.0725806951523,11.552550963126123,12.977452846243978,13.170057693962008
1764848227.7480705,1041.008632466197,12.158414755947888,18.11233548540622,13.278514792677015
1764848227.7530704,1297.4143034783192,12.89143514726311,13.149488244205713,14.206009981688112
1764848227.7580705,926.5695637720637,12.03873795736581,13.7104732375592,14.220969581510872
1764848227.7630703,696.9266168428585,14.46967292856425,17.169880696572363,12.27622160455212
1764848227.7680705,1044.748532421887,9.372189288958907,12.592243150807917,8.128672553692013
1764848227.7730703,1291.3481857501902,11.114982668310404,14.686587125994265,14.68097727606073
1764848227.7780704,922.1190828247927,13.452420140616596,15.782377813011408,16.442470155190676
1764848227.7830703,709.4552816944197,6.0960369277745485,17.355005744379014,12.50248555187136
1764848227.7880704,1047.4225608902052,7.180607914924622,11.84613310964778,7.150688715279102
1764848227.7930703,1272.184938377235,10.367002677172422,15.260661769192666,14.338776430115104
1764848227.7980704,909.0817915792577,11.369295865297318,16.053520559798926,13.942347034811974
1764848227.8030703,715.7906722193584,14.406094629317522,12.347279703710228,13.115829144604504
1764848227.8080704,1062.3859006129205,13.239245843142271,13.413151191081852,12.408988052979112
1764848227.8130703,1253.889347794,14.136821832507849,16.984755648765713,14.637968426570296
1764848227.8180704,882.6631382922642,9.140315491706133,14.056413983460516,11.896621759049594
1764848227.8230705,729.1645544609055,11.425394364632666,18.469495931174606,17.132481697015464
1764848227.8280704,1078.3403138238937,6.657021921128035,9.804147733841091,11.515151963569224
1764848227.8330705,1238.017212382052,14.832443224266171,13.85071948589757,15.382208517752588
1764848227.8380704,845.1594215366058,10.651235073804855,17.84493263857439,9.936914182268083
1764848227.8430705,809.759398506023,14.035844533704221,14.467802978586406,12.801677548326552
1764848227.8480704,1153.1944114370272,8.388595600612462,12.459476702380925,6.5822239220142365
1764848227.8530705,1123.8511563846841,16.328403206542134,16.23677565762773,16.53035780414939
1764848227.8580704,729.6507414551452,14.619268926791847,19.12771832337603,13.127048844471574
1764848227.8630705,909.5661086235195,13.789011136628687,10.2454559286125,13.65437473822385
1764848227.8680704,1270.1186436517164,8.770065396092832,14.725856075529009,13.160707944072783
1764848227.8730705,1034.2132342467085,12.682000749744475,17.332566344644874,13.785271236672997
1764848227.8780704,667.3215687936172,10.602616374380887,10.66058482369408,11.578730262815952
1764848227.8830705,976.6262547289953,13.231766043230891,15.88522506179288,16.575236603617668
1764848227.8880703,1358.8963887998834,8.949580593965948,12.444517102558166,8.717706796713173
1764848227.8930705,976.2373051336035,10.88310887105763,15.784247762989253,15.827256612479687
1764848227.8980703,525.9645701684058,16.272304707206786,15.933843761216849,11.223439767025411
1764848227.9030704,37.92071560071781,15.131635220721364,12.186464005615562,13.205586743541062
1764848227.9080703,524.1151896403171,5.961400529369712,7.489149661269039,5.8566833306103945
1764848227.9130704,941.231841548346,11.870442459359765,20.077652912121266,13.762831836938858
1764848227.9180703,1341.4778047562577,8.680307797156274,18.25632163370028,15.976852610707283
1764848227.9230704,1037.2425532108173,10.232366278767586,12.65021160012111,10.782131572254002
1764848227.9280703,668.5576057289727,9.106656392104924,12.451996902469546,8.691527497023344
1764848227.9330704,945.7496406948194,12.88395534735173,9.04494804283604,13.6730742380023
1764848227.9380703,1224.2169815455563,9.929434382356703,11.389865315053612,15.423347417265177
1764848227.9430704,1035.6456159297377,18.736898778006434,19.423170419875532,12.165894555859268
1764848227.9480705,810.6438848455437,10.572697174735367,5.480823385063559,6.5784840220585465
1764848227.9530704,967.4784594373778,18.677060378715396,15.054967271629721,12.592243150807917
1764848227.9580705,1132.0845461371355,13.100869544781744,17.90851093782112,13.332743342034519
1764848227.9630704,1015.9625224629417,10.08651018049568,11.161731417756528,13.613235838711262
1764848227.9680705,875.9275784720667,4.9291881415992975,10.25293572852388,7.670534809119999
1764848227.9730704,1002.0987133271992,16.664994202554226,13.016721795778722,18.284370883367956
1764848227.9780705,1038.3701330474578,14.394874929450452,18.35729893250391,12.999892245978117
1764848227.9830704,968.2900177277625,7.0609311163425446,9.546094636898488,11.511412063613534
1764848227.9880705,951.6119338753633,12.09109655674547,17.261508245486766,9.562924186699092
1764848227.9930704,1012.9930418981239,13.789011136628687,11.000915719661862,15.438307017087936
1764848227.9980705,996.2943885959685,11.040184669196606,15.148464770521969,15.337329718284309
1764848228.0030704,977.8697714642622,14.387395129539073,12.235082705039531,12.700700249522924
1764848228.0080705,956.3896560687572,8.545671398751438,3.9998230026103556,12.005078857764602
1764848228.0130703,1002.6690480704419,10.804570971988142,17.179230446461588,19.578376268036664
1764848228.0180705,1000.3577898978256,11.743285860866308,20.111312011722475,15.554243915714324
1764848228.0230703,981.1178745757788,14.91098112333566,11.935890708584338,8.250219302251935
1764848228.0280704,938.9000139259733,7.928587906062603,13.360792591702193,5.901562130078673
1764848228.0330703,1009.0212681451812,14.798784124664962,18.966902625281364,17.424193893559277
1764848228.0380704,1004.0733805038035,13.66185453813523,16.26295495731756,20.93969985190779
1764848228.0430703,981.7368280184455,9.099176592193544,12.437037302646786,13.048510945402086
1764848228.0480704,939.7022224664688,9.23381299059838,9.811627533752471,6.170834926888347
1764848228.0530703,996.999359737616,12.139715256169438,20.26838780986145,16.762231601402164
1764848228.0580704,1001.1300792386755,13.067210445180535,12.523055001627654,11.391735265031457
1764848228.0630703,980.1959892367013,12.236952655017376,19.767241215799004,13.377622141502798
1764848228.0680704,936.5831459034234,7.405001912266016,9.07860714243725,7.311504413373768
1764848228.0730705,997.0442385370843,13.336483241990209,16.67808385239914,18.804216977208853
1764848228.0780704,1015.8877244638279,14.039584433659911,15.241962269414216,16.05539050977677
1764848228.0830705,981.658290119376,12.86151594761759,8.26704885205254,9.211373590864241
1764848228.0880704,927.0389212165028,5.2096806382760406,8.794374745804816,5.942701029591262
1764848228.0930705,1009.8346963855438,18.935113475658,18.529334330465645,21.440846445970237
1764848228.0980704,1039.0526647893712,11.526371663436294,14.26584838097915,18.4900653809309
1764848228.1030705,982.3165125115775,12.169634455814958,13.843239685986191,10.183747579343617
1764848228.1080704,901.8918339144439,10.408141576685011,13.185017293784767,9.906994982622564
1764848228.1130705,1011.2969972682185,14.694066925905645,15.331719868350774,14.204140031710267
1764848228.1180704,1066.5708486633375,11.27953826636076,16.405071155633777,12.90639474708587
1764848228.1230705,993.2519799820147,13.863809135742486,10.589526724535972,16.94922659918666
1764848228.1280704,885.2305796118453,8.942100794054568,13.11021929467097,10.258545578457415
1764848228.1330705,1011.1025224705227,12.539884551428258,18.37599843228236,14.709026525728405
1764848228.1380703,1091.4860621681437,12.349149653688073,15.227002669591457,15.782377813011408
1764848228.1430705,985.3308718758635,11.889141959138215,10.473589825909585,12.367849153466523
1764848228.1480703,835.1458394052461,4.951627541333437,7.163778365124017,5.075044239871204
1764848228.1530704,1024.2594905146398,14.87358212377876,23.93722966639325,16.014251610264182
1764848228.1580703,1187.231240933761,10.84944977145642,13.330873392056674,12.610942650586367
1764848228.1630704,985.2710334765725,12.648341650143266,11.89101190911606,8.702747196890414
1764848228.1680703,828.152226488106,5.770665631629527,8.962670243810862,11.765725260600448
1764848228.1730704,1019.4611988714896,13.123308944515884,18.600392429623753,13.504778739996254
1764848228.1780703,1169.1263852482662,10.85318967141211,10.402531726751477,12.034998057410121
1764848228.1830704,981.0599061264656,16.08904960937798,11.08319351868704,11.612389362417161
1764848228.1880703,819.9768051849678,7.203047314658761,7.657445159275085,13.052250845357776
1764848228.1930704,1017.4715720950626,14.293897630646825,18.836006126832217,16.792150801047683
1764848228.1980705,1134.4612525589764,11.866702559404075,21.281900697853416,15.146594820544124
1764848228.2030704,983.8423916934989,11.930280858650804,16.23677565762773,14.155521332286298
1764848228.2080705,824.1804527351633,9.589103486388922,6.1353058773092926,9.196413991041481
1764848228.2130704,1002.7662854692899,11.025225069373846,21.315559797454625,13.119569044560194
1764848228.2180705,1130.5081783058122,16.16384760849178,15.043747571762651,17.36809539422393
1764848228.2230704,995.4585209558718,12.50622545182705,10.454890326131135,13.69177373778075
1764848228.2280705,832.9243388315663,8.915921494364738,14.112512482795864,11.477752964012325
1764848228.2330704,991.475527503062,14.316337030380964,14.71463637566194,16.93052709940821
1764848228.2380705,1124.7786515736952,14.637968426570296,12.369719103444368,13.6730742380023
1764848228.2430704,1002.9271011673845,15.969372810795903,17.721515940036625,15.120415520854294
1764848228.2480705,834.2146043162793,5.916521729901433,13.86193918576464,10.89806847088039
1764848228.2530704,990.0693251197226,14.675367426127195,15.948803361039609,15.011958422139287
1764848228.2580705,1141.3987669767812,13.897468235343695,17.654197740834206,14.798784124664962
1764848228.2630703,1004.5763970478438,9.596583286300302,12.470696402247995,10.150088479742408
1764848228.2680705,827.0078171016648,4.132589451037347,4.463570597115904,6.548564822413027
1764848228.2730703,996.9544809381478,15.378468617796898,20.017814512830228,19.144547873176634
1764848228.2780704,1154.4173587225378,13.837629836052656,15.05870717158541,12.87647554744035
1764848228.2830703,1008.2377591044642,11.597429762594402,11.565640612971038,12.10605615656823
1764848228.2880704,812.2052930770442,11.63856866210699,11.662878011818975,7.057191216386855
1764848228.2930703,1000.5111257960089,9.929434382356703,19.374551720451564,13.463639840483665
1764848228.2980704,1176.4902482610196,9.140315491706133,15.245702169369906,14.92594072315842
1764848228.3030703,1007.78149130987,15.079276621341705,17.04833394801244,15.25879181921482
1764848228.3080704,789.2273477492854,10.359522877261043,7.335813763085753,8.46339359972626
1764848228.3130703,1000.582183895167,13.27290494274348,11.023355119396001,15.019438222050667
1764848228.3180704,1184.179482569918,14.91846092324704,17.92347053764388,15.344809518195689
1764848228.3230705,1001.2291865875013,8.560630998574197,12.919484396930784,15.165294320322573
1764848228.3280704,778.6172515749931,8.42225470021367,12.530534801539034,8.46339359972626
1764848228.3330705,999.9090019031428,14.548210827633739,18.469495931174606,17.132481697015464
1764848228.3380704,1189.14980961103,14.09194303303957,16.655644452665,15.617822214961052
1764848228.3430705,998.7047541174106,10.337083477526903,12.040607907343656,10.06033088080585
1764848228.3480704,779.3839310659096,8.530711798928678,9.564794136676937,6.735559820197523
1764848228.3530705,985.6038845726289,11.904101558960974,17.201669846195728,16.896867999807
1764848228.3580704,1179.874857720919,14.694066925905645,15.91888416139409,11.967679858207703
1764848228.3630705,1015.6390211167745,14.88854172360152,19.17259712284431,15.73001921363175
1764848228.3680704,782.5852854279801,3.3920892598107457,6.382139274384826,4.764632543548942
1764848228.3730705,976.7590211774223,15.845956112258136,11.524501713458449,15.939453611150384
1764848228.3780704,1175.2747807754204,16.339622906409204,17.5457406421192,15.789857612922788
1764848228.3830705,1011.098782570567,11.948980358429253,11.535721413325518,11.66848786175251
1764848228.3880703,777.5775593873113,8.728926496580243,4.856260092463344,7.64809540938586
1764848228.3930705,984.6165509843268,16.0441708099097,20.507741407025605,15.415867617353797
1764848228.3980703,1174.6689169825986,12.341669853776693,18.039407436270267,16.193766808137298
1764848228.4030704,1013.679313539993,14.45471332874149,13.323393592145294,12.532404751516879
1764848228.4080703,777.039013793692,10.0790303805843,13.218676393385977,5.134882639162242
1764848228.4130704,978.1278245612048,14.219099631533027,15.08862637123093,13.27664484269917
1764848228.4180703,1183.7755733747035,9.839676783420146,9.385278938803822,8.669088097289205
1764848228.4230704,1015.6053620171733,12.943793746642768,13.89933818532154,14.675367426127195
1764848228.4280703,768.6130191935226,9.454467087984085,6.531735272612423,8.568110798485577
1764848228.4330704,987.4738345504738,11.563770662993193,16.820200050715357,16.46303960494697
1764848228.4380703,1266.8537109903991,10.45302037615329,15.832866462413222,20.06456326227635
1764848228.4430704,1031.6233535273932,12.988672546111047,10.570827224757522,12.47256635222584
1764848228.4480705,660.9487792691216,7.146948815323412,15.664570964407176,8.272658701986074
1764848228.4530704,978.1988826603629,13.68055403791368,14.826833374332637,20.973358951509
1764848228.4580705,1281.4916794169694,13.022331645712256,16.420030755456537,14.944640222936869
1764848228.4630704,1014.4385132309981,12.86151594761759,11.707756811287254,11.612389362417161
1764848228.4680705,708.643723404035,9.405848388560116,10.66806462360546,15.539284315891564
1764848228.4730704,976.1942962841131,10.980346269905567,18.387218132149428,16.410681005567312
1764848228.4780705,1217.804923071526,15.112935720942914,16.483609054703265,14.327556730248034
1764848228.4830704,1002.6353889708407,14.338776430115104,18.71258942829445,12.195813755504787
1764848228.4880705,727.5676171798259,5.3330973368138075,12.500615601893514,11.219699867069721
1764848228.4930704,938.2006526342593,11.945240458473563,15.574813365470618,16.05913040973246
1764848228.4980705,1167.6902636652812,15.569203515537083,17.08947284752503,17.211019596084952
1764848228.5030704,1016.151387410704,8.388595600612462,14.131211982574314,10.606356274336576
1764848228.5080705,756.7575363339856,6.930034617893398,5.551881484221667,7.311504413373768
1764848228.5130703,966.0666472041048,16.328403206542134,22.867618279065937,19.900007664225996
1764848228.5180705,1202.632148951292,15.6739207142964,16.805240450892597,14.671627526171505
1764848228.5230703,1040.6252927207388,10.610096174292266,9.8378068334423,12.46882645227015
1764848228.5280704,772.5548737468198,3.5117660583928227,14.70341667579487,9.185194291174412
1764848228.5330703,961.432911159005,13.179407443851233,17.246548645664006,14.821223524399102
1764848228.5380704,1198.7164736976847,13.29534434247762,15.06618697149679,12.517445151694119
1764848228.5430703,1047.4880091394298,12.001338957808912,13.009241995867342,12.532404751516879
1764848228.5480704,765.7033770279959,9.28617158997804,8.880392444785684,10.804570971988142
1764848228.5530703,954.4131189421751,16.668734102509916,14.445363578852266,14.45471332874149
1764848228.5580704,1206.6188823040575,12.723139649257064,22.856398579198867,19.65691416710615
1764848228.5630703,1044.6082861735485,12.745579048991203,12.377198903355747,9.312350889667869
1764848228.5680704,747.744377440773,4.4093420477584,8.334367051254958,6.002539428882301
1764848228.5730705,963.048547939863,17.102562497369945,18.836006126832217,17.543870692141354
1764848228.5780704,1246.2132031349465,15.838476312346756,13.237375893164426,15.636521714739501
1764848228.5830705,1089.1729340455495,11.163601367734373,11.625479012262076,10.602616374380887
1764848228.5880704,745.9118264624849,9.390888788737357,7.04784146649763,14.159261232241988
1764848228.5930705,970.1880169552751,11.27205846644938,14.381785279605538,14.447233528830111
1764848228.5980704,1243.9318641619757,14.047064233571291,14.26958828093484,14.555690627545118
1764848228.6030705,1039.7464162311517,18.10111578553915,18.955682925414294,10.172527879476547
1764848228.6080704,719.1416225796565,8.310057701542974,9.777968434151262,7.7079338086768985
1764848228.6130705,952.7675629616715,13.976006134413183,15.365378967951983,18.84909577667713
1764848228.6180704,1237.6600519362837,17.29329739511013,20.571319706272334,14.51081182807684
1764848228.6230705,1027.2626301790588,10.44554057624191,11.520761813502759,12.726879549212754
1764848228.6280704,703.553719564341,8.44469409994781,10.870019221212715,7.307764513418078
1764848228.6330705,939.0458700242452,11.911581358872354,19.292273921426386,15.176514020189643
1764848228.6380703,1201.8804290601984,12.367849153466523,15.413997667375952,11.432874164544046
1764848228.6430705,1024.775596708525,14.847402824088931,15.0624470715411,13.433720640838146
1764848228.6480703,722.1559819439426,4.944147741422057,14.071373583283275,6.283031925559044
1764848228.6530704,947.0268165296875,13.026071545667946,18.978122325148433,19.32406307104975
1764848228.6580703,1232.9515178920701,12.704440149478614,12.006948807742447,13.231766043230891
1764848228.6630704,1053.5653465674259,15.112935720942914,16.154497858602554,14.278938030824065
1764848228.6680703,725.4620535047725,1.7801923789083958,7.930457856040448,6.653282021172345
1764848228.6730704,949.0538423056714,10.759692172519863,14.235929181333631,15.169034220278263
1764848228.6780703,1245.3006675457582,13.628195438534021,13.07282029511407,15.393428217619658
1764848228.6830704,1051.1942499955185,9.23381299059838,11.531981513369828,12.240692554973066
1764848228.6880703,716.1459627151489,8.0781839042902,7.997776055242866,7.591996910050511
1764848228.6930704,954.5814144401811,13.740392437204719,18.854705626610667,18.770557877607644
1764848228.6980705,1256.8270392091945,15.771158113144338,18.005748336669058,14.245278931222856
1764848228.7030704,1049.0699868206866,10.266025378368795,12.6539515000768,11.993859157897532
1764848228.7080705,717.1071170037612,9.188934191130102,6.681331270840019,7.756552508100867
1764848228.7130704,951.6306333751418,16.578976503573358,15.290580968838185,14.858622523956
1764848228.7180705,1250.5066082840785,8.287618301808834,18.963162725325674,13.721692937426269
1764848228.7230704,1049.126085320022,15.251312019303441,17.792574039194733,16.47425930481404
1764848228.7280705,709.2308876970783,6.7392997201532125,11.113112718332559,7.124509415589273
1764848228.7330704,949.1174206049182,10.808310871943831,19.830819515045732,12.8577760476619
1764848228.7380705,1256.6063851118088,12.88395534735173,16.67434395244345,16.06287030968815
1764848228.7430704,1049.8553658113815,16.44434010516852,13.274774892721325,11.810604060068727
1764848228.7480705,705.2815533438697,7.2666256139054894,10.67928432347253,7.068410916253924
1764848228.7530704,941.1888326988555,18.826656376942992,20.851812202949077,18.344209282658994
1764848228.7580705,1268.652602869086,12.640861850231886,10.69424392329529,15.359769118018448
1764848228.7630703,1057.989648215007,12.135975356213748,12.30614080419764,12.158414755947888
1764848228.7680705,703.8977903602645,9.491866087540984,6.759869169909507,12.528664851561189
1764848228.7730703,949.6634459984489,12.633382050320506,16.76036165142432,13.774051536805928
1764848228.7780704,1308.4264388978481,7.446140811778605,17.609318941365927,16.822070000693202
1764848228.7830703,1088.118282258045,13.916167735122144,16.434990355279297,11.028964969329536
1764848228.7880704,2647.355501834303,8.23712965240702,6.883285868447274,9.86024623317644
1764848228.7930703,2911.353169756476,12.152804906014353,15.208303169813007,15.253181969281286
1764848228.7980704,3256.3832500185817,11.950850308407098,19.98041551327333,16.67060405248776
1764848228.8030703,3009.8546547894366,15.672050764318556,10.552127724979073,10.159438229631633
1764848228.8080704,2630.7578258309513,9.239422840531915,8.450303949881345,5.43220468563959
1764848228.8130703,2899.0301994024776,17.628018441144377,17.87111193826422,18.413397431839257
1764848228.8180704,3241.8911376902834,13.04664099542424,14.520161577966064,16.498568654526025
1764848228.8230705,2996.7612650445662,9.112266242038459,8.988849543500692,8.869172744918615
1764848228.8280704,2592.917518079281,13.932997284922749,14.860492473933846,9.03372834296897
1764848228.8330705,2876.134531873744,14.811873774509877,15.410257767420262,14.037714483682066
1764848228.8380704,3243.547913370654,11.229049616958946,10.559607524890453,13.11021929467097
1764848228.8430705,3020.139379667584,14.66601767623797,12.934443996753544,13.622585588600487
1764848228.8480704,2639.4306538281962,6.116606377530843,10.776521722320467,13.409411291126162
1764848228.8530705,2891.3634044933133,9.0599076426588,15.342939568217844,14.523901477921754
1764848228.8580704,3254.4534616414458,16.898737949784845,22.459969183895737,14.927810673136264
1764848228.8630705,3030.1660514487885,13.768441686872393,14.68845707597211,14.407964579295367
1764848228.8680704,2632.751192507334,7.1824778649024665,10.402531726751477,4.332674098666757
1764848228.8730705,2885.443142863456,10.926117720548064,19.17259712284431,19.759761415887624
1764848228.8780704,3258.2905989959836,14.957729872781783,15.754328563343734,15.399038067553192
1764848228.8830705,3030.955170339439,7.878099256660789,12.107926106546074,12.373459003400058
1764848228.8880703,2628.035178663209,10.23423622874543,14.086333183106035,11.348726415541023
1764848228.8930705,2895.4847742444836,14.060153883416206,13.966656384523958,12.69883029954508
1764848228.8980703,3282.7869437057525,5.877252780366689,17.45972294313833,12.807287398260087
1764848228.9030704,3040.951922920998,13.271034992765635,12.25378220481798,14.867972273845226
1764848228.9080703,2638.3909616405144,6.4980761730112135,8.25208925222978,7.193697564769536
1764848228.9130704,2921.9183871313,13.824540186207741,12.523055001627654,10.776521722320467
1764848228.9180703,3308.072407306172,16.7304424517788,18.2488418337889,20.103832211811095
1764848228.9230704,3028.5504146679305,11.0607541189529,13.775921486783773,12.811027298215777
1764848228.9280703,2592.3191340863705,8.955190443899482,9.935044232290238,9.44511733809486
1764848228.9330704,2885.9555091573857,16.225555957760662,16.801500550936908,19.310973421204835
1764848228.9380703,3291.777663199231,18.129165035206825,17.815013438928872,12.036868007387966
1764848228.9430704,3010.112707886379,10.623185824137181,11.07571371877566,11.666617911774665
1764848228.9480705,2556.2664985135198,10.552127724979073,14.68845707597211,13.136398594360799
1764848228.9530704,2859.271322973538,14.643578276503831,20.75083490414545,12.65021160012111
1764848228.9580705,3289.1522534303367,14.763255075085908,19.18381682271138,15.174644070211798
1764848228.9630704,3034.680110695306,11.330026915762573,13.936737184878439,10.825140421744436
1764848228.9680705,2591.53001519572,6.23254327615723,7.878099256660789,6.913205068092793
1764848228.9730704,2880.525174421724,10.017322031315416,12.351019603665918,15.541154265869409
1764848228.9780705,3302.0848274771124,12.025648307520896,15.941323561128229,16.805240450892597
1764848228.9830704,3049.190922523383,14.643578276503831,10.791481322143227,10.144478629808873
1764848228.9880705,2586.3726931568235,8.850473245140165,11.707756811287254,11.543201213236898
1764848228.9930704,2881.572346409317,6.939384367782623,16.984755648765713,13.656244688201696
1764848228.9980705,3316.427343807183,13.136398594360799,17.676637140568346,16.775321251247078
1764848229.0030704,3045.346305368934,12.238822604995221,10.522208525333554,12.111666006501764
1764848229.0080705,2577.984097556211,7.227356664370745,13.925517485011369,16.203116558026522
1764848229.0130703,2876.171930873301,11.240269316826016,15.88522506179288,14.621138876769692
1764848229.0180705,3325.2161087030545,15.387818367686123,16.547187353949994,14.778214674908668
1764848229.0230703,3072.180087551009,12.582893400918692,15.571073465514928,11.954590208362788
1764848229.0280704,3561.860148349311,7.743462858255953,10.963516720104963,5.761315881740302
1764848229.0330703,3862.968843531795,8.386725650634617,14.019014983903617,11.169211217667907
1764848229.0380704,4299.701270707417,16.120838759001344,18.387218132149428,17.818753338884562
1764848229.0430703,4012.2955689625815,9.400238538626581,12.538014601450413,12.571673701051623
1764848229.0480704,3528.5301599442028,9.968703331891447,9.310480939690024,5.918391679879278
1764848229.0530703,3818.13866276294,15.08114657131955,16.65190455270931,17.50086184265092
1764848229.0580704,4279.012144152541,14.340646380092949,12.825986898038536,11.027095019351691
1764848229.0630703,4017.9615173954517,14.65853787632659,10.062200830783695,9.590973436366767
1764848229.0680704,3549.6007562945597,13.300954192411155,14.097552882973105,8.476483249571174
1764848229.0730705,3839.5159309096634,11.10189301846549,17.631758341100067,19.374551720451564
1764848229.0780704,4290.127126820851,13.327133492100984,13.573966889176518,13.323393592145294
1764848229.0830705,4038.291613554582,15.305540568660945,11.285148116294295,11.550681013148278
1764848229.0880704,3552.5814565592445,7.511589061003178,7.975336655508727,10.133258929941803
1764848229.0930705,3843.3867273638025,11.793774510268122,13.637545188423246,14.29950748058036
1764848229.0980704,4303.115799366962,16.887518249917775,17.377445144113153,16.079699859488755
1764848229.1030705,4034.4881352996454,7.85939975688234,14.998868772294372,13.667464388068765
1764848229.1080704,3544.9595404495485,3.8352674045599997,9.807887633796781,6.355959974694997
1764848229.1130705,3847.92696591001,16.34897265629843,20.563839906360954,12.803547498304397
1764848229.1180704,4297.341393835377,18.129165035206825,16.988495548721403,15.855305862147361
1764848229.1230705,4030.161071050912,12.403378203045577,8.977629843633622,13.704863387625664
1764848229.1280704,3551.332329974044,8.846733345184475,13.379492091480643,12.126625606324524
1764848229.1330705,3834.4034876702353,11.47962291399017,18.099245835561305,13.035421295557171
1764848229.1380703,4295.146072561387,11.662878011818975,14.987649072427303,16.532227754127234
1764848229.1430705,4030.3144069490954,11.318807215895504,14.396744879428297,16.150757958646864
1764848229.1480703,3548.9911526017822,5.731396682094783,10.421231226529926,10.23049632878974
1764848229.1530704,3834.324949771166,8.895352044608444,16.76036165142432,15.11480567092076
1764848229.1580703,4295.684618155006,19.404470920097083,16.154497858602554,18.809826827142388
1764848229.1630704,4043.056246098131,14.527641377877444,11.707756811287254,11.797514410223812
1764848229.1680703,3555.7042730222456,9.213243540842086,8.106233153957874,3.6819315063767135
1764848229.1730704,3830.4840725166723,18.880884926300496,14.6921969759278,18.488195430953056
1764848229.1780703,4284.367680889089,17.010934948455542,16.63320505293086,17.826233138795942
1764848229.1830704,4042.768273801543,8.181031153071672,10.585786824580282,11.726456311065704
1764848229.1880703,3563.842295325827,9.47129663778469,10.784001522231847,6.572874172125012
1764848229.1930704,3830.9253807114437,13.86567908572033,17.635498241055757,15.840346262324601
1764848229.1980705,4291.241617007647,11.793774510268122,17.47468254296109,12.205163505394012
1764848229.2030704,4052.1928216898814,7.492889561224729,11.303847616072744,14.950250072870404
1764848229.2080705,4536.042378457263,7.406871862243861,10.047241230960935,8.083793754223734
1764848229.2130704,4808.858730474953,14.000315484125167,14.871712173800915,18.200223134364933
1764848229.2180705,5281.239884028211,14.112512482795864,18.510634830687195,18.67893032869324
1764848229.2230704,5027.781254181173,9.44511733809486,11.161731417756528,12.403378203045577
1764848229.2280705,4541.857922888361,7.268495563883334,11.195390517357737,8.951450543943793
1764848229.2330704,4836.208618850913,12.567933801095933,14.69593687588349,14.479022678453475
1764848229.2380705,5298.52570162341,13.962916484568268,17.43728354340419,16.539707554038614
1764848229.2430704,5023.8880183272995,10.451150426175445,16.378891855943948,6.801008069422096
1764848229.2480705,5503.14871784905,12.429557502735406,15.776767963077873,11.030834919307381
1764848229.2530704,5786.433049842715,15.212043069768697,11.84239320969209,14.220969581510872
1764848229.2580705,6263.466638940852,12.796067698393017,15.945063461083919,15.589772965293378
1764848229.2630703,5998.133826734498,13.764701786916703,11.969549808185548,11.89849170902744
1764848229.2680705,6477.13273325935,4.198037700261921,11.726456311065704,10.866279321257025
1764848229.2730703,6759.32875436591,7.735983058344573,14.232189281377941,12.425817602779716
1764848229.2780704,6272.229224537034,16.22929585771635,23.08079257654026,18.3236398329027
1764848229.2830703,6017.581306504086,14.179830681998283,9.07860714243725,11.591819912660867
1764848229.2880704,6485.685884458013,8.349326651077718,10.597006524447352,5.02455559046939
1764848229.2930703,6774.449169886764,15.735629063565284,15.208303169813007,16.32653325656429
1764848229.2980704,7262.257410757244,13.663724488113075,13.652504788246006,13.420630990993232
1764848229.3030703,6986.729631271679,8.087533654179424,9.905125032644719,10.193097329232842
1764848229.3080704,7454.849168825429,7.45549056166783,8.431604450102895,15.395298167597502
1764848229.3130703,7752.939764743671,10.144478629808873,18.77990762749687,18.540554030332714
1764848229.3180704,7263.427999443375,15.52619466604665,18.577953029889613,16.850119250360876
1764848229.3230705,6984.930739392992,11.05327431904152,15.440176967065781,13.641285088378936
1764848229.3280704,7440.62632929394,9.134705641772598,7.870619456749409,6.075467478018254
1764848229.3330705,7751.559741660021,10.077160430606455,15.92636396130547,12.893305097240955
1764848229.3380704,7271.274309550412,13.10647939471528,20.537660606671125,21.9924816894345
1764848229.3430705,6984.317395800259,15.743108863476664,11.614259312395006,11.793774510268122
1764848229.3480704,7439.208907210734,7.324594063218683,12.27996150450781,8.300707951653749
1764848229.3530705,7742.202511970885,15.12602537078783,14.445363578852266,19.800900315400213
1764848229.3580704,7265.391446920112,8.334367051254958,17.14931124681607,14.980169272515923
1764848229.3630705,6987.103621267248,9.531135037075728,12.231342805083841,12.059307407122105
1764848229.3680704,7436.411462043878,6.714990370441228,10.23049632878974,9.403978438582271
1764848229.3730705,7704.627737116069,16.517268154304475,15.313020368572325,12.556714101228863
1764848229.3780704,7232.349430811591,16.27791455714032,14.976429372560233,14.535121177788824
1764848229.3830705,6996.935818250757,16.2479953574948,17.807533639017493,10.391312026884407
1764848229.3880703,7458.394593983423,8.584940348286182,11.801254310179502,6.341000374872237
1764848229.3930705,7725.705813266337,13.787141186650842,14.007795284036547,14.867972273845226
1764848229.3980703,7253.801496957429,15.847826062235981,21.11734509980306,18.66023082891479
1764848229.4030704,7006.7193965348415,12.377198903355747,12.67639089981094,7.534028460737318
1764848229.4080703,7461.8016428430565,10.009842231404036,7.171258165035397,8.820554045494646
1764848229.4130704,7731.966405792162,12.508095401804894,16.371412056032568,19.767241215799004
1764848229.4180703,7246.744305741042,12.410858002956957,15.413997667375952,13.398191591259092
1764848229.4230704,7005.047661254648,11.87231240933761,15.574813365470618,11.655398211907595
1764848229.4280703,7477.89443235239,9.299261239822954,11.543201213236898,11.06449401890859
1764848229.4330704,7715.58564398624,13.237375893164426,14.912851073313504,13.386971891392022
1764848229.4380703,8178.94989874633,11.760115410666913,17.706556340213865,15.90018466161564
1764848229.4430704,7985.494223788381,10.155698329675943,14.796914174687117,14.101292782928795
1764848229.4480705,7505.341558127198,5.361146586481482,11.535721413325518,6.995482867117971
1764848229.4530704,7703.0382796349,8.61859944788739,13.671204288024455,14.968949572648853
1764848229.4580705,8141.027313195635,17.212889546062797,20.556360106449574,22.175736787263304
1764848229.4630704,7987.528729364276,13.020461695734411,15.728149263653904,12.354759503621608
1764848229.4680705,7545.156533055473,9.613412836100906,9.385278938803822,7.418091562110931
1764848229.4730704,7701.029953358695,15.129765270743519,14.613659076858312,18.3236398329027
1764848229.4780705,8113.123919626232,9.807887633796781,14.041454383637756,13.779661386739463
1764848229.4830704,7991.680018315092,9.931304332334548,13.04664099542424,7.597606759984046
1764848229.4880705,7561.357779663522,6.341000374872237,12.324840303976089,10.619445924181491
1764848229.4930704,7696.676709810272,13.360792591702193,13.49168909015134,13.529088089708239
1764848229.4980705,8091.896247477736,13.05038089537993,15.544894165825099,15.945063461083919
1764848229.5030704,8001.1980637023225,10.626925724092871,14.030234683770686,11.06449401890859
1764848229.5080705,7573.849045515526,12.182724105659872,9.807887633796781,10.582046924624592
1764848229.5130703,7692.839572455734,11.580600212793797,16.831419750582427,13.143878394272178
1764848229.5180705,8098.598148198333,17.09321274748072,14.366825679782778,19.363332020584494
1764848229.5230703,8003.617778973654,12.508095401804894,14.505201978143305,9.755529034417123
1764848229.5280704,7571.833239439409,10.024801831226796,11.393605215009302,9.366579439025372
1764848229.5330703,7700.498887564987,18.25632163370028,14.737075775396079,15.193343569990247
1764848229.5380704,8104.211738031823,12.807287398260087,16.094659459311515,15.694490164052695
1764848229.5430703,8002.895978282206,10.088380130473524,10.825140421744436,6.363439774606377
1764848229.5480704,7582.016987018753,7.657445159275085,8.364286250900477,12.096706406679004
1764848229.5530703,7704.683835615404,13.566487089265138,13.416891091037542,14.912851073313504
1764848229.5580704,8112.592853832524,15.683270464185625,14.916590973269194,17.224109245929867
1764848229.5630703,8016.460595421493,12.829726797994226,11.977029608096927,11.991989207919687
1764848229.5680704,7577.682442970108,9.08234704239294,11.819953809957951,6.9842631672509015
1764848229.5730705,7699.56765247602,10.769041922409087,12.631512100342661,16.71174295200035
1764848229.5780704,8121.774308223743,17.818753338884562,16.64442475279793,20.081392812076956
1764848229.5830705,8015.521880532615,9.88642553286627,14.235929181333631,10.937337420415133
1764848229.5880704,7576.306159786414,5.43968448555097,11.804994210135192,8.547541348729283
1764848229.5930705,7703.546906028874,13.86193918576464,15.52619466604665,16.479869154747576
1764848229.5980704,8114.545081609394,18.383478232193738,19.07535972399637,16.371412056032568
1764848229.6030705,8023.431768938899,12.380938803311437,10.073420530650765,9.05242784274742
1764848229.6080704,7589.560365229379,12.339799903798848,11.04205461917445,9.744309334550053
1764848229.6130705,7690.292700585909,13.925517485011369,16.827679850626737,18.24510193383321
1764848229.6180704,8108.722057378385,11.46092341421172,16.835159650538117,17.49712194269523
1764848229.6230705,8034.6664284057915,12.945663696620613,13.08777989493683,15.840346262324601
1764848229.6280704,7589.122796934564,6.423278173897415,11.543201213236898,6.838407068978995
1764848229.6330705,7679.491869513877,8.031435154844075,16.098399359267205,13.323393592145294
1764848229.6380703,8094.876947742421,16.779061151202768,17.657937640789896,16.28165445709601
1764848229.6430705,8046.940780060366,11.363686015363783,11.176691017579287,12.586633300874382
1764848229.6480703,7601.370969289448,6.793528269510716,11.266448616515845,8.603639848064631
1764848229.6530704,7672.00084990263,14.464063078630716,21.248241598252207,15.51871486613527
1764848229.6580703,8080.347436414566,13.338353191968054,20.485302007291466,16.816460150759667
1764848229.6630704,8048.182426845655,12.171504405792803,10.712943423073739,8.188510952983052
1764848229.6680703,7620.040549868252,8.551281248684973,13.11021929467097,9.800407833885401
1764848229.6730704,7670.519849520177,6.995482867117971,18.865925326477736,14.766994975041598
1764848229.6780703,8074.4309146846645,15.099846071098,17.48216234287247,15.223262769635767
1764848229.6830704,8056.4363860478625,13.44681029068306,12.893305097240955,10.417491326574236
1764848229.6880703,7615.949099316727,7.395652162376791,10.391312026884407,5.8174143810756505
1764848229.6930704,7665.773916476406,12.575413601007313,20.070173112209886,15.335459768306464
1764848229.6980705,8091.163227086421,18.77242782758549,20.122531711589545,17.579399741720408
1764848229.7030704,8063.429998965003,14.512681778054684,10.911158120725304,14.766994975041598
1764848229.7080705,7606.647968126927,6.064247778151184,9.733089634682983,6.572874172125012
1764848229.7130704,7662.486544415355,12.459476702380925,17.93469023751095,13.90307808527723
1764848229.7180705,8091.241764985491,14.407964579295367,13.05038089537993,17.829973038751632
1764848229.7230704,8065.210191343911,11.89849170902744,9.605933036189526,14.66601767623797
1764848229.7280705,7601.991792682093,9.84902653330937,9.213243540842086,10.899938420858234
1764848229.7330704,7656.5550630856305,9.48625623760745,16.184417058248073,16.865078850183636
1764848229.7380705,8093.511884258594,14.987649072427303,15.144724870566279,17.07825314765796
1764848229.7430704,8064.477170952596,13.951696784701198,14.621138876769692,12.223863005172461
1764848229.7480705,7595.5292455586605,7.03662176663056,12.66517119994387,7.4667102615348995
1764848229.7530704,7650.758218154311,9.643332035746425,6.213843776378781,10.514728725422174
1764848229.7580705,8099.136693791952,18.237622133921832,15.705709863919765,20.67603690503165
1764848229.7630703,8065.1914918441325,11.84987300960347,19.023001124616712,11.659138111863285
1764848229.7680705,7589.579064729158,9.811627533752471,3.7604694054462016,8.454043849837035
1764848229.7730703,7650.118695261888,12.930704096797854,20.30204690946266,18.065586735960096
1764848229.7780704,8103.377740341704,11.378645615186542,17.983308936934918,18.435836831573397
1764848229.7830703,8064.641726550646,8.738276246469468,12.575413601007313,11.621739112306386
1764848229.7880704,7586.1458365698345,12.713789899367839,12.773628298658878,11.389865315053612
1764848229.7930703,-1179.6635533734225,12.977452846243978,16.4518199050799,11.840523259714246
1764848229.7980704,-720.233673366718,11.593689862638712,16.709873002022505,16.339622906409204
1764848229.8030703,-755.932888393756,11.474013064056635,15.056837221607566,14.035844533704221
1764848229.8080704,-1243.6102327657863,8.680307797156274,8.88974219467491,4.3270642487332225
1764848229.8130703,-1179.2297249785624,13.620715638622642,11.530111563391984,15.655221214517951
1764848229.8180704,-711.3775902716443,18.91267407592386,19.75415156595409,16.55653710383922
1764848229.8230705,-753.1317033269443,10.718553273007274,8.100623304024339,10.647495173849165
1764848229.8280704,-274.06173870293424,6.324170825071633,7.752812608145177,4.0839707516133785
1764848229.8330705,-194.84504779148847,12.199553655460477,15.29993071872741,20.06830316223204
1764848229.8380704,279.91468213358894,9.757398984394968,11.032704869285226,18.261931483633816
1764848229.8430705,223.00275455787778,11.058884168975055,12.177114255726337,18.89397457614541
1764848229.8480704,695.7223690571263,8.134282403625548,12.10605615656823,10.823270471766591
1764848229.8530705,791.8097486686893,19.65691416710615,16.302223906852305,15.337329718284309
1764848229.8580704,1272.643076121807,9.473166587762535,9.873335883021355,12.229472855105996
1764848229.8630705,1204.1898172828369,12.782978048548102,17.599969191476703,12.599722950719297
1764848229.8680704,1665.3269616193138,8.957060393877327,3.653882256709039,7.980946505442262
1764848229.8730705,1765.947099977173,11.791904560290277,15.561723715625703,12.427687552757561
1764848229.8780704,1283.9674931876361,13.66933433804661,18.306810283102095,16.021731410175562
1764848229.8830705,1210.3793517095037,14.836183124221861,16.276044607162476,6.930034617893398
1764848229.8880703,1651.2836372856982,2.6852481681853533,8.86730279494077,5.516352434642613
1764848229.8930705,1775.678319661878,14.608049226924777,21.72507884260267,16.216206207871437
1764848229.8980703,1299.8545881994069,14.207879931665957,19.062270074151456,14.765125025063753
1764848229.9030704,1210.9029377033003,12.88769524730742,17.427933793514967,10.763432072475553
1764848229.9080703,1642.771624986548,7.468580211512744,12.50622545182705,10.385702176950872
1764848229.9130704,1764.7091930918396,9.319830689579248,16.10400920920074,18.56860328000039
1764848229.9180703,1317.678951388225,13.643155038356781,15.434567117132246,14.136821832507849
1764848229.9230704,1212.8701250799932,13.7104732375592,16.46677950490266,13.560877239331603
1764848229.9280703,1623.3615442165174,8.201600602827966,16.88938819989562,7.719153508543968
1764848229.9330704,1767.1476078629494,13.860069235786796,12.768018448725343,12.928834146820009
1764848229.9380703,1329.1679240521044,12.143455156125128,16.799630600959063,16.238645607605577
1764848229.9430704,1211.7444151933305,12.293051154352725,10.206186979077756,11.717106561176479
1764848229.9480705,1607.0219213101082,4.7272335439920425,7.513459010981023,6.668241620995104
1764848229.9530704,1770.1769268270582,17.599969191476703,17.32321659475565,17.435413593426347
1764848229.9580705,1344.4678547708318,16.4518199050799,14.45845322869718,15.344809518195689
1764848229.9630704,1213.9621758670546,9.024378593079746,13.732912637293339,15.161554420366883
1764848229.9680705,1605.611979026813,8.86356289498508,8.84112349525094,6.3802693244069815
1764848229.9730704,1762.278258120641,14.226579431444407,14.10316273290664,11.227179666981101
1764848229.9780705,1338.940282636322,8.983239693567157,13.089649844914675,15.838476312346756
1764848229.9830704,1216.7858003336005,16.219946107827127,15.430827217176557,10.314644077792764
1764848229.9880705,1602.5190817634575,7.9098884062841535,13.415021141059697,9.398368588648736
1764848229.9930704,1760.688800639473,14.47715272847563,14.970819522626698,14.559430527500808
1764848229.9980705,1340.7316947150975,14.002185434103012,14.10316273290664,16.354582506231964
1764848230.0030704,1212.6345113827847,6.642062321305275,16.702393202111125,10.827010371722281
1764848230.0080705,1597.6609517210163,4.865609842352569,8.88226239476353,3.500546358525753
1764848230.0130703,1755.3145644031465,15.097976121120155,18.370388582348824,17.65606769081205
1764848230.0180705,1339.4451691303402,10.251065778546035,16.53409770410508,14.985779122449458
1764848230.0230703,1217.043853430543,13.145748344250023,10.44180067628622,15.599122715182602
1764848230.0280704,1601.9655765700154,9.050557892769575,12.255652154795825,9.192674091085792
1764848230.0330703,1743.982667537406,14.821223524399102,14.230319331400096,16.739792201668024
1764848230.0380704,1340.1258309222758,10.168787979520857,15.946933411061764,13.590796438977122
1764848230.0430703,1221.337258579675,15.999292010441422,12.921354346908629,18.426487081684172
1764848230.0480704,1601.7075234730728,9.016898793168366,11.66848786175251,10.987826069816947
1764848230.0530703,1746.2079080110416,16.896867999807,20.5657098563388,17.050203897990286
1764848230.0580704,1347.0072468407452,16.743532101623714,15.195213519968092,18.13477488514036
1764848230.0630703,1219.9310561963357,13.388841841369867,13.807710636407137,8.717706796713173
1764848230.0680704,1587.1256535458378,9.25999229028821,10.509118875488639,5.471473635174334
1764848230.0730705,1755.236026504077,16.762231601402164,19.821469765156507,19.843909164890647
1764848230.0780704,1348.8210983192548,11.851742959581316,18.658360878936946,14.47341282851994
1764848230.0830705,1223.3829838554375,8.152981903403997,11.608649462461472,8.691527497023344
1764848230.0880704,1589.3845531190746,9.368449389003217,9.2637321902439,10.681154273450375
1764848230.0930705,1745.527246219106,14.563170427456498,16.13018850889057,10.509118875488639
1764848230.0980704,1349.2324873143807,12.562323951162398,14.002185434103012,14.967079622671008
1764848230.1030705,1226.6778357164003,18.13477488514036,17.091342797502875,13.130788744427264
1764848230.1080704,1586.1158805578016,7.554597910493612,10.370742577128112,12.708180049434304
1764848230.1130705,1751.6606821464375,12.536144651472569,14.379915329627693,17.057683697901666
1764848230.1180704,1357.7295400137082,11.65726816188544,13.392581741325557,17.035244298167527
1764848230.1230705,1225.6044844291173,13.747872237116098,12.218253155238926,8.86730279494077
1764848230.1280704,1583.2436373918317,6.260592525824904,8.45217389985919,2.9919199645519257
1764848230.1330705,1755.6810745988041,16.642554802820086,19.466179269365966,16.48173910472542
1764848230.1380703,1363.5189051451162,11.376775665208697,17.3045170949772,18.355428982526064
1764848230.1430705,1221.3821373791434,13.68429393786937,13.789011136628687,7.375082712620497
1764848230.1480703,1586.2018982567824,10.535298175178468,13.616975738666952,12.08361675683409
1764848230.1530704,1747.2625597985461,11.67970756161958,15.479445916600525,11.339376665651798
1764848230.1580703,1360.0968966856599,9.454467087984085,18.14973448496312,18.396567882038653
1764848230.1630704,1224.908863037359,14.290157730691135,15.625302014872432,13.093389744870365
1764848230.1680703,1580.236757827457,7.767772207967937,10.684894173406065,8.953320493921638
1764848230.1730704,1742.5315863545984,11.937760658562183,17.095082697458565,15.980592510662973
1764848230.1780703,1358.3877624059096,14.398614829406142,18.643401279114187,19.986025363206863
1764848230.1830704,1221.602791476529,13.66185453813523,12.379068853333592,11.017745269462466
1764848230.1880703,1578.2620906508528,3.9156752536073327,8.979499793611467,4.633736045099795
1764848230.1930704,1748.4368883846328,17.192320096306503,16.47799920476973,14.267718330956995
1764848230.1980705,1352.2281471788883,12.521185051649809,13.635675238445401,15.883355111815035
1764848230.2030704,1227.5193132064305,7.64061560947448,12.723139649257064,12.356629453599453
1764848230.2080705,1585.326761667151,6.3391304248943925,12.304270854219794,6.211973826400936
1764848230.2130704,1733.3164728637785,9.446987288072705,15.513105016201735,13.340223141945899
1764848230.2180705,1350.6237300978974,7.341423613019288,11.593689862638712,14.06950363330543
1764848230.2230704,1236.1285629044287,10.583916874602437,16.84450940042734,15.243832219392061
1764848230.2280705,1583.5503091881983,6.215713726356626,14.86984222382307,9.2637321902439
1764848230.2330704,1733.9298164565116,18.1572142848745,15.928233911283314,15.67018081434071
1764848230.2380705,1356.1176431328058,14.978299322538078,15.000738722272217,15.71879951376468
1764848230.2430704,1229.3182050851174,14.133081932552159,12.195813755504787,12.330450153909624
1764848230.2480705,1581.1679929164238,7.674274709075689,8.515752199105918,8.646648697555065
1764848230.2530704,1743.017773348838,16.814590200781822,19.047310474328697,15.857175812125206
1764848230.2580705,1364.8877085288987,10.684894173406065,12.47256635222584,12.85029624775052
1764848230.2630703,1229.950248177629,9.989272781647742,13.27664484269917,12.566063851118088
1764848230.2680705,1581.624260711018,7.595736810006201,9.585363586433232,12.420207752846181
1764848230.2730703,1737.2919865166768,17.214759496040642,18.47136588115245,12.984932646155357
1764848230.2780704,1367.5168581977487,10.505378975532949,15.023178122006357,14.563170427456498
1764848230.2830703,1245.7064466909505,13.620715638622642,17.424193893559277,15.69636011403054
1764848230.2880704,1580.453672024887,9.779838384129107,11.002785669639707,8.280138501897454
1764848230.2930703,1742.1912554586306,16.010511710308492,14.237799131311476,13.519738339819014
1764848230.2980704,1380.875780839473,15.408387817442417,16.335883006453514,15.771158113144338
1764848230.3030703,1243.855196212884,12.513705251738429,10.400661776773632,12.162154655903578
1764848230.3080704,1568.9273003614508,6.522385522723198,10.991565969772637,7.995906105265021
1764848230.3130703,1740.0669922837988,12.704440149478614,18.620961879380047,16.822070000693202
1764848230.3180704,1388.3630605507642,10.501639075577259,17.854282388463616,11.836783359758556
1764848230.3230705,1247.0490707750432,13.385101941414177,11.952720258384943,12.592243150807917
1764848230.3280704,1556.1106632133015,9.540484786964953,5.722046932205558,8.799984595738351
1764848230.3330705,1735.1864228416234,16.377021905966103,18.48632548097521,17.540130792185664
1764848230.3380704,1391.86360690929,10.224886478856206,11.27953826636076,16.261085007339716
1764848230.3430705,1241.0614909459837,14.795044224709272,15.041877621784806,15.060577121563256
1764848230.3480704,1547.9614212098531,5.864163130521774,5.112443239428103,6.152135427109897
1764848230.3530705,1736.8394586220384,13.938607134856284,18.359168882481754,20.13562136143446
1764848230.3580704,1409.3663387019187,15.423347417265177,16.597676003351808,15.367248917929828
1764848230.3630705,1244.7303328025155,8.339976901188493,11.451573664322495,9.884555582888424
1764848230.3680704,1530.0809595216997,8.01834550499916,10.213666778989136,6.159615227021277
1764848230.3730705,1741.331078468822,15.329849918372929,19.937406663782895,23.086402426473796
1764848230.3780704,1423.304945836775,16.06661020964384,15.32237011846155,15.505625216290355
1764848230.3830705,1240.754819149617,10.924247770570219,14.163001132197678,9.054297792725265
1764848230.3880703,1521.9990357174538,7.823870707303286,7.4237014120444655,8.47087339963764
1764848230.3930705,1732.5834524724633,13.803970736451447,17.214759496040642,14.148041532374918
1764848230.3980703,1432.0301324333996,11.006525569595397,14.630488626658916,15.737499013543129
1764848230.4030704,1248.9751192522235,13.239245843142271,16.06661020964384,14.87358212377876
1764848230.4080703,1515.4504708950408,10.015452081337571,5.7744055315852165,5.306918037123978
1764848230.4130704,1732.9088237686083,18.50128508079797,18.830396276898682,13.646894938312471
1764848230.4180703,1444.652294783853,15.617822214961052,17.854282388463616,14.252758731134236
1764848230.4230704,1245.8410830893554,8.968280093744397,11.223439767025411,12.390288553200662
1764848230.4280703,1505.5135567127727,5.392935736104846,7.25166601408273,5.093743739649653
1764848230.4330704,1739.7004820881411,16.717352801933885,21.474505545571446,22.783470530062914
1764848230.4380703,1443.616342496127,8.46339359972626,16.44808000512421,16.16384760849178
1764848230.4430704,1250.572056533303,12.416467852890491,10.939207370392978,12.394028453156352
1764848230.4480705,1505.4163193139248,10.85318967141211,12.255652154795825,6.04367832839489
1764848230.4530704,1729.9430831037462,10.696113873273134,17.71590609010309,16.54157750401646
1764848230.4580705,1446.9598130565137,14.121862232685089,13.052250845357776,16.601415903307498
1764848230.4630704,1248.283237760421,12.188333955593407,16.657514402642846,14.263978431001306
1764848230.4680705,1501.4969041603617,11.477752964012325,13.942347034811974,6.492466323077679
1764848230.4730704,1730.3619518987834,14.993258922360837,17.25215849559754,16.55653710383922
1764848230.4780705,1451.0961424075067,15.243832219392061,14.671627526171505,16.246125407516956
1764848230.4830704,1249.7343189432286,8.508272399194539,13.968526334501803,8.598029998131096
1764848230.4880705,1494.798743339721,9.24503269046545,9.24129279050976,8.43347440008074
1764848230.4930704,1731.9214901803061,17.540130792185664,17.390534793958068,19.559676768258214
1764848230.4980705,1457.15852023568,12.999892245978117,13.209326643496752,17.33069639466703
1764848230.5030704,1251.514511322137,9.188934191130102,11.451573664322495,13.478599440306425
1764848230.5080705,1497.9514790023677,7.64061560947448,10.273505178280175,9.974313181824982
1764848230.5130703,1721.778881500475,12.005078857764602,15.756198513321579,16.186287008225918
1764848230.5180705,1449.3533490281552,12.296791054308414,15.000738722272217,12.46508655231446
1764848230.5230703,1254.6522873849608,10.138868779875338,14.211619831621647,13.897468235343695
1764848230.5280704,1492.5585432662629,12.109796056523919,8.343716801144183,9.349749889224768
1764848230.5330703,1718.6897241370752,13.31404384225607,15.991812210530043,17.491512092761695
1764848230.5380704,1455.0866156602278,14.761385125108063,18.381608282215893,20.91726045217365
1764848230.5430703,1256.929886457976,9.892035382799804,12.158414755947888,13.949826834723353
1764848230.5480704,1491.6347879772075,2.7937052669003606,9.906994982622564,1.6156367808580399
1764848230.5530703,1723.1888237837702,14.207879931665957,19.74667176604271,15.27001151908189
1764848230.5580704,1448.4931720383465,16.593936103396118,18.220792584121227,16.264824907295406
1764848230.5630703,1254.8018833831884,8.912181594409049,10.46050017606467,11.64230856206268
1764848230.5680704,1495.572902630549,10.984086169861257,15.483185816556215,11.380515565164387
1764848230.5730705,1711.6549723204225,9.23007309064269,16.44434010516852,15.759938413277268
1764848230.5780704,1450.7894706111401,11.425394364632666,7.494759511202574,14.540731027722359
1764848230.5830705,1263.7888629767112,12.749318948946893,14.671627526171505,16.91182759962976
1764848230.5880704,1494.7800438399427,4.065271251834929,11.574990362860262,9.155275091528893
1764848230.5930705,1710.4731639344245,12.603462850674987,17.487772192806005,12.214513255283237
1764848230.5980704,1448.1715406421572,17.30077719502151,18.10859558545053,20.651727555319667
1764848230.6030705,1260.3892939169891,13.104609444737434,14.761385125108063,11.006525569595397
1764848230.6080704,1497.3231758098118,7.558337810449302,9.368449389003217,7.66305500920862
1764848230.6130705,1715.6155263734981,17.412974193692207,18.770557877607644,13.336483241990209
1764848230.6180704,1448.9643994327635,15.419607517309487,19.069749874062836,17.27085799537599
1764848230.6230705,1263.0109637859277,10.950427070260048,12.143455156125128,13.789011136628687
1764848230.6280704,1499.671832981985,5.24707963783294,13.534697939641774,8.42225470021367
1764848230.6330705,1708.7004513554275,16.234905707649887,15.161554420366883,13.340223141945899
1764848230.6380703,1441.480859621428,15.860915712080896,16.627595202997327,13.837629836052656
1764848230.6430705,1269.290255811531,14.237799131311476,14.768864925019443,10.733512872830033
1764848230.6480703,1499.5820753830485,6.604663321748376,11.204740267246962,8.657868397422135
1764848230.6530704,1701.1121943453327,14.263978431001306,17.046463998034596,16.87068870011717
1764848230.6580703,1446.7802978586406,14.716506325639784,17.091342797502875,18.93885337561369
1764848230.6630704,1276.4671238265,6.888895718380809,10.778391672298312,11.541331263259053
1764848230.6680703,1497.7644840045832,3.6090034572407603,4.323324348777533,6.698160820640624
1764848230.6730704,1698.4456456769258,17.162400896660984,17.386794894002378,17.70842629019171
1764848230.6780703,1441.394841922447,15.247572119347751,13.456160040572286,14.278938030824065
1764848230.6830704,1273.3368275635876,9.039338192902505,10.426841076463461,11.503932263702154
1764848230.6880703,1501.2126717637293,9.67512118536979,11.64978836197406,13.875028835609555
1764848230.6930704,1694.8628215193748,8.807464395649731,18.677060378715396,15.486925716511905
1764848230.6980705,1436.9668003749102,9.929434382356703,14.0807233331725,12.977452846243978
1764848230.7030704,1271.799728681799,14.645448226481676,13.089649844914675,16.86694880016148
1764848230.7080705,1504.2943493272178,9.319830689579248,8.612989597953856,4.199907650239766
1764848230.7130704,1693.8567884312943,14.49211232829839,14.589349727146327,15.961893010884523
1764848230.7180705,1437.3033913709223,16.324663306586444,17.046463998034596,14.46967292856425
1764848230.7230704,1274.163345453795,14.847402824088931,13.631935338489711,8.953320493921638
1764848230.7280705,1501.6651996583678,8.134282403625548,11.750765660777688,3.025579064153135
1764848230.7330704,1701.205691844225,14.185440531931818,18.994951874949038,15.501885316334665
1764848230.7380705,1435.762552589178,15.210173119790852,18.84535587672144,18.10111578553915
1764848230.7430704,1272.3868929748423,16.642554802820086,13.927387434989214,14.308857230469584
1764848230.7480705,1507.6864385870285,6.03619852848351,5.370496336370707,6.167095026932657
1764848230.7530704,1693.86052833125,16.50791840441525,16.84076950047165,11.081323568709195
1764848230.7580705,1431.9628142341971,13.69551363773644,14.944640222936869,12.969973046332598
1764848230.7630703,1270.6515793954022,13.28412464261055,16.313443606719375,16.238645607605577
1764848230.7680705,1507.2638298920356,9.443247388117015,7.203047314658761,9.27869179006666
1764848230.7730703,1696.5644759992138,11.051404369063675,15.554243915714324,15.255051919259131
1764848230.7780704,1433.8926026113331,19.73171216621995,17.229719095863402,14.723986125551164
1764848230.7830703,1275.995896432083,6.907595218159258,12.371589053422213,12.47256635222584
1764848230.7880704,1505.0572889181785,5.2919584373012185,7.965986905619502,9.925694482401013
1764848230.7930703,1698.8345952723175,15.228872619569302,16.676213902421296,18.796737177297473
1764848230.7980704,-2492.138433973305,15.769288163166493,19.288534021470696,16.773451301269233
1764848230.8030703,-2647.275093985256,12.134105406235904,13.89933818532154,14.293897630646825
1764848230.8080704,-2412.9404425616376,7.0590611663647,7.070280866231769,7.128249315544963
1764848230.8130703,-2232.9708468439057,11.322547115851194,16.199376658070832,13.624455538578331
1764848230.8180704,-2493.080888762139,9.216983440797776,14.052674083504826,13.897468235343695
1764848230.8230705,-2642.181350245606,14.26584838097915,14.639838376548141,11.743285860866308
1764848230.8280704,-2408.9499693089165,5.82489418098703,10.346433227416128,5.460253935307264
1764848230.8330705,-2232.0358718549833,12.867125797551125,22.246794886421412,13.643155038356781
1764848230.8380704,-2485.301896854304,14.29950748058036,17.613058841321617,18.92015387583524
1764848230.8430705,-2650.9102767421864,10.069680630695075,12.500615601893514,12.89143514726311
1764848230.8480704,-2427.7878453857265,7.189957664813846,11.689057311508805,9.192674091085792
1764848230.8530705,-2225.4237287333235,13.016721795778722,18.828526326920837,17.77948438934982
1764848230.8580704,-2459.7733397567645,12.205163505394012,17.03711424814537,13.68055403791368
1764848230.8630705,-2653.20657531498,11.45344361430034,10.828880321700126,12.023778357543051
1764848230.8680704,-2466.8024817234837,10.25293572852388,13.607625988777727,13.572096939198673
1764848230.8730705,-2222.66742246598,13.379492091480643,16.401331255678087,14.712766425684094
1764848230.8780704,-2420.5530089214444,11.760115410666913,18.77242782758549,14.50333202816546
1764848230.8830705,-2660.9893071227707,13.85445938585326,14.67723737610504,12.652081550098956
1764848230.8880703,-2512.122589386534,8.2446094523184,14.25836858106777,9.095436692237854
1764848230.8930705,-2226.983267014846,9.8378068334423,16.412550955545157,15.468226216733456
1764848230.8980703,-2367.008861255832,16.083439759444445,18.865925326477736,17.633628291077912
1764848230.9030704,-2667.3695764471777,9.138445541728288,11.270188516471535,13.037291245535016
1764848230.9080703,-2575.3268986376934,10.27911502821371,10.840100021567196,12.644601750187576
1764848230.9130704,-2208.5006814338267,13.959176584612578,17.635498241055757,8.994459393434227
1764848230.9180703,-2292.0687459437177,16.75288185151294,11.48710271390155,13.25046554300934
1764848230.9230704,-2695.4487453144975,13.90681798523292,13.323393592145294,10.007972281426191
1764848230.9280703,-2685.1266214367934,10.410011526662856,10.941077320370823,13.848849535919726
1764848230.9330704,-3163.5907222679816,12.223863005172461,15.09610617114231,12.625902250409126
1764848230.9380703,-3148.378679198213,14.355605979915708,16.154497858602554,13.504778739996254
1764848230.9430704,-2710.3054978884757,10.974736419972032,13.90307808527723,12.940053846687078
1764848230.9480705,-2788.972423506435,7.616306259762496,10.118299330119044,10.774651772342622
1764848230.9530704,-3145.470906982664,11.935890708584338,12.470696402247995,11.765725260600448
1764848230.9580705,-3064.6236196905375,14.385525179561228,19.88691801438108,18.987472075037658
1764848230.9630704,-2730.153146953322,9.224463240709156,14.841792974155396,12.008818757720292
1764848230.9680705,-2838.3278832216747,6.827187369111925,9.751789134461433,8.164201603271067
1764848230.9730704,-3108.7675288175233,11.04953441908583,13.760961886961013,15.32611001841724
1764848230.9780705,-3021.2258206047118,11.954590208362788,14.082593283150345,17.985178886912763
1764848230.9830704,-2778.502573580481,9.620892636012286,12.055567507166415,12.753058848902583
1764848230.9880705,-2886.1649435549043,13.592666388954967,13.525348189752549,14.664147726260126
1764848230.9930704,-3070.3624961725436,14.007795284036547,17.590619441587478,15.453266616910696
1764848230.9980705,-2973.5794951692224,16.34897265629843,8.947710643988103,13.441200440749526
1764848231.0030704,-2793.4659133031964,15.260661769192666,15.859045762103051,6.369049624539912
1764848231.0080705,-2917.5464440830983,13.682423987891525,9.87894573295489,9.476906487718225
1764848231.0130703,-3069.5696373819374,8.790634845849127,13.226156193297356,13.355182741768658
1764848231.0180705,-2957.4680061601102,12.994282396044582,21.352958797011524,17.095082697458565
1764848231.0230703,-2779.1121772732586,14.149911482352763,10.959776820149273,10.385702176950872
1764848231.0280704,-2919.132161664311,9.519915337208658,13.05038089537993,6.8552366187796
1764848231.0330703,-3088.388813958969,17.56818004185334,19.352112320717424,19.75789146590978
1764848231.0380704,-2960.691799921915,15.223262769635767,15.159684470389038,18.258191583678126
1764848231.0430703,-2767.675563208759,4.198037700261921,9.108526342082769,12.158414755947888
1764848231.0480704,-2915.1716076112352,12.003208907786757,11.834913409780711,9.25251249037683
1764848231.0530703,-3082.6555473268963,13.951696784701198,14.31072718044743,14.308857230469584
1764848231.0580704,-2942.6916614351794,11.10189301846549,13.312173892278224,14.447233528830111
1764848231.0630703,-2789.4941395502537,14.834313174244016,13.977876084391028,14.394874929450452
1764848231.0680704,-2960.5739930733107,11.711496711242944,14.467802978586406,11.402954964898527
1764848231.0730705,-3044.7741006757133,11.980769508052617,17.56818004185334,10.153828379698098
1764848231.0780704,-2891.2493375446647,11.229049616958946,18.192743334453553,12.88769524730742
1764848231.0830705,-2828.026328793727,7.328333963174373,12.904524797108024,15.243832219392061
1764848231.0880704,-3005.894100736361,7.728503258433193,13.809580586384982,13.579576739110053
1764848231.0930705,-3019.1408263794146,10.099599830340594,12.048087707255036,15.860915712080896
1764848231.0980704,-2864.12010326609,13.45055019063875,14.030234683770686,17.525171192362905
1764848231.1030705,-2853.266913594678,6.584093871992081,10.383832226973027,12.88021544739604
1764848231.1080704,-3017.9103992939927,11.816213910002261,14.486502478364855,13.25046554300934
1764848231.1130705,-2996.030114603229,13.588926488999277,14.179830681998283,12.921354346908629
1764848231.1180704,-2840.1155554004945,14.385525179561228,14.69593687588349,13.616975738666952
1764848231.1230705,-2865.8516769455746,14.752035375218838,12.829726797994226,11.889141959138215
1764848231.1280704,-3043.270660893526,8.551281248684973,9.42641783831641,8.594290098175406
1764848231.1330705,-2994.8670057170093,14.161131182219833,15.780507863033563,12.640861850231886
1764848231.1380703,-2824.348137187306,15.657091164495796,17.422323943581432,18.635921479202807
1764848231.1430705,-2870.8930620858446,9.946263932157308,17.97582913702354,9.304871089756489
1764848231.1480703,-3054.015393466223,10.944817220326513,7.687364358920604,11.986379357986152
1764848231.1530704,-2982.787128860131,9.512435537297279,14.415444379206747,11.608649462461472
1764848231.1580703,-2813.4276293166913,11.229049616958946,16.449949955102056,12.715659849345684
1764848231.1630704,-2879.0348242893815,9.8752058329992,12.620292400475591,11.552550963126123
1764848231.1680703,-3061.274539280217,9.093566742260009,9.303001139778644,15.427087317220867
1764848231.1730704,-2969.8508149133995,15.227002669591457,16.74914195155725,9.031858392991126
1764848231.1780703,-2803.5991722331382,11.565640612971038,12.803547498304397,18.84909577667713
1764848231.1830704,-2894.357194407843,11.674097711686045,16.072220059577376,12.771758348681033
1764848231.1880703,-3077.2027731915005,4.22795689990744,11.569380512926728,3.9530742531642318
1764848231.1930704,-2960.3926079254597,11.105632918421179,9.639592135790735,11.369295865297318
1764848231.1980705,-2791.6801110743545,16.32653325656429,17.84867253853008,18.377868382260203
1764848231.2030704,-2899.263943149708,12.882085397373885,16.184417058248073,10.097729880362749
1764848231.2080705,-3088.0148239634,9.321700639557093,14.968949572648853,7.850050006993115
1764848231.2130704,-2960.6357014225796,14.28828778071329,16.195636758115143,12.775498248636723
1764848231.2180705,-2789.6792645980604,12.440777202602476,17.197929946240038,16.664994202554226
1764848231.2230704,-2903.007583005354,12.953143496531993,9.84528663335368,11.589949962683022
1764848231.2280705,-3086.604881680105,12.493135801982135,13.678684087935835,17.30077719502151
1764848231.2330704,-2960.7665979210287,12.223863005172461,17.220369345974177,14.940900322981179
1764848231.2380705,-2782.2742626857944,14.191050381865352,16.65190455270931,12.248172354884446
1764848231.2430704,-2893.7251513153315,10.544647925067693,13.787141186650842,14.327556730248034
1764848231.2480705,-3080.56120335171,9.411458238493651,12.998022296000272,11.500192363746464
1764848231.2530704,-2978.7629965078086,7.45175066171214,11.947110408451408,11.26083876658231
1764848231.2580705,-2797.5928929043002,16.30409385683015,20.29082720959559,18.998691774904728
1764848231.2630703,-2876.6824272172526,13.951696784701198,10.383832226973027,11.560030763037503
1764848231.2680705,-3067.7969248029403,6.961823767516762,11.715236611198634,6.496206223033369
1764848231.2730703,-2991.3776790583506,11.920931108761579,15.133505170699209,15.69262021407485
1764848231.2780704,-2818.0538855618797,16.420030755456537,11.752635610755533,15.008218522183597
1764848231.2830703,-2851.8494915114716,12.149065006058663,7.893058856483549,12.132235456258059
1764848231.2880704,-3038.528467749711,12.193943805526942,17.85615233844146,11.043924569152296
1764848231.2930703,-3012.3772173095495,11.49084261385724,19.18007692275569,13.400061541236937
1764848231.2980704,-2834.4608266674913,14.28828778071329,18.114205435384065,17.173620596528053
1764848231.3030703,-2841.3964711353183,12.444517102558166,13.775921486783773,15.408387817442417
1764848231.3080704,-3032.2529156240635,9.310480939690024,6.22880337620154,6.944994217716157
1764848231.3130703,-3035.080279990565,5.899692180100828,13.671204288024455,14.06950363330543
1764848231.3180704,-2863.626436471939,13.45429009059444,18.390958032105118,16.350842606276274
1764848231.3230705,-2812.9769713720307,10.189357429277152,10.929857620503753,12.382808753289282
1764848231.3280704,-2995.5757167586125,8.528841848950833,10.309034227859229,9.66016158554703
1764848231.3330705,-3056.498687036801,12.979322796221823,19.202516322489828,15.816036912612617
1764848231.3380704,-2898.0073367645964,13.671204288024455,17.788834139239043,15.913274311460555
1764848231.3430705,-2789.082750555128,7.137599065434188,11.928410908672959,10.87188917119056
1764848231.3480704,-2956.3067672238685,14.744555575307459,14.759515175130218,8.42973450012505
1764848231.3530705,-3084.323542707134,14.583739877212793,11.692797211464494,15.415867617353797
1764848231.3580704,-2953.428914207965,14.138691782485694,18.237622133921832,11.578730262815952
1764848231.3630705,-2755.603166151792,14.991388972382993,16.64442475279793,15.29993071872741
1764848231.3680704,-2889.2653206181712,6.445717573631555,12.328580203931779,14.723986125551164
1764848231.3730705,-3120.854885474313,11.195390517357737,14.845532874111086,8.586810298264027
1764848231.3780704,-3001.5950857372954,18.907064225990325,18.35355903254822,17.469072693027556
1764848231.3830705,-2737.1056209709495,10.002362431492656,9.280561740044504,11.515151963569224
1764848231.3880703,-2867.7945549725555,13.47298959037289,9.224463240709156,14.89228162355721
1764848231.3930705,-3129.1462436760776,12.313620604109019,21.10612539993599,13.067210445180535
1764848231.3980703,-3020.7583331102505,12.564193901140243,16.147018058691174,14.701546725817025
1764848231.4030704,-2723.3315694341436,4.097060401458293,10.447410526219755,9.23007309064269
1764848231.4080703,-2835.792231051717,14.67723737610504,13.383231991436332,11.230919566936791
1764848231.4130704,-3138.993400259409,14.30324738053605,16.176937258336693,9.293651389889419
1764848231.4180703,-3056.6501529850066,11.550681013148278,13.121438994538039,14.159261232241988
1764848231.4230704,-2717.8226967994124,11.023355119396001,14.202270081732422,14.589349727146327
1764848231.4280703,-2812.1972022312693,6.864586368668824,8.63729894766584,13.781531336717308
1764848231.4330704,-3150.620749221649,15.298060768749565,16.958576349075884,18.46014618128538
1764848231.4380703,-3081.030560796149,18.817306627053767,9.097306642215699,11.414174664765596
1764848231.4430704,-2702.8630969766527,12.825986898038536,14.045194283593446,11.047664469107985
1764848231.4480705,-2788.407698613126,9.946263932157308,12.788587898481637,7.094590215943754
1764848231.4530704,-3175.1806722306646,11.692797211464494,19.759761415887624,13.908687935210764
1764848231.4580705,-3111.361149436794,13.87315888563171,16.539707554038614,17.626148491166532
1764848231.4630704,-2680.0347476471215,11.636698712129146,11.322547115851194,11.010265469551086
1764848231.4680705,-2745.0884374263696,9.112266242038459,14.082593283150345,12.397768353112042
1764848231.4730704,-3190.6414186474867,12.758668698836118,15.342939568217844,14.10316273290664
1764848231.4780705,-3147.8550932044163,5.159191988874227,15.002608672250062,17.786964189261198
1764848231.4830704,-3632.6265353108756,6.9805232672952116,9.736829534638673,11.29449786618352
1764848231.4880705,-3692.1077741561458,5.151712188962847,11.154251617845148,10.310904177837074
1764848231.4930704,-3218.6383097157814,10.997175819706172,17.777614439371973,12.91013464704156
1764848231.4980705,-3193.7885444602,17.747695239726454,17.579399741720408,17.599969191476703
1764848231.5030704,-3597.2770009296946,7.601346659939736,11.49084261385724,11.937760658562183
1764848231.5080705,-3647.7974394811317,8.936490944121033,14.860492473933846,10.707333573140204
1764848231.5130703,-3259.092807536479,14.6921969759278,18.162824134808034,15.797337412834167
1764848231.5180705,-3230.0431346306577,16.63694495288655,18.626571729313582,16.762231601402164
1764848231.5230703,-3572.4852041234262,9.202023840975016,9.317960739601403,9.020638693124056
1764848231.5280704,-3606.774476867169,12.736229299101979,14.953989972826093,10.636275473982096
1764848231.5330703,-3266.778301945422,13.06534049520269,12.27622160455212,13.29908424243331
1764848231.5380704,-3254.464681341313,12.216383205261081,15.48131586657837,16.86694880016148
1764848231.5430703,-3567.6794326803647,12.949403596576303,15.354159268084913,10.89806847088039
1764848231.5480704,-3577.6817951118574,11.48336281394586,5.4546440853737295,7.726633308455348
1764848231.5530703,-3278.0840195114724,5.118053089361638,14.65853787632659,12.569803751073778
1764848231.5580704,-3298.107443874236,14.479022678453475,19.748541716020554,17.68598689045757
1764848231.5630703,-3567.9617951270193,9.310480939690024,14.004055384080857,9.473166587762535
1764848231.5680704,-3533.494877135381,12.28744130441919,13.947956884745508,9.944393982179463
1764848231.5730705,-3278.9853354007937,14.142431682441384,20.25342821003869,16.650034602731466
1764848231.5780704,-3346.3484134026803,17.014674848411232,14.479022678453475,15.68888031411916
1764848231.5830705,-3563.8217258760706,11.06823391886428,5.230250088032335,11.769465160556138
1764848231.5880704,-3508.7928379280493,13.297214292455465,13.09151979489252,13.441200440749526
1764848231.5930705,-3283.2712607500143,12.624032300431281,10.914898020680994,17.68598689045757
1764848231.5980704,-3358.727482256014,15.541154265869409,16.188156958203763,18.755598277784884
1764848231.6030705,-3560.8559852112085,9.688210835214704,10.095859930384904,11.122462468221784
1764848231.6080704,-3494.356824099086,8.891612144652754,13.90307808527723,10.295944578014314
1764848231.6130705,-3279.0825727996416,11.176691017579287,12.048087707255036,13.201846843585372
1764848231.6180704,-3364.3148927898146,14.393004979472607,19.195036522578448,20.296437059529126
1764848231.6230705,-3560.83728571143,12.328580203931779,12.6913504996337,8.590550198219717
1764848231.6280704,-3493.3657506108284,8.195990752894431,13.244855693075806,8.86730279494077
1764848231.6330705,-3278.9292369014584,12.526794901583344,14.523901477921754,18.284370883367956
1764848231.6380703,-3368.473661540542,16.25173525745049,14.965209672693163,13.863809135742486
1764848231.6430705,-3543.73472321406,8.199730652850121,9.276821840088814,10.49789917562157
1764848231.6480703,-3497.2253273651004,11.973289708141237,14.467802978586406,10.49415927566588
1764848231.6530704,-3297.385643182788,10.858799521345645,19.610165417660028,14.49959212820977
1764848231.6580703,-3381.133222890552,15.92262406134978,20.088872611988336,13.381362041458488
1764848231.6630704,-3542.02558893431,8.001515955198556,14.426664079073817,12.47256635222584
1764848231.6680703,-3467.0592943225056,8.2820084518753,11.756375510711223,14.806263924576342
1764848231.6730704,-3292.6658894387074,13.936737184878439,10.368872627150267,14.90350132342428
1764848231.6780703,-3402.8283825335093,18.536814130377024,17.811273538973182,19.391381270252168
1764848231.6830704,-3545.06238769833,10.772781822364777,12.986802596133202,8.747625996358693
1764848231.6880703,-3463.28947516717,9.549834536854178,10.918637920636684,5.909041929990053
1764848231.6930704,-3291.8094523488544,16.588326253462583,19.752281615976244,16.50043860450387
1764848231.6980705,-3424.8713528723456,14.370565579738468,16.558407053817064,14.286417830735445
1764848231.7030704,-3545.6570317912847,5.637899183202535,13.88811848545447,13.553397439420223
1764848231.7080705,-3426.675854600966,16.562146953772753,10.484809525776654,8.45965369977057
1764848231.7130704,-3290.2162549677305,11.225309717003256,13.790881086606532,12.794197748415172
1764848231.7180705,-3445.186489431653,14.927810673136264,12.149065006058663,16.96418619900942
1764848231.7230704,-3540.963457346894,12.29492110433057,11.733936110977083,13.542177739553154
1764848231.7280705,-3399.8495522188023,9.549834536854178,7.085240466054529,9.850896483287215
1764848231.7330704,-3300.085850950796,10.009842231404036,18.794867227319628,14.320076930336654
1764848231.7380705,-3474.002418590244,15.608472465071827,17.48590224282816,19.066009974107146
1764848231.7430704,-3542.1490056328475,11.647918411996216,18.035667536314577,9.461946887895465
1764848231.7480705,-3389.7069435389712,6.935644467826933,8.809334345627576,7.569557510316372
1764848231.7530704,-3298.8853430650197,12.743709099013358,16.962316249031574,20.647987655363977
1764848231.7580705,-3479.791783721652,11.704016911331564,18.428357031662017,6.0960369277745485
1764848231.7630703,-3537.7733226846904,8.887872244697064,11.89101190911606,8.687787597067654
1764848231.7680705,-3383.7792021092027,13.525348189752549,11.43474411452189,11.874182359315455
1764848231.7730703,-3305.2207335899584,10.948557120282203,17.86363213835284,21.104255449958146
1764848231.7780704,-3470.7636652286164,11.827433609869331,14.561300477478653,17.158660996705294
1764848231.7830703,-3530.024249976501,14.778214674908668,12.044347807299346,10.266025378368795
1764848231.7880704,-3401.9513759939,9.751789134461433,8.528841848950833,8.310057701542974
1764848231.7930703,-3311.9862126098014,10.133258929941803,13.192497093696147,13.392581741325557
1764848231.7980704,-3459.0390788675286,15.271881469059736,17.699076540302485,18.377868382260203
1764848231.8030703,1383.3628143100068,7.001092717051506,14.376175429672003,10.166918029543012
1764848231.8080704,1513.9937798622996,9.607802986167371,12.723139649257064,8.66347824735567
1764848231.8130703,1586.2280775564723,15.31115041859448,15.026918021962047,20.66855710512027
1764848231.8180704,1411.2531182295643,7.66305500920862,12.689480549655855,14.475282778497785
1764848231.8230705,1374.3234761171043,9.719999984838068,12.749318948946893,7.638745659496635
1764848231.8280704,1541.268870239146,11.578730262815952,12.566063851118088,10.492289325688034
1764848231.8330705,1591.2545030969195,16.44060020521283,11.892881859093904,15.713189663831145
1764848231.8380704,1398.0811905856244,12.128495556302369,13.358922641724348,15.657091164495796
1764848231.8430705,1374.929339909926,14.125602132640779,15.139115020632744,11.965809908229858
1764848231.8480704,1554.6651918804273,9.207633690908551,6.320430925115943,13.357052691746503
1764848231.8530705,1594.541875157971,12.322970353998244,16.291004206985235,19.737322016153485
1764848231.8580704,1377.799713125918,8.960800293833017,19.439999969676137,15.89644476165995
1764848231.8630705,1372.78263733536,8.220300102606416,10.924247770570219,11.255228916648775
1764848231.8680704,1560.8098475076258,6.372789524495602,3.8782762540504336,6.5803539720363915
1764848231.8730705,1597.556234522257,17.614928791299462,17.536390892229974,16.449949955102056
1764848231.8780704,1382.3736107717268,10.920507870614529,14.0807233331725,15.51497496617958
1764848231.8830705,1381.7060386296362,13.209326643496752,14.806263924576342,11.550681013148278
1764848231.8880703,1565.7614750489593,9.6713812854141,10.909288170747459,9.819107333663851
1764848231.8930705,1593.442344570998,12.49500575195998,19.806510165333748,14.867972273845226
1764848231.8980703,1384.348277948331,12.337929953821003,14.226579431444407,14.441623678896576
1764848231.9030704,1382.0800286252052,11.107502868399024,17.65606769081205,13.304694092366844
1764848231.9080703,1554.4108786834404,8.631689097732306,4.873089642263949,7.679884559009224
1764848231.9130704,1592.5111094820313,17.405494393780828,16.1189688090235,13.985355884302408
1764848231.9180703,1402.464353333693,16.03295111004263,21.829796041361988,11.374905715230852
1764848231.9230704,1384.5147034963593,9.600323186255991,14.88854172360152,8.338106951210648
1764848231.9280703,1536.7622907925397,6.694420920684934,5.819284331053495,7.492889561224729
1764848231.9330704,1596.9915096289478,15.976852610707283,20.90230085235089,14.497722178231925
1764848231.9380703,1409.398127851542,10.05285108089447,18.07119658589363,16.521008054260164
1764848231.9430704,1374.7423449121416,12.771758348681033,15.041877621784806,8.465263549704105
1764848231.9480705,1530.1651072707027,12.173374355770648,8.519492099061608,7.5452481606043875
1764848231.9530704,1595.5479082460515,13.433720640838146,13.837629836052656,13.536567889619619
1764848231.9580705,1420.217658423353,15.034397821873426,11.937760658562183,9.243162740487605
1764848231.9630704,1372.0533568440005,12.543624451383948,15.625302014872432,13.125178894493729
1764848231.9680705,1518.3993820101023,4.484140046872199,11.447833764366806,11.932150808628649
1764848231.9730704,1602.36948576523,10.019191981293261,15.797337412834167,17.702816440258175
1764848231.9780705,1429.5935876122676,14.686587125994265,19.484878769144416,15.327979968395084
1764848231.9830704,1370.1647073663771,12.89143514726311,13.171927643939853,11.47214311407879
1764848231.9880705,1514.13215616066,5.336837236769497,6.746779520064592,7.156298565212637
1764848231.9930704,1605.069693533238,13.493559040129185,19.088449373841286,14.995128872338682
1764848231.9980705,1439.3173274970613,14.46593302860856,13.942347034811974,17.714036140125245
1764848232.0030704,1373.8896477222443,9.488126187585294,17.121261997148395,14.636098476592451
1764848232.0080705,1503.7913327831775,12.622162350453436,10.568957274779677,8.147372053470463
1764848232.0130703,1607.0630602096207,17.611188891343772,13.841369736008346,14.27706808084622
1764848232.0180705,1447.4815291003324,9.892035382799804,15.26253171917051,12.066787207033485
1764848232.0230703,1371.0809828555211,15.599122715182602,16.807110400870442,16.468649454880506
1764848232.0280704,1495.440136182122,10.213666778989136,11.922801058739424,4.467310497071594
1764848232.0330703,1607.2911941069178,14.944640222936869,15.430827217176557,16.210596357937902
1764848232.0380704,1456.1244378979318,16.51913810428232,14.09194303303957,15.761808363255113
1764848232.0430703,1366.0021987156942,9.746179284527898,13.067210445180535,11.87231240933761
1764848232.0480704,1487.504068476148,3.335990760475397,10.613836074247956,8.738276246469468
1764848232.0530703,1610.6608439669944,15.853435912169516,15.72627931367606,19.0641400241293
1764848232.0580704,1467.1908018668182,10.374482477083802,17.491512092761695,17.57565984176472
1764848232.0630703,1369.4803056744859,10.355782977305353,12.528664851561189,15.298060768749565
1764848232.0680704,1478.711563680321,11.152381667867303,8.231519802473485,8.323147351387888
1764848232.0730705,1606.5581737156026,11.848003059625626,15.27749131899327,15.10358597105369
1764848232.0780704,1473.0213058977388,7.577037310227752,18.366648682393134,15.09236627118662
1764848232.0830705,1360.927154475823,12.311750654131174,16.305963806807995,11.950850308407098
1764848232.0880704,1465.1581662409008,9.884555582888424,10.097729880362749,10.107079630251974
1764848232.0930705,1610.01384127466,15.105455921031535,18.220792584121227,13.274774892721325
1764848232.0980704,1491.8554420745932,17.536390892229974,16.1189688090235,17.010934948455542
1764848232.1030705,1355.92316833511,12.689480549655855,16.586456303484738,13.222416293341666
1764848232.1080704,1447.210386353545,4.951627541333437,9.525525187142193,9.42267793836072
1764848232.1130705,1660.0237834821455,14.836183124221861,20.5657098563388,16.218076157849282
1764848232.1180704,1628.4814672558568,12.390288553200662,15.348549418151379,12.122885706368834
1764848232.1230705,1362.0229451628402,9.806017683818936,9.993012681603432,10.570827224757522
1764848232.1280704,1438.092510261573,11.025225069373846,13.860069235786796,9.508695637341589
1764848232.1330705,1635.6059766714461,11.518891863524914,16.294744106940925,16.154497858602554
1764848232.1380703,1514.8371273023076,13.209326643496752,7.550858010537922,10.989696019794792
1764848232.1430705,1338.8991437368095,9.933174282312393,17.502731792628765,11.322547115851194
1764848232.1480703,1420.6496168682352,6.387749124318361,9.65642168559134,9.938784132245928
1764848232.1530704,1624.7453072001226,13.575836839154363,17.506471692584455,16.629465152975172
1764848232.1580703,1500.8237221683376,9.461946887895465,16.54531740397215,14.939030373003334
1764848232.1630704,1318.2137570818886,12.50622545182705,9.895775282755494,12.751188898924738
1764848232.1680703,1383.8639609040692,5.587410533800721,11.129942268133163,4.7702423934824765
1764848232.1730704,1606.7189894136973,20.438553257845342,21.134174649603665,20.900430902373046
1764848232.1780703,1501.0929949651472,16.762231601402164,13.736652537249029,15.395298167597502
1764848232.1830704,1345.4477085592225,12.655821450054646,12.603462850674987,8.62607924779877
1764848232.1880703,1432.9725872222334,8.224040002562106,11.092543268576264,6.393358974251896
1764848232.1930704,1613.0095011391677,10.363262777216733,11.829303559847176,13.536567889619619
1764848232.1980705,1494.5444301427342,9.510565587319434,15.879615211859345,11.528241613414139
1764848232.2030704,1350.2273007025942,15.838476312346756,16.406941105611622,15.182123870123178
1764848232.2080705,1433.821544512175,8.695267396979034,9.843416683375835,6.950604067649692
1764848232.2130704,1610.4289701697417,11.526371663436294,17.824363188818097,17.291427445132285
1764848232.2180705,1504.6496398230083,12.614682550542057,15.471966116689146,14.056413983460516
1764848232.2230704,1344.6660694684833,11.70214696135372,9.450727188028395,16.75662175146863
1764848232.2280705,1416.8872775128111,7.734113108366728,8.785024995915592,7.014182366896421
1764848232.2330704,1666.7182044028305,15.875875311903656,16.418160805478692,17.272727945353836
1764848232.2380705,1567.8539490741678,12.782978048548102,15.041877621784806,16.057260459754616
1764848232.2430704,1341.44975550659,10.273505178280175,11.68718736153096,11.412304714787751
1764848232.2480705,1412.1263848692179,10.000492481514812,14.017145033925772,10.559607524890453
1764848232.2530704,1643.8262767740525,13.437460540793836,17.495251992717385,17.635498241055757
1764848232.2580705,1545.7474004360847,13.882508635520935,14.133081932552159,13.47298959037289
1764848232.2630703,1323.9956424133852,13.336483241990209,14.267718330956995,16.63694495288655
1764848232.2680705,1395.2220370694995,8.298838001675904,8.975759893655777,4.351373598445207
1764848232.2730703,1634.5775041836314,13.635675238445401,19.73919196613133,15.612212365027517
1764848232.2780704,1539.1053381147794,11.810604060068727,16.399461305700243,15.49253556644544
1764848232.2830703,1326.9688628781587,11.014005369506776,11.6722277617082,12.956883396487683
1764848232.2880704,1402.9524102779105,7.734113108366728,8.205340502783656,9.695690635126084
1764848232.2930703,1624.2740798057057,15.524324716068804,18.217052684165537,17.579399741720408
1764848232.2980704,1508.4718175777234,13.063470545224845,15.786117712967098,16.72296265186742
1764848232.3030703,1315.3564735157415,12.0424778573215,13.078430145047605,11.255228916648775
1764848232.3080704,1409.4635761007667,9.783578284084797,14.750165425240993,9.321700639557093
1764848232.3130703,1607.0294011100195,13.164447844028473,14.843662924133241,10.985956119839102
1764848232.3180704,1480.0485779144801,13.67681413795799,13.785271236672997,11.741415910888463
1764848232.3230705,1359.3414368946105,16.406941105611622,14.51455172803253,13.529088089708239
1764848232.3280704,1474.8482470260933,7.921108106151223,10.09025008045137,9.381539038848132
1764848232.3330705,1605.6942568258382,14.047064233571291,16.09652940928936,18.634051529224962
1764848232.3380704,1453.5588665283285,13.792751036584377,17.71590609010309,18.439576731529087
1764848232.3430705,1372.5021448386833,13.643155038356781,14.129342032596469,8.525101948995143
1764848232.3480704,1503.8923100819811,4.3682031482458115,5.1722816387191415,8.562500948552042
1764848232.3530705,1595.8059613429941,19.017391274683177,15.528064616024494,17.403624443802983
1764848232.3580704,1420.7038454175927,10.819530571810901,14.331296630203724,16.528487854171544
1764848232.3630705,1385.1841455884278,9.802277783863246,12.315490554086864,9.553574436809868
1764848232.3680704,1530.3595820683986,7.670534809119999,9.506825687363744,5.708957282360643
1764848232.3730705,1580.1843992280774,12.738099249079823,13.916167735122144,15.47383606666699
1764848232.3780704,1405.56473039696,13.474859540350735,14.46967292856425,14.239669081289321
1764848232.3830705,1393.4568042904139,11.391735265031457,15.31863021850586,11.49832241376862
1764848232.3880703,1546.6094473758712,10.49041937571019,14.637968426570296,9.05616774270311
1764848232.3930705,1571.2086393344216,12.236952655017376,16.324663306586444,17.332566344644874
1764848232.3980703,1389.8908096826635,16.661254302598536,20.756444754078984,16.868818750139326
1764848232.4030704,1398.7356730778702,8.339976901188493,12.012558657675982,10.189357429277152
1764848232.4080703,1557.9207747918554,8.287618301808834,13.194367043673992,5.922131579834968
1764848232.4130704,1563.8242068719119,19.223085772246122,17.940300087444484,16.412550955545157
1764848232.4180703,1373.9981048209593,10.112689480185509,18.366648682393134,19.258614821825176
1764848232.4230704,1400.846846602857,12.233212755061686,9.458206987939775,12.870865697506815
1764848232.4280703,1572.2988201715052,8.45591379981488,14.589349727146327,8.394205450545996
1764848232.4330704,1549.399412742816,18.13851478509605,14.611789126880467,14.737075775396079
1764848232.4380703,1351.1435761917382,11.795644460245967,14.402354729361832,12.564193901140243
1764848232.4430704,1409.5944725992158,11.922801058739424,15.741238913498819,15.47757596662268
1764848232.4480705,1580.937989069149,1.6044170809909701,8.212820302695036,9.104786442127079
1764848232.4530704,1543.1911788163707,14.978299322538078,17.061423597857356,19.88691801438108
1764848232.4580705,1347.0558655401692,15.647741414606571,18.015098086558282,16.33775295643136
1764848232.4630704,1413.1548573570326,7.203047314658761,10.49041937571019,6.1390457772649825
1764848232.4680705,1581.334418464452,3.3659099601209164,5.381716036237776,3.465017308946699
1764848232.4730704,1543.3183354148641,16.676213902421296,15.475706016644835,19.1763370228
1764848232.4780705,1347.8337647309527,15.404647917486727,19.574636368080974,16.954836449120194
1764848232.4830704,1420.339205171913,10.733512872830033,14.159261232241988,12.29492110433057
1764848232.4880705,1582.8228986468166,7.689234308898449,10.120169280096889,11.386125415097922
1764848232.4930704,1540.6817059461027,11.814343960024416,19.641954567283392,11.718976511154324
1764848232.4980705,1349.6214369097725,12.371589053422213,13.69177373778075,14.26210848102346
1764848232.5030704,1427.8788434825838,11.25335896667093,14.761385125108063,15.709449763875455
1764848232.5080705,1582.3928101519123,12.229472855105996,10.505378975532949,5.488303184974939
1764848232.5130703,1536.0816290006042,14.623008826747537,16.48547900468111,18.181523634586483
1764848232.5180705,1343.233687785454,14.671627526171505,18.639661379158497,17.358745644334704
1764848232.5230703,1427.478674187325,6.888895718380809,12.88769524730742,14.075113483238965
1764848232.5280704,1596.8849224802107,7.367602912709117,12.704440149478614,2.051335125695914
1764848232.5330703,1538.7930564684793,17.880461688153446,16.979145798832178,17.358745644334704
1764848232.5380704,1337.193749357015,16.736052301712334,12.551104251295328,17.325086544733495
1764848232.5430703,1431.3793898411095,12.48378605209291,10.576437074691057,13.031681395601481
1764848232.5480704,1604.503098689951,4.241046549752355,6.4999461229890585,7.496629461180419
1764848232.5530703,1533.1121484357864,13.179407443851233,22.12898803781718,12.351019603665918
1764848232.5580704,1326.602352682501,15.109195820987225,12.958753346465528,10.077160430606455
1764848232.5630703,1431.132556444034,13.878768735565245,16.249865307472646,15.859045762103051
1764848232.5680704,1609.9857920249924,7.176868014968932,12.917614446952939,10.477329725865275
1764848232.5730705,1528.9533796850592,13.24672564305365,21.414667146280408,17.261508245486766
1764848232.5780704,1325.3794053969905,16.302223906852305,18.781777577474713,14.033974583726376
1764848232.5830705,1429.3748034648597,9.64520198572427,12.49874565191567,14.6921969759278
1764848232.5880704,1606.9115942614153,8.362416300922632,6.118476327508688,4.673004994634539
1764848232.5930705,1531.728385452181,15.894574811682105,17.910380887798965,17.699076540302485
1764848232.5980704,1320.151025258936,12.8577760476619,9.121615991927683,20.462862607557327
1764848232.6030705,1428.5856845742092,10.987826069816947,8.953320493921638,13.315913792233914
1764848232.6080704,1618.5464230235666,5.710827232338488,14.215359731577337,4.796421693172306
1764848232.6130705,1532.3305093450472,17.24093879573047,18.617221979424357,17.654197740834206
1764848232.6180704,1316.8748728977516,10.84570987150073,19.017391274683177,14.400484779383987
1764848232.6230705,1428.0471389805898,17.588749491609633,14.540731027722359,16.090919559355825
1764848232.6280704,1604.1141490945593,4.899268941953778,10.613836074247956,5.342447086703032
1764848232.6330705,1531.9565193494782,11.732066160999238,13.792751036584377,16.457429755013436
1764848232.6380703,1340.6344573162496,10.632535574026406,9.761138884350657,17.605579041410238
1764848232.6430705,1423.9968273285776,10.146348579786718,9.020638693124056,9.467556737829
1764848232.6480703,1583.1370502430946,5.176021538674831,8.85234319511801,8.697137346956879
1764848232.6530704,1554.306161484681,16.50791840441525,18.770557877607644,18.043147336225957
1764848232.6580703,1379.1554268598557,12.86899574752897,18.650881079025567,17.16427084663883
1764848232.6630704,1412.89680426009,12.521185051649809,15.954413210973144,8.599899948108941
1764848232.6680703,1565.0808132570237,9.28617158997804,7.730373208411038,9.44885723805055
1764848232.6730704,1568.1269617709331,13.774051536805928,14.379915329627693,15.451396666932851
1764848232.6780703,1374.44876276562,12.184594055637717,14.86610232386738,16.31157365674153
1764848232.6830704,1402.4381740340032,14.136821832507849,13.628195438534021,16.36767215607688
1764848232.6880703,1559.1960806767456,9.065517492592335,11.503932263702154,13.731042687315494
1764848232.6930704,1564.7853611605242,15.991812210530043,16.56027700379491,13.768441686872393
1764848232.6980705,1377.016204085201,13.239245843142271,13.426240840926766,17.231589045841247
1764848232.7030704,1408.1246919166297,11.230919566936791,11.833043459802866,15.290580968838185
1764848232.7080705,1572.6167116677389,3.706240856088698,11.23839936684817,9.310480939690024
1764848232.7130704,1550.7532565267757,14.219099631533027,20.371235058642924,19.591465917881578
1764848232.7180705,1332.657250710763,13.29160444252193,18.276891083456576,13.846979585941881
1764848232.7230704,1410.2003363920376,11.926540958695114,12.371589053422213,13.622585588600487
1764848232.7280705,1603.429747402668,8.388595600612462,14.376175429672003,10.159438229631633
1764848232.7330704,1556.0265154642984,12.397768353112042,16.769711401313543,15.87400536192581
1764848232.7380705,1343.21124838572,12.47630625218153,12.708180049434304,14.045194283593446
1764848232.7430704,1433.9561809105799,15.786117712967098,9.316090789623559,13.155098094139248
1764848232.7480705,1612.6486007934436,10.247325878590345,13.31404384225607,6.707510570529848
1764848232.7530704,1535.636580905877,16.399461305700243,23.112581726163626,13.753482087049633
1764848232.7580705,1322.5557809304446,19.477398969233036,20.18424006085843,16.786540951114148
1764848232.7630703,1434.618143202737,10.576437074691057,11.612389362417161,8.076313954312354
1764848232.7680705,1618.1013749288395,12.84655634779483,11.64230856206268,9.534874937031418
1764848232.7730703,1526.675780612044,13.123308944515884,16.55279720388353,14.093812983017415
1764848232.7780704,1315.4873700141907,17.970219287090003,15.531804515980184,17.54948054207489
1764848232.7830703,1438.7956114532426,7.543378210626543,7.502239311113954,10.417491326574236
1764848232.7880704,1631.845507266,8.601769898086786,10.415621376596391,9.273081940133125
1764848232.7930703,1519.6672080950812,10.980346269905567,15.823516712523997,14.759515175130218
1764848232.7980704,1302.0087705738842,8.84860329516232,13.833889936096966,11.696537111420184
1764848232.8030703,1439.091063549742,14.645448226481676,16.53783760406077,11.202870317269117
1764848232.8080704,2610.70635221852,6.331650624983013,9.585363586433232,10.46797997597605
1764848232.8130703,2507.7843054379337,16.08904960937798,19.507318168878555,16.1189688090235
1764848232.8180704,2280.5629437300377,9.772358584217727,14.278938030824065,15.778637913055718
1764848232.8230705,2414.0063140490092,10.419361276552081,11.526371663436294,12.91387454699725
1764848232.8280704,2601.199526531156,4.723493644036353,8.138022303581238,9.035598292946815
1764848232.8330705,2504.979380471166,16.43686030525714,17.498991892673075,18.396567882038653
1764848232.8380704,2285.6978263692,14.795044224709272,18.55738358013332,16.04791070986539
1764848232.8430705,2398.3697923342697,10.393181976862252,8.04826470464468,8.347456701099873
1764848232.8480704,2617.8271217341535,13.646894938312471,12.618422450497746,15.393428217619658
1764848232.8530705,2533.058549338486,14.293897630646825,17.121261997148395,15.071796821430326
1764848232.8580704,2309.57708758628,11.126202368177474,19.76163136586547,15.32611001841724
1764848232.8630705,2387.415625364054,9.903255082666874,12.524924951605499,8.530711798928678
1764848232.8680704,2580.480480776634,6.238153126090765,11.343116565607488,5.875382830388844
1764848232.8730705,2520.118495491799,7.573297410272062,11.522631763480604,13.407541341148317
1764848232.8780704,2308.855286894832,15.767418213188648,24.6048018084839,17.551350492052734
1764848232.8830705,2380.010623451788,14.028364733792841,11.769465160556138,9.981792981736362
1764848232.8880703,2583.461181041319,8.508272399194539,10.505378975532949,10.07155058067292
1764848232.8930705,2529.1840129843913,16.04791070986539,14.8960215235129,17.30077719502151
1764848232.8980703,2302.1047674748115,13.927387434989214,16.803370500914752,13.736652537249029
1764848232.9030704,2384.52094279835,8.257699102163315,12.726879549212754,9.708780284970999
1764848232.9080703,2592.2349863373674,8.792504795826972,13.628195438534021,11.66848786175251
1764848232.9130704,2491.848591726739,15.640261614695191,17.973959187045693,16.384501705877483
1764848232.9180703,2260.6180572663434,12.420207752846181,20.57318965625018,11.410434764809906
1764848232.9230704,2402.610838884022,12.360369353555143,11.64604846201837,6.971173517405987
1764848232.9280703,2613.7655903822742,7.678014609031379,9.23755289055407,11.182300867512822
1764848232.9330704,2507.4252750421874,9.719999984838068,14.87732202373445,14.86984222382307
1764848232.9380703,2278.2105466579087,15.509365116246045,16.94922659918666,16.48173910472542
1764848232.9430704,2423.1316699408926,9.293651389889419,8.160461703315377,12.588503250852227
1764848232.9480705,2641.399711154867,7.3040246134623885,11.387995365075767,6.271812225691974
1764848232.9530704,2508.371469730977,15.232612519524992,17.379315094090998,17.398014593869448
1764848232.9580705,2269.24600646412,9.25625239033252,17.457852993160486,15.70383991394192
1764848232.9630704,2430.8283840497024,7.577037310227752,11.081323568709195,8.807464395649731
1764848232.9680705,2643.9391032247804,11.754505560733378,10.318383977748454,12.996152346022427
1764848232.9730704,2493.389430508483,16.788410901091993,13.512258539907634,13.594536338932812
1764848232.9780705,2262.00930004986,15.767418213188648,18.220792584121227,15.853435912169516
1764848232.9830704,2445.331716077868,12.371589053422213,11.264578666538,13.138268544338644
1764848232.9880705,2653.4047900126316,9.24503269046545,3.8371373545378447,12.633382050320506
1764848232.9930704,2492.596571717877,11.264578666538,13.448680240660906,15.400908017531037
1764848232.9980705,2257.8206120994873,16.261085007339716,16.227425907738507,18.392827982082963
1764848233.0030704,2440.926113930065,9.405848388560116,9.364709489047527,6.170834926888347
1764848233.0080705,2655.570192086976,5.841723730787635,8.399815300479531,8.612989597953856
1764848233.0130703,2484.0995190185495,18.026317786425352,20.10944206174463,14.86236242391169
1764848233.0180705,2249.839665594045,14.308857230469584,16.377021905966103,13.990965734235942
1764848233.0230703,2446.8949942593463,9.600323186255991,11.328156965784729,10.187487479299307
1764848233.0280704,2664.7179873785935,12.655821450054646,16.212466307915747,13.175667543895543
1764848233.0330703,2482.281927640084,14.746425525285304,17.64110809098929,14.536991127766669
1764848233.0380704,2240.8975647999905,12.47630625218153,17.487772192806005,17.970219287090003
1764848233.0430703,2452.022397098597,11.264578666538,14.11064253281802,15.842216212302446
1764848233.0480704,2660.768653025385,8.313797601498663,9.413328188471496,5.041385140269995
1764848233.0530703,2470.994909573812,9.779838384129107,17.29329739511013,11.743285860866308
1764848233.0580704,2243.2873608716764,20.47969215735793,19.518537868745625,15.849696012213826
1764848233.0630703,2459.644313208293,11.055144269019365,8.45591379981488,16.07409000955522
1764848233.0680704,2667.365836547222,6.5410850225016475,15.67018081434071,9.25625239033252
1764848233.0730705,2474.3907387335785,12.423947652801871,17.528911092318594,16.13766830880195
1764848233.0780704,2242.9245905759744,14.90724122337997,14.596829527057707,15.976852610707283
1764848233.0830705,2459.1469065141864,5.931481329724193,8.403555200435221,11.881662159226835
1764848233.0880704,2671.838756894227,8.915921494364738,10.097729880362749,8.238999602384865
1764848233.0930705,2469.3156944937073,16.49669870454818,13.882508635520935,16.421900705434382
1764848233.0980704,2236.667737950105,10.4866794757545,13.807710636407137,18.05623698607087
1764848233.1030705,2461.865813781973,11.64978836197406,16.283524407073855,10.07529048062861
1764848233.1080704,2671.7265598955564,7.3451635129749775,9.65268178563565,10.516598675400019
1764848233.1130705,2465.9984032330103,12.341669853776693,15.614082315005362,10.699853773228824
1764848233.1180704,2236.4246444529854,16.362062306143343,19.986025363206863,15.198953419923782
1764848233.1230705,2467.7299769124947,8.713966896757483,11.429134264588356,11.773205060511827
1764848233.1280704,2675.1859673545696,6.357829924672842,10.643755273893476,9.499345887452364
1764848233.1330705,2470.355386681389,14.11064253281802,22.241185036487877,21.190273148939013
1764848233.1380703,2235.3138941661455,12.180854155682027,18.744378577917814,16.50791840441525
1764848233.1430705,2471.0360484733246,11.67970756161958,12.416467852890491,9.850896483287215
1764848233.1480703,2671.6031431970187,9.25251249037683,11.26831856649369,12.031258157454431
1764848233.1530704,2464.625859949272,13.856329335831106,17.996398586779833,11.006525569595397
1764848233.1580703,2238.8368799244054,9.981792981736362,16.90060789976269,14.391135029494762
1764848233.1630704,2468.6612120014615,16.324663306586444,15.872135411947966,11.612389362417161
1764848233.1680703,2663.3903228943236,10.999045769684017,5.931481329724193,8.710226996801794
1764848233.1730704,2466.8735398226418,13.26916504278779,14.204140031710267,12.633382050320506
1764848233.1780703,2246.9636825281195,14.222839531488717,15.965632910840213,17.192320096306503
1764848233.1830704,2463.2794959652238,9.596583286300302,10.647495173849165,10.322123877704144
1764848233.1880703,2655.8993032830767,11.27953826636076,7.569557510316372,9.050557892769575
1764848233.1930704,2463.937718357425,12.165894555859268,16.283524407073855,17.809403588995337
1764848233.1980705,2255.7412277241237,12.715659849345684,14.316337030380964,19.31658327113837
1764848233.2030704,2466.4771104273386,7.696714108809829,7.292804913595319,10.752212372608483
1764848233.2080705,2650.5699458462186,8.908441694453359,11.993859157897532,8.957060393877327
1764848233.2130704,2466.316294729244,15.056837221607566,14.391135029494762,11.466533264145255
1764848233.2180705,2263.4903004323132,15.70010001398623,17.125001897104084,20.57692955620587
1764848233.2230704,2470.306767981965,10.89058867096901,17.558830291964114,10.322123877704144
1764848233.2280705,2640.808806961868,7.778991907835007,12.390288553200662,7.019792216829956
1764848233.2330704,2468.1077068080194,10.673674473538995,13.789011136628687,16.223686007782817
1764848233.2380705,2273.083143818658,18.10859558545053,18.15347438491881,21.175313549116254
1764848233.2430704,2465.7665294357575,10.87936897110194,13.931127334944904,11.174821067601442
1764848233.2480705,2635.150338328909,5.594890333712101,10.105209680274129,4.959107341244817
1764848233.2530704,2469.439111192245,12.89891494717449,12.221993055194616,16.754751801490784
1764848233.2580705,2275.4243211909197,11.833043459802866,23.516490921378136,17.057683697901666
1764848233.2630703,2461.2898691887967,9.705040385015309,11.750765660777688,9.506825687363744
1764848233.2680705,2627.4760636198334,15.079276621341705,13.800230836495757,7.7490727081894875
1764848233.2730703,2469.2745555941947,10.48293957579881,22.667533631436527,15.494405516423285
1764848233.2780704,2290.425059913192,13.71795303747058,14.424794129095972,17.233458995819092
1764848233.2830703,2462.3295613764785,9.921954582445323,12.771758348681033,13.29908424243331
1764848233.2880704,2608.1781798484735,9.338530189357698,6.305471325293183,10.673674473538995
1764848233.2930703,2467.0717545202933,9.293651389889419,15.101716021075845,16.212466307915747
1764848233.2980704,2344.638649670873,16.006771810352802,18.662100778892636,18.841615976765752
1764848233.3030703,2449.961712223012,9.888295482844114,6.6196229215711355,12.218253155238926
1764848233.3080704,2518.117649015505,7.618176209740341,9.761138884350657,10.221146578900516
1764848233.3130703,2460.717664495576,12.147195056080818,21.968172339722514,17.902901087887585
1764848233.3180704,2412.222381770145,15.344809518195689,16.369542106054723,14.07324353326112
1764848233.3230705,2445.9787187702022,9.2637321902439,10.254805678501725,9.23381299059838
1764848233.3280704,2447.9646056466736,9.095436692237854,9.331050389446318,11.750765660777688
1764848233.3330705,2476.831023454666,14.810003824532032,15.66270101442933,12.337929953821003
1764848233.3380704,2495.1920622871257,18.06371678598225,11.65726816188544,19.38764137029648
1764848233.3430705,2440.6961100827903,10.729772972874343,17.24841859564185,10.647495173849165
1764848233.3480704,2348.558064824436,12.05369755718857,11.006525569595397,5.022685640491545
1764848233.3530705,2468.606983452104,14.151781432330608,19.028610974550247,14.824963424354792
1764848233.3580704,2592.9605269287713,15.468226216733456,11.967679858207703,18.837876076810062
1764848233.3630705,2427.9954098332673,12.04621775727719,15.875875311903656,10.228626378811896
1764848233.3680704,2270.1174031537957,10.793351272121072,13.504778739996254,11.25709886662662
1764848233.3730705,2503.560088437982,13.545917639508843,12.06117735709995,15.584163115359843
1764848233.3780704,2651.4899612353183,12.020038457587361,19.72423236630857,16.014251610264182
1764848233.3830705,2393.962320236489,10.598876474425197,8.205340502783656,10.172527879476547
1764848233.3880703,2225.911785677541,10.43806077633053,12.962493246421218,9.132835691794753
1764848233.3930705,2554.890215329826,16.49295880459249,19.630734867416322,14.581869927234948
1764848233.3980703,2705.067768000532,14.929680623114109,16.90808769967407,14.574390127323568
1764848233.4030704,2331.045983281918,12.637121950276196,15.640261614695191,12.46508655231446
1764848233.4080703,2160.542074352037,5.62480953335762,12.300530954264104,7.778991907835007
1764848233.4130704,2615.0988647164777,14.256498631089926,15.056837221607566,12.304270854219794
1764848233.4180703,2767.8494685566984,14.421054229140282,17.35313579440117,17.080123097635806
1764848233.4230704,2289.4021972753108,12.10605615656823,11.474013064056635,7.62939590960741
1764848233.4280703,2115.1509085898288,7.094590215943754,11.144901867955923,13.018591745756567
1764848233.4330704,1658.1313941045664,12.569803751073778,12.44638705253601,16.86694880016148
1764848233.4380703,1829.360843625851,12.221993055194616,10.43806077633053,14.585609827190638
1764848233.4430704,2293.2542942296714,9.031858392991126,10.03789148107171,6.683201220817864
1764848233.4480705,2096.5187270105816,12.375328953377903,14.742685625329614,9.353489789180458
1764848233.4530704,1659.5450762878172,10.44554057624191,11.27205846644938,13.130788744427264
1764848233.4580705,1858.1169343851507,15.423347417265177,20.389934558421373,19.009911474771798
1764848233.4630704,2273.0289152693003,9.319830689579248,18.632181579247117,12.371589053422213
1764848233.4680705,2044.4219206278212,9.996752581559122,11.474013064056635,11.466533264145255
1764848233.4730704,1684.5911862910725,10.812050771899521,8.298838001675904,12.121015756390989
1764848233.4780705,1908.4709473885596,18.57234317995608,20.07204306218773,13.740392437204719
1764848233.4830704,2243.9736325135455,11.432874164544046,14.600569427013397,9.196413991041481
1764848233.4880705,2004.1319784051739,11.67970756161958,15.797337412834167,10.576437074691057
1764848233.4930704,1711.4848068724386,15.774898013100028,15.109195820987225,18.14225468505174
1764848233.4980705,1951.992163172923,12.536144651472569,15.221392819657922,14.536991127766669
1764848233.5030704,2215.842105046846,6.956213917583227,9.869595983065665,12.524924951605499
1764848233.5080705,1963.7111396840774,14.121862232685089,16.391981505788863,10.972866469994187
1764848233.5130703,1726.4631061949767,10.05659098085016,13.863809135742486,16.706133102066815
1764848233.5180705,1968.3766648788005,9.304871089756489,12.50996535178274,15.509365116246045
1764848233.5230703,2217.685875725001,14.219099631533027,10.654974973760545,8.328757201321423
1764848233.5280704,1954.574564092327,8.171681403182447,10.168787979520857,10.44554057624191
1764848233.5330703,1721.4703397541307,9.420807988382876,19.36520197056234,13.119569044560194
1764848233.5380704,1978.3060992611572,18.17217388469726,19.843909164890647,18.12729508522898
1764848233.5430703,2220.0420126970857,11.055144269019365,12.539884551428258,8.46339359972626
1764848233.5480704,1947.5846910751425,8.201600602827966,12.386548653244972,12.334190053865314
1764848233.5530703,1738.3485082541592,16.388241605833173,16.87442860007286,14.047064233571291
1764848233.5580704,1993.624729479663,13.325263542123139,16.95670639909804,13.964786434546113
1764848233.5630703,2182.661712639965,9.23381299059838,14.626748726703227,8.336237001232803
1764848233.5680704,1919.0268150134943,10.767171972431242,19.3053635712713,13.104609444737434
1764848233.5730705,1778.7469075755216,16.4518199050799,16.47799920476973,18.037537486292422
1764848233.5780704,2023.6374266240746,12.663301249966025,18.11607538536191,15.793597512878478
1764848233.5830705,2140.5803583385423,13.400061541236937,11.159861467778683,10.325863777659833
1764848233.5880704,1885.3153568129055,8.957060393877327,14.559430527500808,13.852589435875416
1764848233.5930705,1809.90775400633,10.501639075577259,14.215359731577337,11.309457466006279
1764848233.5980704,2057.8799506183714,11.821823759935796,16.650034602731466,18.97999227512628
1764848233.6030705,2115.8184807319194,13.923647535033524,11.425394364632666,9.25625239033252
1764848233.6080704,1863.1863687750883,9.147795291617513,9.27121199015528,12.210773355327547
1764848233.6130705,1839.3445065575652,8.938360894098878,17.420453993603587,12.696960349567235
1764848233.6180704,2070.9396812636405,12.09483645670116,13.7104732375592,9.446987288072705
1764848233.6230705,2097.7734634457156,12.614682550542057,13.351442841812968,11.818083859980106
1764848233.6280704,1857.66627644049,13.26168524287641,10.269765278324485,15.3036706186831
1764848233.6330705,1845.810793580953,10.426841076463461,14.136821832507849,15.064317021518946
1764848233.6380703,2082.5894696256146,12.109796056523919,13.097129644826055,17.32695649471134
1764848233.6430705,2093.2407046994194,7.038491716608405,11.133682168088853,12.86151594761759
1764848233.6480703,1844.266214899253,10.05659098085016,13.044771045446396,10.509118875488639
1764848233.6530704,1851.093402268365,11.163601367734373,4.880569442175329,12.562323951162398
1764848233.6580703,2089.4428362944163,14.335036530159414,22.686233131214976,17.67102729063481
1764848233.6630704,2080.124875554815,14.421054229140282,13.130788744427264,10.737252772785723
1764848233.6680703,1832.8034215350635,9.906994982622564,13.609495938755572,8.541931498795748
1764848233.6730704,1856.4040602054447,12.603462850674987,16.736052301712334,19.181946872733533
1764848233.6780703,2088.8407124015503,14.92594072315842,21.73629854246974,14.047064233571291
1764848233.6830704,2074.2943715238944,14.361215829849243,11.541331263259053,12.345409753732383
1764848233.6880703,1834.3442603168078,8.276398601941764,15.460746416822076,11.047664469107985
1764848233.6930704,1864.0932945143431,11.948980358429253,11.941500558517873,16.1563678085804
1764848233.6980705,2096.574825509917,12.50996535178274,15.819776812568307,10.295944578014314
1764848233.7030704,2080.087476555258,12.618422450497746,15.169034220278263,11.414174664765596
1764848233.7080705,1825.9519248162396,7.674274709075689,16.197506708092988,10.995305869728327
1764848233.7130704,1863.1695392252877,9.521785287186503,11.758245460689068,12.943793746642768
1764848233.7180705,2102.8167185359634,17.405494393780828,20.397414358332753,15.393428217619658
1764848233.7230704,2074.3429902233183,15.980592510662973,9.820977283641696,11.836783359758556
1764848233.7280705,1826.2698163124733,10.46424007602036,13.130788744427264,11.619869162328541
1764848233.7330704,1862.2644834360108,13.100869544781744,13.242985743097961,16.14888800866902
1764848233.7380705,2100.9617281579413,13.964786434546113,19.080969573929906,14.08446323312819
1764848233.7430704,2075.1470687137917,11.70214696135372,8.88226239476353,9.349749889224768
1764848233.7480705,1820.7347643780522,12.625902250409126,16.384501705877483,11.085063468664885
1764848233.7530704,1864.456064810045,10.03415158111602,14.226579431444407,15.849696012213826
1764848233.7580705,2109.3316242587753,11.062624068930745,16.384501705877483,17.936560187488794
1764848233.7630703,2074.1746947253123,10.677414373494685,15.28497111890465,17.132481697015464
1764848233.7680705,1816.3029829305597,8.908441694453359,10.505378975532949,13.074690245091915
1764848233.7730703,1866.9393583806232,13.403801441192627,10.669934573583305,12.696960349567235
1764848233.7780704,2116.800204470288,14.192920331843197,18.299330483190715,16.4518199050799
1764848233.7830703,2073.8493234291673,14.623008826747537,8.42973450012505,17.420453993603587
1764848233.7880704,1816.261844031047,11.515151963569224,11.24587916675955,10.976606369949877
1764848233.7930703,1874.2059839945287,9.491866087540984,17.222239295952022,14.675367426127195
1764848233.7980704,2115.0910701905377,13.2654251428321,15.73001921363175,12.03873795736581
1764848233.8030703,2071.582944056019,8.003385905176401,9.835936883464456,8.571850698441267
1764848233.8080704,1813.1726866676472,12.113535956479609,12.88769524730742,14.753905325196683
1764848233.8130703,-1063.1413604039699,13.852589435875416,15.593512865249068,13.196236993651837
1764848233.8180704,-817.5402603638358,12.05369755718857,7.709803758654743,17.639238141011447
1764848233.8230705,-875.4432614278048,14.720246225595474,16.120838759001344,14.228449381422251
1764848233.8280704,-1137.1857696766965,6.930034617893398,7.713543658610433,10.623185824137181
1764848233.8330705,-1062.3260622136295,10.49789917562157,15.619692164938897,9.011288943234831
1764848233.8380704,-812.6970899212174,15.404647917486727,24.827325855847448,15.256921869236976
1764848233.8430705,-878.4501409921795,10.88310887105763,11.718976511154324,10.993435919750482
1764848233.8480704,-1143.2930263043381,10.531558275222778,10.084640230517834,6.004409378860146
1764848233.8530705,-1057.037843676284,14.07698343321681,13.51412848988548,16.371412056032568
1764848233.8580704,-812.3230999256484,10.714813373051584,20.7695344039239,16.76410155138001
1764848233.8630705,-876.5614915145561,11.111242768354714,17.10817234730348,13.45802999055013
1764848233.8680704,-1140.5367200369947,12.315490554086864,14.987649072427303,14.752035375218838
1764848233.8730705,-1057.2958967732266,12.203293555416167,16.532227754127234,15.963762960862368
1764848233.8780704,-818.1723034563474,8.945840694010258,12.833466697949916,17.343786044511944
1764848233.8830705,-874.4447081396356,9.450727188028395,16.506048454437405,11.120592518243939
1764848233.8880703,-1143.9774279962294,11.354336265474558,8.562500948552042,10.301554427947849
1764848233.8930705,-1061.705238820985,13.366402441635728,13.959176584612578,13.843239685986191
1764848233.8980703,-813.1047390163876,11.612389362417161,13.536567889619619,11.823693709913641
1764848233.9030704,-876.5764511143789,10.08651018049568,16.401331255678087,9.149665241595358
1764848233.9080703,-1144.6019912888296,9.297391289845109,14.572520177345723,11.06823391886428
1764848233.9130704,-1058.5001445589587,8.590550198219717,20.193589810747653,12.377198903355747
1764848233.9180703,-817.8918109596707,13.396321641281247,14.2845478807576,18.77242782758549
1764848233.9230704,-882.1414222484455,15.172774120233953,13.757221987005323,15.859045762103051
1764848233.9280703,-1143.3229455039836,7.939807605929673,13.951696784701198,11.296367816161364
1764848233.9330704,-1066.914919459261,12.06865715701133,15.402777967508882,13.91055788518861
1764848233.9380703,-820.9435693235137,10.632535574026406,10.903678320813924,12.30988070415333
1764848233.9430704,-856.2874938547611,18.17591378465295,16.894998049829155,12.69509039958939
1764848233.9480705,-1127.2750347941183,7.0235321167856455,15.92262406134978,11.45344361430034
1764848233.9530704,-1102.7768201343715,9.955613682046533,19.613905317615718,14.882931873667985
1764848233.9580705,-841.5915569788776,13.003632145933807,14.116252382751554,13.678684087935835
1764848233.9630704,-804.1962973219343,12.289311254397035,11.797514410223812,11.584340112749487
1764848233.9680705,-1088.2286093067378,6.653282021172345,8.031435154844075,9.751789134461433
1764848233.9730704,-1158.5050693741068,16.83328970056027,15.664570964407176,18.74624852789566
1764848233.9780705,-894.1408912562765,16.93800689931959,9.88642553286627,10.948557120282203
1764848233.9830704,-745.6406837156974,15.572943415492773,9.796667933929712,7.885579056572169
1764848233.9880705,-1054.517151106149,12.977452846243978,17.598099241498858,11.288888016249985
1764848233.9930704,-1200.5378049761057,10.146348579786718,13.734782587271184,16.958576349075884
1764848233.9980705,-921.1728881360032,10.714813373051584,9.553574436809868,13.181277393829077
1764848234.0030704,-719.3230077275075,12.266871854662895,13.147618294227868,9.819107333663851
1764848234.0080705,-1017.4023839458823,9.518045387230814,9.104786442127079,12.968103096354753
1764848234.0130703,-1232.4541111979634,15.28497111890465,14.29950748058036,20.444163107778877
1764848234.0180705,-956.8851928128861,11.152381667867303,14.191050381865352,13.44681029068306
1764848234.0230703,-697.994358280208,7.954767205752432,11.217829917091876,12.167764505837113
1764848234.0280704,-997.5883939806372,7.016052316874266,4.542108496185392,8.027695254888386
1764848234.0330703,-1273.791225408204,16.261085007339716,20.631158105563372,13.611365888733417
1764848234.0380704,-992.0439922963269,13.628195438534021,18.925763725768775,11.550681013148278
1764848234.0430703,-644.9737966083921,14.06202383339405,9.725609834771603,11.733936110977083
1764848234.0480704,-966.0423378543928,11.67596766166389,12.934443996753544,10.372612527105957
1764848234.0530703,-1296.9561657337472,10.785871472209692,14.70715657575056,12.897044997196645
1764848234.0580704,-990.3535575163551,7.6256560096517205,11.49832241376862,12.721269699279219
1764848234.0630703,-642.3035080400296,12.274351654574275,14.916590973269194,11.90223160898313
1764848234.0680704,-969.8570358091965,6.705640620552003,7.945417455863208,7.792081557679921
1764848234.0730705,-1292.135434690863,13.381362041458488,16.7304424517788,17.388664843980223
1764848234.0780704,-982.3539115111344,13.852589435875416,22.426310084294528,15.369118867907673
1764848234.0830705,-648.1414918708615,11.63856866210699,13.704863387625664,13.626325488556176
1764848234.0880704,-981.8845540666953,8.549411298707128,12.235082705039531,8.824293945450336
1764848234.0930705,-1290.5347575098276,13.882508635520935,16.169457458425313,14.755775275174528
1764848234.0980704,-975.2107025957666,15.991812210530043,12.784847998525947,14.606179276946932
1764848234.1030705,-647.4870093786158,16.08904960937798,15.769288163166493,15.567333565559238
1764848234.1080704,-983.6647464456037,7.64061560947448,7.178737964946777,12.392158503178507
1764848234.1130705,-1294.207339266315,13.534697939641774,15.705709863919765,14.224709481466562
1764848234.1180704,-975.6594905904494,10.755952272564173,12.971842996310443,11.150511717889458
1764848234.1230705,-647.7675018752925,15.804817212745547,17.91973063768819,17.194190046284348
1764848234.1280704,-981.3160892734304,11.586210062727332,14.247148881200701,8.693397447001189
1764848234.1330705,-1284.0460310867056,13.052250845357776,17.317606744822115,15.017568272072822
1764848234.1380703,-977.5144809684716,9.940654082223773,17.04833394801244,13.659984588157386
1764848234.1430705,-659.54444683576,10.969126570038497,9.88642553286627,13.05038089537993
1764848234.1480703,-989.8131419727579,8.186641003005207,13.570226989220828,7.7060638586990535
1764848234.1530704,-1268.1738956747577,17.383054994046688,19.445609819609672,15.88522506179288
1764848234.1580703,-969.8402062593959,13.373882241547108,15.88522506179288,15.12602537078783
1764848234.1630704,-681.9688869700767,11.444093864411116,14.763255075085908,14.112512482795864
1764848234.1680703,-986.1854390157387,6.1371758272871375,9.48625623760745,10.080900330562145
1764848234.1730704,-1245.700836841017,9.832196983508766,19.09779912373051,9.662031535524875
1764848234.1780703,-964.6305256211199,9.383408988825977,13.693643687758595,11.576860312838107
1764848234.1830704,-703.37233441649,16.96792609896511,12.747448998969048,14.30324738053605
1764848234.1880703,-1001.5863470332697,10.797091172076762,13.577706789132208,10.720423222985119
1764848234.1930704,-1218.1489938674495,11.440353964455426,18.559253530111164,18.203963034320623
1764848234.1980705,-948.4068396133371,12.562323951162398,12.351019603665918,14.108772582840174
1764848234.2030704,-732.7791677680798,10.692373973317444,11.924671008717269,15.07740667136386
1764848234.2080705,-1013.0678398972377,9.319830689579248,9.175844541285187,6.374659474473447
1764848234.2130704,-1193.5703713586554,17.981438986957073,18.67893032869324,13.398191591259092
1764848234.2180705,-928.2525187521242,10.90180837083608,13.749742187093943,11.666617911774665
1764848234.2230704,-757.223153878469,12.940053846687078,11.120592518243939,8.386725650634617
1764848234.2280705,-1032.3470241688192,6.885155818425119,13.09151979489252,10.424971126485616
1764848234.2330704,-1171.8939112154767,11.533851463347673,15.952543260995299,17.369965344201773
1764848234.2380705,-918.6073167663999,9.761138884350657,8.932751044165343,12.788587898481637
1764848234.2430704,-773.2822842882015,10.277245078235865,18.869665226433426,15.586033065337688
1764848234.2480705,-1044.0753504298627,8.88226239476353,11.696537111420184,9.759268934372813
1764848234.2530704,-1157.2035841895267,10.90180837083608,12.70257019950077,17.758914939593524
1764848234.2580705,-907.8401447939686,12.513705251738429,14.29576758062467,15.645871464628726
1764848234.2630703,-789.0235232017003,13.639415138401091,11.419784514699131,7.964116955641657
1764848234.2680705,-1057.1238613752648,8.590550198219717,10.881238921079785,10.305294327903539
1764848234.2730703,-1145.4602983286604,13.385101941414177,14.744555575307459,20.623678305651993
1764848234.2780704,-895.5134345400147,9.461946887895465,16.77158135129139,18.218922634143382
1764848234.2830703,-796.0769745181315,15.389688317663968,14.138691782485694,9.706910334993154
1764848234.2880704,-1067.2814296549186,9.357229689136147,15.369118867907673,10.798961122054607
1764848234.2930703,-1139.581175598316,17.472812592983246,13.147618294227868,17.89729123795405
1764848234.2980704,-891.1414914918132,13.24672564305365,14.29576758062467,7.496629461180419
1764848234.3030703,-802.5357817416079,16.87816850002855,13.689903787802905,13.360792591702193
1764848234.3080704,-1072.184438496828,7.2666256139054894,11.359946115408093,9.84154673339799
1764848234.3130703,-1135.8637150423601,10.217406678944826,18.589172729756683,15.309280468616635
1764848234.3180704,-879.8021148261614,11.24961906671524,11.685317411553115,16.584586353506893
1764848234.3230705,-807.805300779175,9.731219684705138,12.844686397816986,12.822246998082846
1764848234.3280704,-1074.3610602710396,9.555444386787713,6.550434772390872,9.987402831669897
1764848234.3330705,-1128.4213141305372,11.466533264145255,21.18840319896117,16.27791455714032
1764848234.3380704,-879.4131652307697,12.820377048105001,15.92262406134978,18.185263534542173
1764848234.3430705,-808.2166897743009,13.542177739553154,10.6531050237827,9.983662931714207
1764848234.3480704,-1076.7022376433015,6.694420920684934,14.202270081732422,11.621739112306386
1764848234.3530705,-1129.6592210158706,14.05828393343836,15.690750264097005,12.029388207476586
1764848234.3580704,-868.7020917576738,11.821823759935796,17.022154648322612,13.162577894050628
1764848234.3630705,-793.6049006474204,16.04043090995401,15.155944570433348,14.134951882530004
1764848234.3680704,-1079.3687863117084,10.09398998040706,12.470696402247995,8.001515955198556
1764848234.3730705,-1136.4770586350933,15.816036912612617,18.67519042873755,15.787987662944943
1764848234.3780704,-861.5514030423947,11.25335896667093,19.812120015267283,12.638991900254041
1764848234.3830705,-800.2881018682383,10.374482477083802,15.021308172028512,8.521362049039453
1764848234.3880703,-1086.7850079238415,5.273258937522769,8.525101948995143,12.186464005615562
1764848234.3930705,-1136.2825838373974,12.341669853776693,19.374551720451564,15.765548263210803
1764848234.3980703,-856.99994479632,14.656667926348746,16.565886853728443,17.07077334774658
1764848234.4030704,-795.4374516257085,12.0798768568784,11.816213910002261,16.569626753684133
1764848234.4080703,-1092.809986752458,10.239846078678966,9.8378068334423,10.481069625820965
1764848234.4130704,-1133.645954368636,11.739545960910618,10.64188532391563,14.157391282264143
1764848234.4180703,-853.8135500340723,9.23007309064269,12.526794901583344,13.11021929467097
1764848234.4230704,-792.2884558630176,13.474859540350735,20.208549410570413,12.231342805083841
1764848234.4280703,-1097.5783591959625,11.111242768354714,8.839253545273095,9.101046542171389
1764848234.4330704,-1132.1911332858726,17.128741797059774,12.971842996310443,14.31072718044743
1764848234.4380703,-846.4272476215847,9.338530189357698,15.234482469502836,14.864232373889536
1764848234.4430704,-794.3790599382482,9.211373590864241,13.398191591259092,12.175244305748492
1764848234.4480705,-1103.8987901210785,10.097729880362749,8.476483249571174,11.172951117623597
1764848234.4530704,-1132.6511409804225,15.31863021850586,15.51497496617958,17.227849145885557
1764848234.4580705,-834.6914415606298,13.796490936540067,15.174644070211798,10.877499021124095
1764848234.4630704,-805.019075312186,12.633382050320506,20.122531711589545,9.804147733841091
1764848234.4680705,-1117.0407985653728,14.189180431887507,14.475282778497785,11.195390517357737
1764848234.4730704,-1121.0948501173407,14.49959212820977,14.849272774066776,18.102985735516995
1764848234.4780705,-829.4929806222208,13.875028835609555,14.72211617557332,10.817660621833056
1764848234.4830704,-815.3524188897572,15.423347417265177,14.363085779827088,13.173797593917698
1764848234.4880705,-1124.3336034789681,8.657868397422135,15.48505576653406,8.846733345184475
1764848234.4930704,-1109.2973357071169,14.436013828963041,5.682777982670814,16.887518249917775
1764848234.4980705,-821.9851314611733,7.872489406727254,18.383478232193738,13.89933818532154
1764848234.5030704,-827.4098563469015,12.625902250409126,9.811627533752471,13.932997284922749
1764848234.5080705,-1133.9264468653128,6.746779520064592,12.29118120437488,8.816814145538956
1764848234.5130703,-1106.0436227456667,14.86984222382307,13.360792591702193,13.312173892278224
1764848234.5180705,-818.4172669034451,11.114982668310404,11.85361290955916,12.096706406679004
1764848234.5230703,-838.3528036172502,9.940654082223773,14.67723737610504,12.25378220481798
1764848234.5280704,-1143.0480628572404,10.400661776773632,9.946263932157308,10.757822222542018
1764848234.5330703,-1100.4749117116444,11.073843768797815,16.70052325213328,15.649611364584416
1764848234.5380704,-813.1253084661439,13.422500940971076,8.861692945007235,12.051827607210726
1764848234.5430703,-843.2819917588495,17.6747671905905,16.64816465275362,15.08114657131955
1764848234.5480704,-1151.0963275618851,10.520338575355709,11.363686015363783,8.386725650634617
1764848234.5530703,-1096.076789363753,12.315490554086864,18.27876103343442,14.25836858106777
1764848234.5580704,-800.8285174118355,12.311750654131174,17.10817234730348,16.023601360153407
1764848234.5630703,-847.4594600093551,7.326464013196528,16.535967654082924,14.572520177345723
1764848234.5680704,-1159.6382590606809,8.740146196447313,15.574813365470618,9.015028843190521
1764848234.5730705,-1086.416627778206,15.094236221164465,19.49796841898933,16.580846453551203
1764848234.5780704,-790.1174439387396,14.89976142346859,16.064740259665996,12.964363196399063
1764848234.5830705,-847.7586520058103,12.984932646155357,14.056413983460516,13.140138494316489
1764848234.5880704,-1164.6272856015712,11.803124260157347,12.145325106102973,8.62233934784308
1764848234.5930705,-1091.349555819761,13.994705634191632,17.94217003742233,10.469849925953895
1764848234.5980704,-783.9914878113195,14.989519022405148,16.835159650538117,13.383231991436332
1764848234.6030705,-841.3110644822009,12.603462850674987,11.348726415541023,14.422924179118127
1764848234.6080704,-1166.1232455838472,10.946687170304358,0.5142362439073622,11.356206215452403
1764848234.6130705,-1082.426154525485,13.400061541236937,18.66771062882617,11.89849170902744
1764848234.6180704,-772.0836463524029,10.939207370392978,17.332566344644874,14.041454383637756
1764848234.6230705,-850.6196754719131,10.49789917562157,14.609919176902622,12.220123105216771
1764848234.6280704,-1175.9442228674889,6.391489024274051,10.963516720104963,4.699184294324368
1764848234.6330705,-1077.1229763883166,16.698653302155435,16.966056148987263,13.805840686429292
1764848234.6380703,-766.6121727172285,16.414420905523002,15.978722560685128,14.131211982574314
1764848234.6430705,-845.83260352863,12.06491725705564,12.029388207476586,14.553820677567273
1764848234.6480703,-1180.8696711091325,7.405001912266016,15.559853765647858,12.605332800652832
1764848234.6530704,-1082.3176974267699,8.119322803802788,15.817906862590462,11.973289708141237
1764848234.6580703,-751.6076940950006,8.253959202207625,11.659138111863285,14.609919176902622
1764848234.6630704,-842.2460394711234,14.686587125994265,13.671204288024455,14.946510172914714
1764848234.6680703,-1189.4303021077067,10.4492804761976,14.228449381422251,13.555267389398068
1764848234.6730704,-1074.4489479199983,12.84655634779483,14.763255075085908,18.858445526566356
1764848234.6780703,-742.1569669069722,16.219946107827127,12.64647170016542,13.85819928580895
1764848234.6830704,-850.716912870761,12.143455156125128,10.552127724979073,12.788587898481637
1764848234.6880703,-1199.4382743891329,3.5641246577724814,12.564193901140243,12.27622160455212
1764848234.6930704,-1070.787585863378,17.072643297724426,11.382385515142232,14.048934183549136
1764848234.6980705,-733.0241312151775,14.682847226038575,10.709203523118049,15.795467462856323
1764848234.7030704,-846.2926112231798,11.062624068930745,13.91803768509999,12.926964196842164
1764848234.7080705,-1211.5405906457454,9.6339822858572,10.944817220326513,10.223016528878361
1764848234.7130704,-1072.1937882467173,6.275552125647664,17.88607153808698,16.472389354836196
1764848234.7180705,-724.0034925220534,9.64146208576858,10.525948425289243,12.635252000298351
1764848234.7230704,-852.6055623483844,12.06491725705564,19.011781424749643,16.382631755899638
1764848234.7280705,-1216.828809183091,11.560030763037503,15.649611364584416,8.364286250900477
1764848234.7330704,-1071.5841845539398,15.501885316334665,21.603532094042748,14.740815675351769
1764848234.7380705,-717.7578595960513,14.679107326082885,10.312774127814919,16.532227754127234
1764848234.7430704,-854.8981210212223,9.536744887009263,11.09441321855411,13.633805288467556
1764848234.7480705,-1226.0813216734678,7.012312416918576,13.716083087492734,7.238576364237815
1764848234.7530704,-1072.3994827442802,12.775498248636723,14.348126180004328,15.189603670034558
1764848234.7580705,-722.2569592427462,14.200400131754577,10.948557120282203,14.033974583726376
1764848234.7630703,-856.0537501075305,12.521185051649809,11.812474010046571,12.743709099013358
1764848234.7680705,-1211.70140634384,6.84401691891253,12.380938803311437,9.632112335879356
1764848234.7730703,-1085.7696250858717,12.162154655903578,18.592912629712373,14.351866079960018
1764848234.7780704,-761.8026613742113,11.002785669639707,14.243408981245011,15.88148516183719
1764848234.7830703,-864.285269910004,13.171927643939853,16.019861460197717,14.149911482352763
1764848234.7880704,-1203.163214745,9.951873782090843,22.830219279509038,8.356806450989097
1764848234.7930703,-1093.3803214957006,14.813743724487722,13.45429009059444,15.586033065337688
1764848234.7980704,-765.1947506340221,11.070103868842125,13.289734492544085,15.806687162723392
1764848234.8030703,-864.5732422065921,9.061777592636645,12.074267006944865,14.164871082175523
1764848234.8080704,-1191.7079011807218,7.419961512088776,13.016721795778722,8.371766050811857
1764848234.8130703,-1093.4027608954348,16.90808769967407,20.77327430387959,14.71463637566194
1764848234.8180704,-1763.581613255199,13.127048844471574,21.208972648717463,16.042300859931856
1764848234.8230705,-1839.2902780082077,13.781531336717308,17.203539796173573,14.019014983903617
1764848234.8280704,-2163.8930247123353,11.496452463790774,15.086756421253085,8.162331653293222
1764848234.8330705,-2078.87948886957,13.990965734235942,9.544224686920643,12.511835301760584
1764848234.8380704,-1754.6843912606128,8.88600229471922,14.630488626658916,15.46261636679992
1764848234.8430705,-1836.2160802446306,11.156121567822993,14.219099631533027,15.552373965736479
1764848234.8480704,-2161.3723321422003,7.0646710162982345,10.658714873716235,8.483963049482554
1764848234.8530705,-2084.13778820727,11.713366661220789,13.904948035255075,16.32653325656429
1764848234.8580704,-1775.1865228177048,17.057683697901666,12.734359349124134,18.439576731529087
1764848234.8630705,-1833.2989582791924,10.04537128098309,13.534697939641774,16.71548285195604
1764848234.8680704,-2143.768623050768,9.001939193345606,13.837629836052656,11.558160813059658
1764848234.8730705,-2092.4553257087246,15.920754111371934,19.32406307104975,12.175244305748492
1764848234.8780704,-1800.1653146217577,11.6722277617082,17.577529791742563,10.23797612870112
1764848234.8830705,-1832.3490236904472,9.794797983951867,9.794797983951867,11.89475180907175
1764848234.8880703,-2128.584629230667,7.778991907835007,18.706979578360915,9.407718338537961
1764848234.8930705,-2094.2392579875886,10.669934573583305,14.155521332286298,13.757221987005323
1764848234.8980703,-1803.4639063826762,14.48463252838701,19.410080770030618,17.89355133799836
1764848234.9030704,-1827.4647143483162,10.651235073804855,11.036444769240916,8.349326651077718
1764848234.9080703,-2129.9160336148925,7.7453328082337976,9.566664086654782,5.518222384620458
1764848234.9130704,-2091.871901315637,11.421654464676976,14.709026525728405,12.781108098570257
1764848234.9180703,-1805.5208513583057,13.497298940084875,12.427687552757561,19.07161982404068
1764848234.9230704,-1826.1071306644008,7.778991907835007,12.08735665678978,12.227602905128151
1764848234.9280703,-2119.201220241841,12.337929953821003,12.738099249079823,10.787741422187537
1764848234.9330704,-2088.1843599593267,13.833889936096966,16.582716403529048,19.17259712284431
1764848234.9380703,-1802.0277847996913,13.837629836052656,14.51081182807684,13.140138494316489
1764848234.9430704,-1824.7121479809284,8.732666396535933,9.66390148550272,12.178984205704182
1764848234.9480705,-2117.9745330563746,11.724586361087859,13.998445534147322,12.807287398260087
1764848234.9530704,-2085.8918012864888,13.426240840926766,16.354582506231964,14.037714483682066
1764848234.9580705,-1795.6774346749298,14.626748726703227,16.197506708092988,12.964363196399063
1764848234.9630704,-1819.8502780385315,12.640861850231886,10.961646770127118,13.140138494316489
1764848234.9680705,-2122.350216004532,14.196660231798887,12.88021544739604,10.24171602865681
1764848234.9730704,-2087.140927871689,11.081323568709195,15.150334720499814,10.866279321257025
1764848234.9780705,-1791.6794816222973,14.854882624000311,15.629041914828122,15.212043069768697
1764848234.9830704,-1820.4374423315749,12.266871854662895,13.085909944958985,14.411704479251057
1764848234.9880705,-2121.407761215698,13.085909944958985,10.280984978191555,14.220969581510872
1764848234.9930704,-2082.585729725659,11.589949962683022,16.758491701446474,17.235328945796937
1764848234.9980705,-1791.8814362199046,13.523478239774704,15.049357421696186,13.824540186207741
1764848235.0030704,-1820.3776039322838,9.428287788294256,12.85029624775052,10.181877629365772
1764848235.0080705,-2123.154294495005,11.328156965784729,16.85572910029441,14.329426680225879
1764848235.0130703,-2082.8811818221584,9.551704486832023,13.183147343806922,16.30409385683015
1764848235.0180705,-1787.655349269975,12.165894555859268,15.546764115802944,14.591219677124172
1764848235.0230703,-1823.0553723005578,10.89058867096901,16.780931101180613,9.519915337208658
1764848235.0280704,-2129.44106632052,11.223439767025411,8.343716801144183,12.564193901140243
1764848235.0330703,-2085.2821975937113,8.47835319954902,11.627348962239921,14.060153883416206
1764848235.0380704,-1786.86997027928,16.44060020521283,18.404047681950033,17.49712194269523
1764848235.0430703,-1822.509346907027,8.08192380424589,9.547964586876333,13.798360886517912
1764848235.0480704,-2127.8441290394403,11.23839936684817,8.500792599283159,9.179584441240877
1764848235.0530703,-2085.9217204861343,10.640015373937786,17.484032292850316,14.213489781599492
1764848235.0580704,-1789.2971653505228,15.72627931367606,16.87068870011717,13.158837994094938
1764848235.0630703,-1819.337911744602,12.543624451383948,13.411281241104007,8.345586751122028
1764848235.0680704,-2120.345629628282,15.902054611593485,18.217052684165537,10.559607524890453
1764848235.0730705,-2088.8388424515724,11.096283168531954,14.275198130868375,7.02914196671918
1764848235.0780704,-1794.8845758843236,12.764278548769653,16.43312040530145,11.591819912660867
1764848235.0830705,-1817.2772268690169,12.48378605209291,13.67681413795799,14.348126180004328
1764848235.0880704,-2122.4848524029367,7.62939590960741,13.130788744427264,6.359699874650687
1764848235.0930705,-2088.3302160575986,12.554844151251018,10.198707179166377,12.837206597905606
1764848235.0980704,-1795.928007971961,12.955013446509838,18.209572884254158,17.362485544290394
1764848235.1030705,-1819.158396546729,9.615282786078751,10.913028070703149,10.413751426618546
1764848235.1080704,-2124.687653476838,9.185194291174412,15.786117712967098,11.816213910002261
1764848235.1130705,-2089.7887770403177,13.078430145047605,12.278091554529965,17.09695264743641
1764848235.1180704,-1796.350616666954,10.393181976862252,16.14140820875764,17.85989223839715
1764848235.1230705,-1817.613817865029,12.89143514726311,7.206787214614451,13.027941495645791
1764848235.1280704,-2119.2273995415308,11.967679858207703,12.726879549212754,9.950003832112998
1764848235.1330705,-2086.0638366844505,11.892881859093904,22.237445136532187,16.29287415696308
1764848235.1380703,-1790.6435293345712,16.799630600959063,16.732312401756644,17.025894548278302
1764848235.1430705,-1811.1924096411094,13.904948035255075,15.356029218062758,14.31820698035881
1764848235.1480703,-2121.8116704109125,8.571850698441267,13.370142341591418,14.411704479251057
1764848235.1530704,-2094.48983128462,10.621315874159336,12.438907252624631,9.688210835214704
1764848235.1580703,-1788.343490861822,17.128741797059774,16.0441708099097,15.137245070654899
1764848235.1630704,-1814.7752337986603,13.6730742380023,12.46882645227015,11.07945361873135
1764848235.1680703,-2122.20435990626,9.68260098528117,13.471119640395045,10.63440552400425
1764848235.1730704,-2087.8365492634475,14.316337030380964,17.412974193692207,13.962916484568268
1764848235.1780703,-1789.8656301437877,10.288464778102934,14.159261232241988,14.927810673136264
1764848235.1830704,-1812.4564958261326,8.4858329994604,12.614682550542057,10.372612527105957
1764848235.1880703,-2122.4773726030253,12.91387454699725,18.04875718615949,13.753482087049633
1764848235.1930704,-2091.475471920334,12.977452846243978,10.539038075134158,15.421477467287332
1764848235.1980705,-1787.1916016754694,13.740392437204719,10.09025008045137,16.876298550050706
1764848235.2030704,-1808.7913938695565,12.207033455371857,11.447833764366806,12.30988070415333
1764848235.2080705,-2122.5222514024936,9.974313181824982,8.343716801144183,6.965563667472452
1764848235.2130704,-2095.6492002708837,10.228626378811896,14.125602132640779,14.617398976814002
1764848235.2180705,-1785.6021441943012,15.243832219392061,15.68140051420778,17.04833394801244
1764848235.2230704,-1806.0986659014598,9.409588288515806,16.06287030968815,16.102139259222895
1764848235.2280705,-2127.4290001443587,11.178560967557132,15.789857612922788,9.42641783831641
1764848235.2330704,-2093.9026669915766,11.750765660777688,16.10774910915643,11.670357811730355
1764848235.2380705,-1787.752586668823,12.270611754618585,13.519738339819014,12.68761059967801
1764848235.2430704,-1810.522967549041,8.138022303581238,7.737853008322418,9.44511733809486
1764848235.2480705,-2124.855948974844,11.885402059182525,17.835582888685167,8.801854545716196
1764848235.2530704,-2088.3788347570226,12.023778357543051,14.761385125108063,16.191896858159453
1764848235.2580705,-1776.775980298873,15.359769118018448,13.590796438977122,17.90103113790974
1764848235.2630703,-1813.0922788185999,10.161308179609478,14.623008826747537,11.214090017136186
1764848235.2680705,-2132.1973725878634,11.24961906671524,11.881662159226835,9.972443231847137
1764848235.2730703,-2092.219712011516,8.328757201321423,19.174467072822154,14.542600977700204
1764848235.2780704,-1777.0863919951953,16.44434010516852,20.12440166156739,14.572520177345723
1764848235.2830703,-1806.5848528956994,4.723493644036353,14.746425525285304,10.155698329675943
1764848235.2880704,-2131.359634997789,13.437460540793836,11.533851463347673,12.048087707255036
1764848235.2930703,-2087.974925561808,13.467379740439355,13.041031145490706,12.048087707255036
1764848235.2980704,-1773.122098042164,11.612389362417161,16.45555980503559,11.988249307963997
1764848235.3030703,-1810.7548413462937,6.795398219488561,12.663301249966025,12.440777202602476
1764848235.3080704,-2132.466645384673,12.427687552757561,13.27290494274348,14.101292782928795
1764848235.3130703,-2087.941266462207,11.907841458916664,17.439153493382037,14.101292782928795
1764848235.3180704,-1771.723375458736,14.11438243277371,15.543024215847254,11.741415910888463
1764848235.3230705,-1806.625991795212,11.859222759492695,16.94922659918666,9.916344732511789
1764848235.3280704,-2137.964298319537,10.666194673627615,12.109796056523919,9.48625623760745
1764848235.3330705,-2086.108715483919,15.247572119347751,12.958753346465528,17.9533897372894
1764848235.3380704,-1763.039327761624,15.905794511549175,17.794443989172578,16.782801051158458
1764848235.3430705,-1808.5333407726139,14.697806825861335,8.08192380424589,12.777368198614568
1764848235.3480704,-2152.2432363503613,6.544824922457337,8.05574450455606,11.273928416427225
1764848235.3530705,-2080.6970802480355,15.236352419480681,16.739792201668024,18.009488236624748
1764848235.3580704,-1751.763529395219,9.828457083553076,13.800230836495757,14.748295475263149
1764848235.3630705,-1809.2289621643722,6.04367832839489,11.993859157897532,11.43474411452189
1764848235.3680704,-2156.3047677022405,12.566063851118088,9.880815682932734,16.25547515740618
1764848235.3730705,-2082.088323031552,15.449526716955006,12.47256635222584,9.172104641329497
1764848235.3780704,-1735.9474924826063,13.766571736894548,18.261931483633816,14.004055384080857
1764848235.3830705,-1810.4032907504588,10.598876474425197,11.810604060068727,10.870019221212715
1764848235.3880703,-2167.7264221669175,8.45591379981488,7.737853008322418,11.543201213236898
1764848235.3930705,-2081.07481014356,9.600323186255991,12.184594055637717,10.552127724979073
1764848235.3980703,-1732.6862997212447,17.424193893559277,16.822070000693202,15.335459768306464
1764848235.4030704,-1810.2723942520097,8.915921494364738,12.360369353555143,11.674097711686045
1764848235.4080703,-2173.5905852974392,10.561477474868298,15.980592510662973,11.640438612084836
1764848235.4130704,-2080.66716104839,14.06202383339405,7.962247005663812,17.94590993737802
1764848235.4180703,-1725.6926868041046,12.266871854662895,17.936560187488794,14.602439376991242
1764848235.4230704,-1810.1452376535162,7.520938810892403,12.682000749744475,9.602193136233836
1764848235.4280703,-2170.119958138559,10.08277028053999,15.490665616467595,10.009842231404036
1764848235.4330704,-2101.797595798038,10.598876474425197,23.206079225055873,13.233635993208736
1764848235.4380703,-1736.1980657796375,11.814343960024416,17.820623288862407,15.780507863033563
1764848235.4430704,-1781.3891468942165,14.226579431444407,11.350596365518868,11.943370508495718
1764848235.4480705,-2158.0176418819465,10.03789148107171,14.671627526171505,12.500615601893514
1764848235.4530704,-2157.4136480391026,13.631935338489711,17.24093879573047,12.739969199057668
1764848235.4580705,-1762.9383504628204,19.159507472999394,12.532404751516879,17.88607153808698
1764848235.4630704,-1670.7909554545768,12.218253155238926,13.482339340262115,8.876652544829994
1764848235.4680705,-2085.686106788926,11.088803368620574,15.576683315448463,12.29492110433057
1764848235.4730704,-2310.5737709244713,11.795644460245967,11.28701806627214,15.436437067110091
1764848235.4780705,-1942.367530636955,10.965386670082808,11.634828762151301,13.832019986119121
1764848235.4830704,-2397.3132705967873,11.432874164544046,8.504532499238849,13.07282029511407
1764848235.4880705,-2634.9184645316564,11.358076165430248,10.299684477970004,11.397345114964992
1764848235.4930704,-2520.4606963377446,7.580777210183442,19.30162367131561,14.535121177788824
1764848235.4980705,-2486.6351711885072,12.622162350453436,15.744978813454509,12.986802596133202
1764848235.5030704,-2324.8396193054505,6.200754126533866,11.810604060068727,10.952297020237893
1764848235.5080705,-2376.040719648823,7.045971516519785,9.409588288515806,11.165471317712218
1764848235.5130703,-2590.2060906114057,9.439507488161325,16.11522890906781,16.33775295643136
1764848235.5180705,-2554.5554942837916,15.038137721829116,21.855975341051817,16.371412056032568
1764848235.5230703,-2280.9892923249863,11.64604846201837,15.819776812568307,9.205763740930706
1764848235.5280704,-2340.223697773181,6.264332425780594,10.239846078678966,5.204070788342506
1764848235.5330703,-2608.7559943916276,16.08904960937798,16.8594690002501,14.101292782928795
1764848235.5380704,-2570.2817735974677,16.616375503130257,18.355428982526064,15.051227371674031
1764848235.5430703,-2269.212347364519,12.214513255283237,7.689234308898449,12.014428607653826
1764848235.5480704,-2331.7715238733217,10.03415158111602,7.958507105708122,6.64019237132743
1764848235.5530703,-2616.0039205057546,12.528664851561189,17.106302397325635,16.74166215164587
1764848235.5580704,-2562.944089884404,10.669934573583305,12.008818757720292,16.816460150759667
1764848235.5630703,-2252.4014970636927,15.587903015315533,16.91182759962976,13.267295092809945
1764848235.5680704,-2330.1558870924637,13.860069235786796,11.634828762151301,11.176691017579287
1764848235.5730705,-2608.946729289368,9.185194291174412,16.87442860007286,16.191896858159453
1764848235.5780704,-2558.508568536956,16.661254302598536,16.90808769967407,14.119992282707244
1764848235.5830705,-2243.6089922678657,9.144055391661823,17.71964599005878,11.288888016249985
1764848235.5880704,-2326.6852599335834,9.375929188914597,10.423101176507771,10.196837229188532
1764848235.5930705,-2642.1533009959385,11.990119257941842,17.2671180954203,14.542600977700204
1764848235.5980704,-2565.633077952545,10.44180067628622,17.177360496483743,14.748295475263149
1764848235.6030705,-2281.838249614928,8.358676400966942,8.403555200435221,9.07860714243725
1764848235.6080704,-2362.2965873116627,10.84570987150073,12.001338957808912,10.499769125599414
1764848235.6130705,-2629.4750401461497,12.726879549212754,18.433966881595552,19.95797611353919
1764848235.6180704,-2554.5180952842347,16.616375503130257,18.90893417596817,16.786540951114148
1764848235.6230705,-2277.7804581630044,15.550504015758634,13.28412464261055,12.156544805970043
1764848235.6280704,-2374.440042467788,5.920261629857123,11.993859157897532,12.220123105216771
1764848235.6330705,-2626.8870293768123,15.056837221607566,11.100023068487644,10.967256620060652
1764848235.6380703,-2541.970730932895,17.042724098078907,18.609742179512978,22.041100388858467
1764848235.6430705,-2282.3618356087245,13.198106943629682,13.145748344250023,12.167764505837113
1764848235.6480703,-2382.267653075047,7.752812608145177,16.014251610264182,8.62607924779877
1764848235.6530704,-2618.0346861816943,10.116429380141199,12.659561350010335,11.292627916205674
1764848235.6580703,-2537.004143791739,12.319230454042554,15.883355111815035,16.371412056032568
1764848235.6630704,-2286.816056455951,7.7079338086768985,13.983485934324563,6.385879174340516
1764848235.6680703,-2388.438488001935,12.016298557631671,13.085909944958985,8.697137346956879
1764848235.6730704,-2605.1843899339437,12.756798748858273,13.725432837381959,15.455136566888541
1764848235.6780703,-2518.573916810099,14.660407826304436,15.176514020189643,17.792574039194733
1764848235.6830704,-2303.099580863025,3.0480184638872743,10.183747579343617,10.855059621389955
1764848235.6880703,-2423.9263986814767,5.542531734332442,6.148395527154207,6.7411696701310575
1764848235.6930704,-2586.152039059438,12.150934956036508,14.978299322538078,12.960623296443373
1764848235.6980705,-2476.5636206078343,17.66728739067912,19.862608664669096,16.33775295643136
1764848235.7030704,-2295.657179951202,11.073843768797815,11.713366661220789,15.586033065337688
1764848235.7080705,-2423.825421382673,8.706487096846104,13.803970736451447,9.46007693791762
1764848235.7130704,-2572.6510002193972,13.972266234457493,12.46508655231446,14.149911482352763
1764848235.7180705,-2439.684467144776,10.961646770127118,16.309703706763685,13.693643687758595
1764848235.7230704,-2307.3967259121127,11.167341267690063,6.144655627198517,10.073420530650765
1764848235.7280705,-2409.2061524558812,11.26083876658231,14.623008826747537,12.67639089981094
1764848235.7330704,-2563.005798233673,15.183993820101023,17.570049991831183,16.23677565762773
1764848235.7380705,-2525.3431357298978,18.16469408478588,17.854282388463616,15.421477467287332
1764848235.7430704,-2294.318295767065,9.974313181824982,12.928834146820009,9.916344732511789
1764848235.7480705,-2336.0686689224094,7.438661011867225,10.108949580229819,9.344140039291233
1764848235.7530704,-2570.4294996457174,12.139715256169438,17.031504398211837,15.982462460640818
1764848235.7580705,-2569.675909804646,15.595382815226912,19.25300497189164,16.827679850626737
1764848235.7630703,-2296.1097078458406,11.829303559847176,13.875028835609555,9.325440539512783
1764848235.7680705,-2315.0466912714764,9.080477092415094,10.602616374380887,9.721869934815913
1764848235.7730703,-2571.723505030386,14.694066925905645,12.801677548326552,15.687010364141315
1764848235.7780704,-2575.2913695881143,8.571850698441267,15.767418213188648,16.876298550050706
1764848235.7830703,-2292.005167644471,11.309457466006279,11.339376665651798,9.572273936588317
1764848235.7880704,-2290.4905081624165,13.340223141945899,12.831596747972071,11.48336281394586
1764848235.7930703,-2565.6312080025673,13.590796438977122,14.780084624886513,14.542600977700204
1764848235.7980704,-2589.7012041173875,15.920754111371934,13.70673333760351,16.31531355669722
1764848235.8030703,-2312.3689229032025,12.263131954707205,13.759091936983168,10.017322031315416
1764848235.8080704,-2312.4268913525157,5.995059628970921,13.770311636850238,7.567687560338527
1764848235.8130703,-2563.9501229724847,11.904101558960974,16.638814902864397,13.749742187093943
1764848235.8180704,-2577.2940860143863,17.27459789533168,19.974805663339794,14.460323178675026
1764848235.8230705,1580.2105785277672,13.04664099542424,10.552127724979073,12.64273180020973
1764848235.8280704,1577.7927332064137,10.136998829897493,10.23423622874543,8.457783749792725
1764848235.8330705,1382.9925642143935,8.442824149969965,17.88607153808698,13.061600595247
1764848235.8380704,1373.5605365261436,11.008395519573241,13.147618294227868,18.480715631041676
1764848235.8430705,1565.6006593508646,8.756975746247917,11.105632918421179,10.24919582856819
1764848235.8480704,1559.1699013770558,15.241962269414216,10.140738729853183,11.614259312395006
1764848235.8530705,1399.895042064134,17.396144643891603,14.860492473933846,16.999715248588473
1764848235.8580704,1388.234034002293,9.43763753818348,10.802701022010297,11.8386533097364
1764848235.8630705,1549.7303938888945,13.300954192411155,11.09441321855411,14.333166580181569
1764848235.8680704,1543.4866309128702,12.332320103887469,9.407718338537961,8.790634845849127
1764848235.8730705,1421.737927755341,12.953143496531993,22.097198888193816,14.733335875440389
1764848235.8780704,1414.8826911365613,9.418938038405031,11.88353210920468,13.775921486783773
1764848235.8830705,1537.083922188729,14.082593283150345,11.786294710356742,13.383231991436332
1764848235.8880703,1517.739289667923,6.6214928715489805,6.62897267146036,5.641639083158225
1764848235.8930705,1441.8828988666646,11.790034610312432,21.738168492447585,20.30204690946266
1764848235.8980703,1442.0867234142497,15.133505170699209,16.898737949784845,16.027341260109097
1764848235.9030704,1515.3177044466138,10.454890326131135,15.623432064894587,13.315913792233914
1764848235.9080703,1482.329916887451,9.48625623760745,12.29492110433057,9.564794136676937
1764848235.9130704,1470.7437068247236,18.66397072887048,17.216629446018487,19.023001124616712
1764848235.9180703,1492.4893551170826,12.848426297772676,13.820800286252052,15.93010386126116
1764848235.9230704,1489.6713405004703,14.033974583726376,14.875452073756605,12.081746806856245
1764848235.9280703,1445.5124717736617,9.920084632467479,11.573120412882417,8.738276246469468
1764848235.9330704,1518.2740953615867,12.27248170459643,13.353312791790813,12.321100404020399
1764848235.9380703,1547.3462076671422,12.956883396487683,15.174644070211798,15.642131564673036
1764848235.9430704,1473.6309095905162,11.382385515142232,13.921777585055679,10.122039230074733
1764848235.9480705,1399.5715407179669,3.3229011106304824,10.970996520016342,10.095859930384904
1764848235.9530704,1552.4530410566367,14.856752573978156,19.93179681384936,17.13061174703762
1764848235.9580705,1617.697465733625,14.052674083504826,11.932150808628649,14.811873774509877
1764848235.9630704,1440.0989665878005,14.800654074642807,16.607025753241032,12.530534801539034
1764848235.9680705,1338.1175046460703,10.454890326131135,8.334367051254958,9.08608694234863
1764848235.9730704,1559.0502245784737,13.229896093253046,13.353312791790813,14.482762578409165
1764848235.9780705,1608.8413826385513,9.792928033974022,16.68556365231052,10.28659482812509
1764848235.9830704,1422.375580697786,16.513528254348785,17.07451324770227,12.556714101228863
1764848235.9880705,1327.43635037262,8.27826855191961,11.659138111863285,8.846733345184475
1764848235.9930704,1566.4178274911828,12.444517102558166,18.67519042873755,18.129165035206825
1764848235.9980705,1658.858804645948,9.42267793836072,20.118791811633855,13.259815292898566
1764848236.0030704,1393.2716792426072,9.774228534195572,13.618845688644797,12.758668698836118
1764848236.0080705,1277.9163350593299,7.391912262421101,11.85361290955916,12.930704096797854
1764848236.0130703,1592.623306480702,13.042901095468551,19.93553671380505,15.013828372117132
1764848236.0180705,1675.8342105448246,11.273928416427225,11.84987300960347,16.135798358824104
1764848236.0230703,1378.8281856137328,12.152804906014353,13.0989995948039,12.160284705925733
1764848236.0280704,1272.6580357216299,13.637545188423246,14.497722178231925,9.770488634239882
1764848236.0330703,1603.3680390533991,7.5863870601169765,20.799453603569418,14.019014983903617
1764848236.0380704,1690.5357572706416,13.278514792677015,14.336906480137259,20.122531711589545
1764848236.0430703,1362.507262207102,18.907064225990325,13.035421295557171,12.511835301760584
1764848236.0480704,1258.8091861857101,6.894505568314344,10.941077320370823,11.89475180907175
1764848236.0530703,1614.8046531178989,10.208056929055601,9.104786442127079,12.197683705482632
1764848236.0580704,1706.6659457795322,15.212043069768697,13.289734492544085,13.51412848988548
1764848236.0630703,1315.205007567536,15.152204670477659,14.72211617557332,11.251489016693085
1764848236.0680704,1185.0546191595495,8.581200448330492,9.684470935259014,7.642485559452325
1764848236.0730705,1657.159020116087,10.095859930384904,19.434390119742602,10.862539421301335
1764848236.0780704,1736.4991277260706,13.48420929023996,17.12313194712624,15.728149263653904
1764848236.0830705,1252.9655925049447,10.365132727194577,13.4692496904172,16.068480159621686
1764848236.0880704,1146.8702406119555,12.818507098127156,14.26210848102346,10.600746424403042
1764848236.0930705,813.1028690664098,11.554420913103968,16.565886853728443,13.86567908572033
1764848236.0980704,896.2651544311084,10.140738729853183,10.911158120725304,17.08947284752503
1764848236.1030705,1194.649332495872,14.965209672693163,14.183570581953973,12.870865697506815
1764848236.1080704,1116.1058235764503,11.715236611198634,13.48420929023996,10.791481322143227
1764848236.1130705,833.5115031246096,7.010442466940731,10.982216219883412,15.86652556201443
1764848236.1180704,859.9694253611378,15.002608672250062,20.29830700950697,16.969796048942953
1764848236.1230705,1116.9155119168572,14.142431682441384,13.394451691303402,13.936737184878439
1764848236.1280704,1105.495727402158,12.792327798437327,5.484563285019249,10.2828549281694
1764848236.1330705,855.2552814669907,12.560454001184553,14.752035375218838,17.661677540745586
1764848236.1380703,869.7829228448682,14.3219468803145,14.71837627561763,15.978722560685128
1764848236.1430705,1050.5472473031841,12.930704096797854,15.208303169813007,13.271034992765635
1764848236.1480703,986.0395829174668,7.83322045719251,9.516175437252969,11.50580221368
1764848236.1530704,912.7899023853242,12.362239303532988,9.164624841418117,12.71004999941215
1764848236.1580703,937.2320185457356,6.584093871992081,15.989942260552198,12.889565197285265
1764848236.1630704,972.7984671243466,11.943370508495718,16.072220059577376,13.46176989050582
1764848236.1680703,958.1661085477099,9.632112335879356,12.605332800652832,14.213489781599492
1764848236.1730704,993.2818991816603,15.0624470715411,17.736475539859384,17.246548645664006
1764848236.1780703,986.8268318581395,14.946510172914714,16.69678335217759,13.360792591702193
1764848236.1830704,925.2063702382147,12.579153500963002,16.550927253905684,10.151958429720253
1764848236.1880703,918.3455237695016,9.673251235391945,15.47757596662268,8.996329343412071
1764848236.1930704,1044.7522723218426,13.712343187537044,19.628864917438477,13.585186589043587
1764848236.1980705,1025.7685401467606,13.181277393829077,11.991989207919687,18.480715631041676
1764848236.2030704,876.249209868256,13.5066486899741,11.240269316826016,14.845532874111086
1764848236.2080705,880.5762741169892,8.704617146868259,11.928410908672959,11.262708716560155
1764848236.2130704,1099.7774203699082,10.073420530650765,18.218922634143382,20.429203507956117
1764848236.2180705,1066.529709763825,11.128072318155318,13.420630990993232,15.46635626675561
1764848236.2230704,839.9609605981968,17.07451324770227,15.339199668262154,17.743955339770764
1764848236.2280705,860.6014684536494,11.135552118066698,11.86109270947054,11.023355119396001
1764848236.2330704,1134.8576819542795,10.365132727194577,17.14183144690469,16.74914195155725
1764848236.2380705,1091.5720798671246,15.5074951662682,18.34981913259253,10.525948425289243
1764848236.2430704,825.4202295704745,10.922377820592374,13.712343187537044,12.728749499190599
1764848236.2480705,851.356435763184,11.244009216781706,12.799807598348707,6.614013071637601
1764848236.2530704,1153.4711640337482,15.791727562900633,13.271034992765635,18.77990762749687
1764848236.2580705,1106.4755811905488,12.769888398703188,11.565640612971038,12.178984205704182
1764848236.2630703,821.2128421203233,11.625479012262076,15.197083469945937,14.587479777168483
1764848236.2680705,840.7575592887588,11.47962291399017,10.615706024225801,11.419784514699131
1764848236.2730703,1157.0577280912548,13.241115793120116,17.025894548278302,14.632358576636761
1764848236.2780704,1123.0956965936348,15.286841068882495,11.258968816604465,15.002608672250062
1764848236.2830703,821.0146274226718,16.199376658070832,17.93095033755526,16.891258149873465
1764848236.2880704,828.2513338369317,10.578307024668902,13.817060386296362,12.867125797551125
1764848236.2930703,1161.4109716396779,8.771935346070677,18.600392429623753,14.811873774509877
1764848236.2980704,1137.6364276213571,11.408564814832062,15.86652556201443,14.763255075085908
1764848236.3030703,807.8426997787319,13.06534049520269,13.547787589486688,9.261862240266055
1764848236.3080704,810.0417609526776,9.0225086431019,14.864232373889536,10.406271626707166
1764848236.3130703,1161.0407215440646,14.67723737610504,14.123732182662934,20.25342821003869
