time,ch1,ch2,ch3,ch4
1764847723.3031328,-214.86473225429654,-145.76447072299197,-153.40882623242214,-148.59183508949354
1764847723.308133,37.33542125765234,-424.30847952282056,-426.35046489862725,-433.8452244098298
1764847723.3131328,-12.188333955593407,3.588434007484466,2.0363755258731544,0.9069257392548025
1764847723.3181329,-206.8725660489872,-151.9970139991492,-160.68854149617255,-154.76453996635973
1764847723.3231328,-176.13058841321617,-592.3739736815915,-604.3042545402423,-599.3788062985986
1764847723.3281329,38.457391244359314,-431.19737524120137,-437.6262632650323,-436.57909127743915
1764847723.3331327,8.627949197776616,5.682777982670814,1.6773451301269233,5.9744901792146266
1764847723.3381329,-201.91719860769808,-134.00809521228075,-146.0692725693807,-139.62916484568268
1764847723.3431327,-179.98642526753247,-585.5336966626346,-595.6015073433518,-596.7945354292169
1764847723.3481328,23.890480916947126,-447.2752051507123,-452.7242393861525,-452.88505508424714
1764847723.3531327,-22.98542512767017,-22.549726782832295,-27.63599072257057,-20.32074640924111
1764847723.3581328,-217.14981112722307,-136.6185453813523,-149.13973043300211,-143.3690648013726
1764847723.3631327,-176.36246221046895,-597.9464246155694,-608.1713110944256,-604.5623076371849
1764847723.3681328,25.958645592443645,-459.91606700094417,-462.3395221722312,-465.25290423771366
1764847723.3731327,-10.711073473095894,-0.8283878401853144,-4.037222002167255,0.925625239033252
1764847723.3781328,-216.9141974300146,-147.16880315635353,-158.67647532001138,-149.64087702706456
1764847723.3831327,-187.3876872798428,-594.4832772566006,-607.4345508031547,-605.9385908208787
1764847723.3881328,25.72303189523518,-415.8376061231829,-420.4451628685929,-419.15863728383556
1764847723.3931327,-11.27579836640507,22.75542128039524,17.04833394801244,24.150403963867575
1764847723.3981328,-210.94531710073352,-176.29888391122222,-188.386240568012,-179.36186197493225
1764847723.4031327,-177.17776040080935,-618.2989601744339,-629.1858089454472,-623.9387293076143
1764847723.4081328,36.445325068198144,-445.4052551728673,-450.02403161814436,-443.8681562910788
1764847723.4131327,-7.419961512088776,4.254136199597269,-3.296721810940653,4.5682877958752215
1764847723.4181328,-217.247048526071,-153.736067478545,-161.7843321831897,-158.42216212302446
1764847723.4231327,-173.8268100405112,-605.5683407252654,-615.9877020018175,-616.4103106968105
1764847723.4281328,33.06445550825447,-432.5998377245851,-437.02039947221056,-437.47292736684904
1764847723.433133,-3.7174605559557676,20.34318580897525,14.393004979472607,19.5839861179702
1764847723.4381328,-209.5428546173498,-149.7343745259568,-162.154582278803,-154.71966116689146
1764847723.4431329,-172.4131278572604,-609.2633618814871,-623.0261937184259,-620.4007839495316
1764847723.4481328,29.37691415194422,-442.57789080636576,-445.17712127557024,-445.70070726936683
1764847723.4531329,-6.406448624096811,23.245348174590617,22.018660989124328,19.310973421204835
1764847723.4581327,-202.34728710260242,-145.90471697133034,-152.4084029942751,-143.1371910041198
1764847723.4631329,-163.4822467630729,-602.4492641622201,-612.0832464480773,-612.5021152431145
1764847723.4681327,34.97180448565632,-422.39365074550733,-424.94800241524354,-428.1568365772255
1764847723.4731328,-1.768972679041326,33.24958055606112,30.39603688986972,31.331011878792197
1764847723.4781327,-184.0516965193674,-148.86671773623675,-165.30731794144958,-156.5148131456226
1764847723.4831328,-141.05780662875623,-619.3797912616283,-627.0278866710141,-629.1633695457131
1764847723.4881327,44.14203917700797,-433.46375461434945,-437.27845256915316,-435.7525733872317
1764847723.4931328,3.384609459899366,38.90430928906426,32.10517116962001,43.055598239880055
1764847723.4981327,-197.4255787609145,-151.19667540863156,-163.01101936865598,-160.19487470202148
1764847723.5031328,-154.5177065692842,-629.2232079450041,-638.1840082388371,-637.4771671472117
1764847723.5081327,44.36643317434937,-428.72530137049034,-427.97358147939667,-428.20171537669376
1764847723.5131328,13.901208135299385,49.66026156162843,45.034005316440016,51.77704493654892
1764847723.5181327,-193.06485541258007,-140.08543264027685,-150.90122331213206,-143.55979969911277
1764847723.5231328,-169.50348569173366,-626.5566592765972,-637.0919574517757,346.34278514655307
1764847723.5281327,34.64269328955561,-434.9372751968913,-434.2566134049557,543.8001530570909
1764847723.5331328,-3.414528659544885,37.26623310847208,32.591358163859695,1016.4262700574473
1764847723.5381327,-200.48107702471316,-149.48754112888128,-160.93537489324808,827.0732653508894
1764847723.5431328,-166.87433602288365,-628.946455348283,-639.0329655287787,338.1337047438137
1764847723.5481327,35.08026158437133,-431.17119594151154,-435.17662879405543,544.0731657538563
1764847723.5531328,1.3201846843585372,49.61164286220446,45.58003070997074,1028.887616709806
1764847723.558133,-212.46371648274362,-145.5456865755841,-160.34821060020477,823.6063780919649
1764847723.5631328,-177.18898010067642,-611.7765746517107,-622.7157820221037,360.2589528816752
1764847723.5681329,33.10559440776706,-418.8183063878678,-417.3373060054146,553.4266555430368
1764847723.5731328,-9.192674091085792,9.04868794279173,5.3312273868359625,988.6126340869814
1764847723.5781329,-212.89380497764796,-182.41362033877522,-192.836721515283,793.9975901427679
1764847723.5831327,-181.02611745521426,-638.5018997350708,-644.1267092684284,336.56668666237965
1764847723.5881329,17.128741797059774,-452.8551358846016,-453.03465108247474,520.9157052282244
1764847723.5931327,-15.393428217619658,-937.10673189722,36.75760671449825,45.22848011413589
1764847723.5981328,-221.71248907316476,-1134.803453404922,-167.60361651424319,-159.41697551123798
1764847723.6031327,-184.98667150828987,-648.9661398110911,-656.14300782606,323.0918271220289
1764847723.6081328,18.688280078582466,-439.23816014593467,-439.4550743433647,538.0930657247081
1764847723.6131327,-17.592489391565323,38.40316269500181,37.412089206743985,1022.9075166806579
1764847723.6181328,-218.9935818053782,-159.78722560685128,-173.17980734817684,819.2194754439406
1764847723.6231327,-180.72318555880338,-643.4759666761383,-655.0546969389543,329.26266204891726
1764847723.6281328,44.35895337443799,-409.1095261028968,-413.12243875535205,567.6644546743482
1764847723.6331327,16.88938819989562,78.69310491764918,74.91206606244668,80.46955739660189
1764847723.6381328,-204.81188117340207,-145.5531663754955,-155.64715635590255,-146.29740646667778
1764847723.6431327,-175.21805282402784,333.23817570181563,323.56679441640154,323.15540542127565
1764847723.6481328,30.58116193767637,565.7384061971679,562.7913650320843,567.728032973595
1764847723.6531327,-2.6029703691601753,1024.3698175633326,1019.2461546240374,1024.3735574632883
1764847723.6581328,-208.79113472625613,819.5149275404401,811.350725937169,817.140091068577
1764847723.6631327,-184.91935330908746,1292.8048767829314,1284.150748285465,1280.0518179340288
1764847723.6681328,24.720738707110286,1510.6559191518463,1505.8426679088734,1508.524176177103
1764847723.6731327,-6.8627164186909795,1031.5092865787446,1022.5335266850889,1030.177882194519
1764847723.6781328,-216.77956103160977,811.7284558326937,797.1278864056803,807.0012222887017
1764847723.683133,-173.6734741423279,326.34554008347914,319.26590946735814,318.71240427391604
1764847723.6881328,25.883847593329847,550.891003373079,545.7523808339611,546.0328733306378
1764847723.6931329,-4.226086949929595,63.4567524981685,59.084809449967,65.79418997047469
1764847723.6981328,-209.59147331677377,-150.86382431257516,-162.5210924744606,-157.221654237248
1764847723.7031329,-162.53231217432767,333.23817570181563,324.7224235027097,328.1668713619001
1764847723.7081327,31.40393992792815,560.756859456189,554.8328579263762,557.6976212924346
1764847723.7131329,-31.482477826997638,1032.4293019678444,1021.9276628922671,1030.129263495095
1764847723.7181327,-224.05366644542664,797.9319648961537,787.8155355160125,795.0559818302281
1764847723.7231328,-178.36704858671874,1284.7453923784196,1277.2693323669955,1280.9232146237046
1764847723.7281327,19.178206972777843,1523.8802053951658,1522.8479930073954,1520.5217752349563
1764847723.7331328,-29.627487448975444,1042.1680014524609,1034.519906043075,1033.9065624503419
1764847723.7381327,-224.35285844188184,818.2396216555499,801.7130037513562,806.8965050899424
1764847723.7431328,-201.23279691580683,1279.5506713399664,1268.338451272808,1271.0910176401958
1764847723.7481327,15.460746416822076,1520.9219445302151,1519.2876082495786,1522.3655459131114
1764847723.7531328,-22.764771030284464,1045.410494714044,1043.84347663261,1047.7067932868376
1764847723.7581327,-221.45817587617785,816.4295100769959,805.3556663081981,809.2563819619827
1764847723.7631328,-185.31578270439059,1293.582775973715,1284.5396978808567,1287.984145740047
1764847723.7681327,12.88769524730742,1540.9902476924472,1537.6318175322376,1536.7192819430493
1764847723.7731328,-31.878907222300768,2012.789846802596,2007.5539868646301,2009.0798660465516
1764847723.7781327,-237.97731398046017,1779.7996894130483,1767.4580195592716,1775.136034168303
1764847723.7831328,-200.52969572413713,2254.4285228396766,2252.4052369636483,2251.043913379777
1764847723.7881327,14.566910327412188,2503.810661735013,2498.443905298598,2500.953378168866
1764847723.7931328,-2.584270869381726,2041.54219766194,2040.397788275499,2038.924267692957
1764847723.7981327,-223.85919164773077,1795.7877617236227,1783.4685312695801,1791.0343488799408
1764847723.8031328,-191.62873382959515,2258.979981085751,2255.3597579286434,2249.562912997324
1764847723.808133,30.072535543702543,2516.7806347813457,2513.485782920383,2510.852893351577
1764847723.8131328,-20.442293157801032,2038.4754796982743,2031.339750582818,2038.8345100940205
1764847723.8181329,-226.50330091640353,1793.9065920459107,1778.2663304312155,1787.5973808206618
1764847723.8231328,-179.10380887798965,2270.5437517487444,2258.198341995012,2261.526852955576
1764847723.8281329,21.33238934725523,2522.483982213773,2511.701850641519,2516.8666524803266
1764847723.8331327,-14.712766425684094,2045.8318629111163,2044.2985039292835,2043.688900236506
1764847723.8381329,-220.24270839057863,1789.5907474970445,1782.2979425834492,1790.753856383264
1764847723.8431327,-187.70557877607644,2261.0967644606717,2246.2755409362726,2251.660996872466
1764847723.8481328,26.418653286993504,2517.659511270933,2514.5628741076216,2511.122166148387
1764847723.8531327,-29.141300454735756,2059.0337097547017,2050.914386950899,2058.0201968667097
1764847723.8581328,-225.16815663222224,1807.6656839828938,1795.3838525284082,1804.224976023659
1764847723.8631327,-178.55030368454754,2232.1162797040306,2218.6825590631925,2221.24439053284
1764847723.8681328,23.39681412279606,2495.3547479351982,2492.187052672729,2490.8556482885033
1764847723.8731327,-14.424794129095972,2037.5218052095734,2036.164221525658,2036.126822526101
1764847723.8781328,-220.77751408424228,1786.4866305338219,1773.8195893839002,1777.3350953422487
1764847723.8831327,-182.32012283988297,2255.6327706254087,2247.7976802182384,2244.846899153199
1764847723.8881328,25.655713696032763,2512.8163408283144,2510.7145170532167,2510.905251950957
1764847723.8931327,-23.961539016105235,2050.0841291607358,2040.094856379088,2049.2688309703954
1764847723.8981328,-220.624178186059,1802.153071448207,1788.9549645045772,1793.5326020503417
1764847723.9031327,-170.83862997591496,2261.407176156994,2250.718542083632,2251.4141634753905
1764847723.9081328,39.601800630800426,2526.4931549662724,2527.308453156613,2528.258387745358
1764847723.9131327,-17.71964599005878,2052.4739252324216,2051.1126016485505,2054.8637213041075
1764847723.9181328,-211.1734509980306,1809.1504242653027,1798.6039063902572,1810.4182503502816
1764847723.9231327,-152.43084239400923,2296.8689075368457,2285.2228590748273,2287.6911930455826
1764847723.9281328,29.7546440474689,2517.9549633674324,2516.402904885821,2513.4296844210476
1764847723.933133,-19.200646372511983,2988.4231580933556,2978.0636352160946,2987.439564405009
1764847723.9381328,-223.41414355300367,2764.4723388967104,2754.972993009258,2758.783951064106
1764847723.9431329,-179.18234677705914,3222.2678826227784,3215.0910146078095,3218.2138310708106
1764847723.9481328,32.29777601733804,3508.865765977185,3506.442310805898,3503.981456635054
1764847723.9531329,-13.852589435875416,3045.5688294162974,3038.515378099866,3042.6965862503275
1764847723.9581327,-206.8800458488986,2785.079187652562,2773.9642049842514,2783.5981872701086
1764847723.9631329,-168.486232903786,3236.060633659363,3225.1513454886153,3227.53366176039
1764847723.9681327,28.793489758856595,3512.691683631856,3505.3913989183493,3510.690837155562
1764847723.9731328,-18.332989582791924,3039.528890987858,3035.6655743336305,3038.3209033021703
1764847723.9781327,-209.47553641814739,2776.249283857178,2763.9898918024264,2768.8255824451335
1764847723.9831328,-181.2692109523341,3236.3523458559066,3226.785681769252,3230.6153393238783
1764847723.9881327,31.8302885228768,3510.6609179559164,3510.847912953701,3509.437970670406
1764847723.9931328,-14.10690263286233,3028.843996814452,3026.588837141171,3031.8882753783837
1764847723.9981327,-223.9190300470218,2765.2165789878927,2755.915447798092,2761.48789873207
1764847724.0031328,-168.99859919771552,3207.8169091939926,3205.206459024921,3206.4331462103873
1764847724.0081327,36.09377447236329,3484.3095828681253,3481.2092058048584,3481.444819502067
1764847724.0131328,-13.370142341591418,3043.4782253410667,3036.675347321667,3044.861988324672
1764847724.0181327,-220.3997841887176,2771.1555401175283,2761.113908736501,2765.1380410888232
1764847724.0231328,-171.95312016271055,3222.525935719721,3212.4244659394026,3211.078101955354
1764847724.0281327,32.71290491241962,3514.6775705083273,3512.6617644322105,3511.435077246744
1764847724.0331328,-18.699499778449535,3052.266990236938,3049.458325370215,3051.3432349478826
1764847724.0381327,-226.83241211250424,2766.035617078189,2754.6812808127142,2758.724112664815
1764847724.0431328,-174.18210053630173,3213.68481222447,3204.529537132941,3205.9020804166794
1764847724.0481327,22.749811430461705,3508.963003376033,3506.0159622109495,3506.4123916062526
1764847724.0531328,-33.0158368088305,3046.922673200257,3039.9328001830727,3041.7803107611835
1764847724.058133,-216.14751793909818,2760.83715613978,2754.288591317367,2756.805543987546
1764847724.0631328,-165.21008054260164,3218.8907529627904,3207.016570603475,3209.039856479503
1764847724.0681329,31.101008031517267,3511.4051580470987,3507.373545894865,3510.230829461012
1764847724.0731328,-11.616129262372851,3069.889398828149,3059.9562245458364,3065.943804374896
1764847724.0781329,-217.41908392403275,2777.9808575366624,2768.9676986434497,2771.3911538147368
1764847724.0831327,-168.1907808072865,3214.664666012861,3202.3678749585524,3199.589129291475
1764847724.0881329,20.419853758066893,3476.3585555623285,3472.528898007702,3474.219332787674
1764847724.0931327,-24.421546710655093,3033.7956243557855,3024.778725562617,3030.4932926949114
1764847724.0981328,-233.76244673039764,2750.6608883603476,2740.7015347783454,2744.9463212280534
1764847724.1031327,-163.90859535802156,3208.4713916862383,3200.6400411790237,3200.019217786379
1764847724.1081328,37.260623258538544,3522.82307261182,3517.4114373759367,3520.953122633975
1764847724.1131327,-11.739545960910618,3076.0938928546384,3072.417571198195,3074.1117458781227
1764847724.1181328,-224.4800150403753,2763.4850053084083,2753.922081121709,2759.7525851526298
1764847724.1231327,-179.39552107453346,3184.053584875539,3178.241780344397,3183.761872678995
1764847724.1281328,11.6722277617082,3493.7378706564195,3488.954538613092,3489.2649503094144
1764847724.1331327,-25.857668293640018,3061.8112149238586,3059.081087956205,3063.0640814090148
1764847724.1381328,-219.60692539811134,2767.1762865646742,2758.675493965391,2762.247098423075
1764847724.1431327,-154.2259943727404,3215.9212723979726,3209.4437656747177,3214.5225498145446
1764847724.1481328,31.04490953218192,3510.2383092609234,3504.789275025483,3505.4100984181277
1764847724.1531327,-17.831842988729477,3064.724596989341,3060.674285337329,3064.2234503952786
1764847724.1581328,-229.84303157683462,2756.8130237874575,2746.412362010684,2750.328037264291
1764847724.1631327,-164.1554287550971,3197.4125075172633,3190.5572708984837,3191.6717610852793
1764847724.1681328,40.091727524995804,3515.863118794281,3517.987381969113,3511.569713645149
1764847724.1731327,-4.4056021478027105,3073.143111789599,3071.119825913571,3077.2233426412567
1764847724.1781328,-221.85834517143667,2764.827629392501,2748.0317386914976,2760.306090346072
1764847724.183133,-163.51590586267412,3188.4479673234746,3178.249260144308,3182.8418572898954
1764847724.1881328,44.26171597559005,3499.3851195895113,3493.9211257542484,3492.238170774188
1764847724.1931329,-12.322970353998244,3090.8777173794806,3084.8265592511743,3092.8336850563064
1764847724.1981328,-221.6189915742725,2771.1891992171295,2758.365082269069,2761.824489728082
1764847724.2031329,-177.1254018014297,3168.5591793591157,3158.8279596744105,3159.5011416664347
1764847724.2081327,27.940792568959296,3499.243003391195,3495.562941834796,3499.198124591727
1764847724.2131329,-19.36894187051803,3077.7469286350533,3074.0556473787874,3075.5366477612406
1764847724.2181327,-220.72515548486263,2759.8049437520094,2748.6862211837433,2751.1657748543657
1764847724.2231328,-164.0020928569138,3194.19619355537,3186.0731308516115,3184.4462743708864
1764847724.2281327,47.5416082367301,3525.369944481645,3521.0802792324685,3522.957709010225
1764847724.2331328,-14.140561732463539,3084.2244353583083,3077.9002645332366,3085.7503145402297
1764847724.2381327,-225.39629052951932,2764.1432277006097,2752.4560403390788,2759.3337163575925
1764847724.2431328,-168.49745260365307,3183.4327614828944,3174.5916379876435,3177.55363875255
1764847724.2481327,31.916306221857667,3506.0758006102405,3503.1212796452455,3500.5145693761297
1764847724.2531328,-11.350596365518868,3070.454123721458,3062.9481445103884,3071.27690171171
1764847724.2581327,-227.50559410452843,2745.68682141928,2728.947029217612,2737.874170411844
1764847724.2631328,-170.32252378202975,3170.5899450350553,3169.5988715467975,3165.6644967934117
1764847724.2681327,27.065655979327857,3518.540887162555,3519.0158544569276,3517.75550817186
1764847724.2731328,-31.84150822274387,3087.2126154229045,3077.83668623399,3083.8841044623405
1764847724.2781327,-215.7735279435292,2752.7140934360214,2743.1736086490564,2747.425874898676
1764847724.2831328,-154.94779506418854,3198.366182005964,3189.7157934084535,3189.057571016252
1764847724.2881327,53.24495566915721,3526.005727474112,3525.186689383816,3522.811852911953
1764847724.2931328,309.46924153342843,638.3336042370647,644.0668708691373,647.3168439306319
1764847724.2981327,115.84714102745056,307.3580680084415,308.6034546936862,309.8974600783549
1764847724.3031328,171.59782966692,742.003631008789,735.6383212842047,733.0241312151775
1764847724.308133,353.0465558171272,1040.322360824328,1044.2118567782454,1040.8422069181688
1764847724.3131328,299.5585066508502,619.757521157153,623.5722191119567,622.9700952190906
1764847724.3181329,102.21146578900516,282.7383066001348,275.0715116909705,281.72479371214285
1764847724.3231328,160.97651379276067,718.2851854898036,713.1914417501539,715.7944121193141
1764847724.3281329,367.4414307465777,1061.3892172747292,1064.2689402406104,1059.7661006939597
1764847724.3331327,316.5600918494165,642.297898190096,646.1799143441021,645.8620228478685
1764847724.3381329,113.71539805270731,300.99275828385726,296.3365828390233,301.8342357738875
1764847724.3431327,169.2977911941707,714.9304952295497,712.2751662610099,711.3813301716
1764847724.3481328,371.1738509023562,1079.0265854657628,1086.9215142722242,1085.6910871868022
1764847724.3531327,310.6024312200025,655.2379520367831,659.7220920836553,662.3400220526382
1764847724.3581328,99.47385902144015,282.5700111021288,280.94315462140366,288.7034470294602
1764847724.3631327,167.73825291264802,717.2342736022547,716.4638542113826,708.6811224035919
1764847724.3681328,365.52660196926445,1074.8042384157889,1079.4865931603126,1073.9365816260688
1764847724.3731327,301.4396763285622,635.5249393703416,638.3971825363114,643.2814918784425
1764847724.3781328,103.22497867699713,282.9664404974319,278.5533585497178,280.7075409241952
1764847724.3831327,166.33953032922,701.9418226834387,699.8736580079421,696.2422151509672
1764847724.3881328,368.3240471361205,1076.6854080935009,1083.3873088140972,1079.5726108592935
1764847724.3931327,309.61509763170034,655.0397373391315,661.0460166679695,663.1067015435547
1764847724.3981328,107.48098482657224,307.47400490706787,306.26601722138,307.3057094090618
1764847724.4031327,182.6754133356735,715.626116621308,721.849310147576,722.645908838138
1764847724.4081328,371.30848730076104,1064.055765943136,1067.578751701396,1060.5626993845217
1764847724.4131327,302.93563631083816,646.1537350444123,649.5720036039129,648.0910032214597
1764847724.4181328,113.59946115408093,306.55398951796815,298.861015309114,305.52177713019773
1764847724.4231327,163.53460536245257,689.5440543303266,687.9097180496901,684.4428307907656
1764847724.4281328,366.3942587589845,1053.0529802734964,1055.5138344443403,1056.785400429275
1764847724.433133,306.0434931740165,653.5811763564125,655.432426834479,659.6959127839655
1764847724.4381328,116.01169662550092,292.1516347886063,284.72793337656185,293.0192915783264
1764847724.4431329,166.7434395244345,697.3118265382946,692.1993832988665,685.6059396769851
1764847724.4481328,364.48690978158265,1075.7878321041353,1079.131302664522,1075.3764431090094
1764847724.4531329,303.68735620193183,651.2063398845494,654.2094795489684,654.4076942466199
1764847724.4581327,99.50377822108567,295.7194993463345,286.4183681565337,295.40534775005654
1764847724.4631329,160.35943030007184,702.0278403824195,704.4213763540611,701.4930346887559
1764847724.4681327,353.41680591274053,1062.5111872614361,1065.7499406230636,1064.3773973393254
1764847724.4731328,300.1007921444252,664.0005376329646,660.7430847715586,663.3236157409847
1764847724.4781327,101.17551350127906,280.62152322521433,276.87040356965736,279.2228006417863
1764847724.4831328,160.65488239657134,691.2232694104314,689.0877865357324,686.2005837699398
1764847724.4881327,369.74520911928266,1090.1378282341175,1090.2537651327439,1088.9634996480308
1764847724.4931328,297.9466097699478,668.0620689848438,667.0448161968961,675.9495179913938
1764847724.4981327,93.09732959698886,278.4112423514016,273.1903420132585,281.3807229162194
1764847724.5031328,160.72220059577376,690.1499181231484,694.0394140770659,691.4065245082602
1764847724.5081327,359.74097673781216,1074.62098331796,1080.230833251495,1079.613749758806
1764847724.5131328,296.97797568142414,636.3925961600617,641.8528500953689,646.6137427389622
1764847724.5181327,95.6741206664592,282.1062635076232,273.69148860732093,277.8203381584026
1764847724.5231328,164.33120405301452,690.9165976140648,688.15281154681,684.4428307907656
1764847724.5281327,367.9126581409946,1091.843222613912,1094.7678243792616,1090.975565824192
1764847724.5331328,310.0751053262502,678.081260966137,680.2017842410132,689.5403144303709
1764847724.5381327,97.787164141424,280.0006998325698,276.27201957674697,281.1114501194097
1764847724.5431328,169.01355879753828,696.7321420451626,696.0253009535372,695.7859473563731
1764847724.5481327,353.22233111504465,1063.3264854517765,1070.9147424618714,1067.7021683999337
1764847724.5531328,286.87276600115,666.9101797984913,672.2170978356153,675.1828385004774
1764847724.558133,112.66822606511414,279.4060557396151,274.4132892987691,285.42729466827586
1764847724.5631328,191.37068073265254,684.4914494901896,680.2541428403929,680.5832540364936
1764847724.5681329,388.46714829746634,1095.8748347661458,1099.1023684279062,1094.173180286307
1764847724.5731328,329.3355900980532,696.3768515493721,703.1722497688606,702.528986976482
1764847724.5781329,116.16129262372851,281.216167318169,277.79789875866845,277.61090376088396
1764847724.5831327,188.74153106380254,680.156905441545,678.2682559639215,677.2248238762841
1764847724.5881329,387.2928197113797,1105.6471933503635,1109.7872626013122,1101.3650079010986
1764847724.5931327,324.62331615388393,698.6020920230076,700.5169208003208,702.2335348799825
1764847724.5981328,120.72771046962589,281.31340471701697,279.6341896369122,281.0029930206947
1764847724.6031327,190.43196584377438,678.9302182560787,679.8016149457544,680.6954510351643
1764847724.6081328,381.23792168311775,1102.4233995885588,1111.6908716787584,1104.7159582613967
1764847724.6131327,310.32193872332573,692.337759597227,690.1686176229268,695.1052855644375
1764847724.6181328,107.24163122940809,262.1464174441062,256.5178680107929,258.30180028965697
1764847724.6231327,171.84092316403985,663.0880020437762,665.043969720602,661.3938273638487
1764847724.6281328,366.97020335216075,1094.9211602774449,1103.567808975,1099.6035150219686
1764847724.6331327,312.1769291013479,699.6305645108223,702.1699565807357,706.6765360273421
1764847724.6381328,109.72492479998618,282.1474024071358,277.49870676221326,280.13907613093033
1764847724.6431327,161.21586738992482,660.2232386777177,654.6283483440056,657.4444930106401
1764847724.6481328,371.79467429500073,1084.2512257038616,1089.1991133452393,1087.4264007662423
1764847724.6531327,308.79979944135994,696.9939350420609,694.3236464736983,698.3664783257991
1764847724.6581328,110.37566739227623,287.20374714722857,282.34935700474307,282.8953823982738
1764847724.6631327,171.55295086745173,662.2091255541891,662.1418073549867,657.8596219057217
1764847724.6681328,381.08458578493446,1106.9150194353424,1111.791848977562,1112.2406369722448
1764847724.6731327,300.1718502435833,694.050633776933,695.4343967605382,695.5465937592089
1764847724.6781328,94.76532497722656,275.6362365842797,273.7737664063461,276.0850245789625
1764847724.683133,166.01415903307498,646.9503337349743,646.8830155357718,643.5358050754294
1764847724.6881328,361.89141921233386,1073.5326724308543,1081.218166839797,1079.385615861509
1764847724.6931329,299.1059787562117,702.8880173722282,703.4078634660691,704.5934117520228
1764847724.6981328,104.84809525776654,290.0759903131984,284.50353937922046,288.0714039369486
1764847724.7031329,167.03515172097832,668.4023998808116,661.1357742669061,658.869394893758
1764847724.7081327,362.56086130440235,1078.8134111682884,1087.9425069601275,1084.004392306786
1764847724.7131329,311.7094416068867,684.1810377938673,685.7330962754786,692.0273479009047
1764847724.7181327,106.99479783233255,269.53645975654945,264.49881451623514,263.1487106322311
1764847724.7231328,173.91656763944775,664.7298181243241,661.7378981597722,667.3851470928639
1764847724.7281327,355.1296800924465,1091.0428840233944,1098.7620375319384,1089.359929043334
1764847724.7331328,297.22854897845536,687.2140966579318,687.8984983498231,691.9600297017023
1764847724.7381327,101.2316120006144,267.20650208415464,260.4447629642673,265.23183490755036
1764847724.7431328,176.8972679041326,671.4017996452749,665.8218689113855,665.6161744138226
1764847724.7481327,365.51912216935307,1089.0121183474548,1093.821629690472,1088.6643076515757
1764847724.7531328,302.804739812389,710.1135040866211,710.741807279177,715.4017226239666
1764847724.7581327,107.98587132059038,279.64540933677927,273.9981604036875,277.5922042611055
1764847724.7631328,178.53534408472478,648.943700411357,646.4267477411777,646.3332502422854
1764847724.7681327,352.2686566263437,1086.476466177497,1091.3906947192736,1092.1536343102343
1764847724.7731328,299.41265055257827,704.9113032482564,704.627070851624,710.1284636864439
1764847724.7781327,114.33248154539615,279.1218233429827,274.5479256971739,276.58243127306923
1764847724.7831328,176.47091930918396,646.580083639361,649.7963976012543,648.2293795198202
1764847724.7881327,373.2943741772324,1106.2829763428308,1107.1468932325952,1108.788709313143
1764847724.7931328,295.6316116973758,713.6065706452355,711.4860473703593,714.1077172392979
1764847724.7981327,101.95341269206256,257.9614693936892,254.73767563188449,255.141584827099
1764847724.8031328,174.48129253275692,628.235874356702,627.9329424602911,624.8288254970685
1764847724.808133,366.56629415694624,1103.1489401799627,1114.2714026481844,1103.9118797709234
1764847724.8131328,300.7328352369368,715.0015533287078,723.345270129852,719.9980596695095
1764847724.8181329,120.12558657675982,264.53621351579204,262.5839857389219,265.75168100139126
1764847724.8231328,166.65742182545364,623.9985677069053,621.5676327357069,620.685016346164
1764847724.8281329,369.1393453264609,1100.5497097107582,1109.7797828014009,1104.8767739594914
1764847724.8331327,303.56393950339407,729.5422843564302,730.0172516508028,734.1648007016629
1764847724.8381329,110.95535188540816,263.49652132811025,253.16317775053903,262.281053842511
1764847724.8431327,174.600969331339,647.653434926644,644.7213533613831,644.2052471674979
1764847724.8481328,372.7371290838346,1106.8140421365388,1110.621260291431,1110.8381744888611
1764847724.8531327,290.37331235967577,705.4311493420973,707.1178442221135,709.0438926992938
1764847724.8581328,99.4925585212186,251.11745247477666,249.96182338846847,250.64622508035973
1764847724.8631327,190.59652144182473,661.2629308653995,658.652480696328,652.9790524635464
1764847724.8681328,373.4402302755043,1128.3446461814456,1135.5065545965917,1132.9970817263238
1764847724.8731327,305.1870560841635,709.8816302893683,715.8056318191811,715.4428615234792
1764847724.8781328,101.44852619804442,253.46236974699423,247.34763331944123,250.64996498031542
1764847724.8831327,162.36401667632163,623.1047316174954,620.2324884515256,617.5285407835618
1764847724.8881328,351.70767163299024,1091.0653234231286,1091.2971972203813,1093.8515488901176
1764847724.8931327,289.75248896703124,718.1206298917532,718.6703951852396,721.8941889470443
1764847724.8981328,105.13980745431036,280.0493185319938,274.79101919429377,278.7403535475023
1764847724.9031327,183.84226212184876,660.7954433709383,665.9602452097461,663.5143506387249
1764847724.9081328,368.00241573993117,1099.9588055177592,1111.937705075834,1102.7749501843937
1764847724.9131327,301.52569402754307,706.3698642309755,706.5381597289816,712.828671454452
1764847724.9181328,100.06476321443915,244.7633624500595,244.66612505121157,247.34763331944123
1764847724.9231327,171.44449376873672,621.3282791385427,619.3162129623815,619.649064058438
1764847724.9281328,365.6612383676693,1101.0022376053967,129.59501326456666,1108.669032514561
1764847724.933133,295.57177329808474,718.255266290158,-262.7373216371052,722.4925729399547
1764847724.9381328,113.03099636081606,255.29492072528228,-729.411387857981,257.4378833998926
1764847724.9431329,182.5669562369585,642.9336811825633,-335.7738278717734,638.5505184344947
1764847724.9481328,380.691896289587,1130.607285654638,-822.929456199985,158.68021521996707
1764847724.9531329,304.62607109081,746.3007760578766,-1214.9027607059106,-230.43206581985578
1764847724.9581327,94.64190827868879,1223.2502174070105,-743.5369899906218,247.73658291483298
1764847724.9631329,161.75815288349986,1592.4699705825187,-372.9409536314197,607.2550356052816
1764847724.9681327,368.04355463944376,1108.6129340152256,-849.5051852851175,135.2908808970824
1764847724.9731328,314.60786407254636,750.5941812070087,-1207.4715794939548,-224.02561719575897
1764847724.9781327,122.837014044635,266.8100726888515,-717.4998064991087,-714.0665783397853
1764847724.9831328,195.01334328949451,644.1341890683398,-339.4838086278178,-342.6328043905087
1764847724.9881327,385.87165772821754,155.78927255421877,-822.8583981008269,-823.3932037944905
1764847724.9931328,303.9154900992289,-258.8403458832763,-1237.5254155378789,-1234.8027683701366
1764847724.9981327,102.49943808559328,230.71255831653252,-753.7207375699654,-753.2046313760802
1764847725.0031328,185.43919940292835,604.7343430351466,-375.65986089920625,-375.7122194985859
1764847725.0081327,388.23527450021356,149.82787202484906,-827.9671014402993,-830.757066807244
1764847725.0131328,287.1420387979597,-241.69664448639378,-1221.5223836274818,-1214.4203136116266
1764847725.0181327,108.99938420858234,235.3874332611449,-752.9577979790047,-750.16783261206
1764847725.0231328,189.3174756569788,625.3935503903776,-360.6740817767568,-363.02273894893005
1764847725.0281327,368.3651860356331,139.82737954333425,-835.7049544486217,-839.7029075012542
1764847725.0331328,301.3760980293155,-229.69156562862918,-1208.2270392850041,-1206.4468469060957
1764847725.0381327,92.18105410784483,242.8335740729235,-739.3819611398503,-738.4432462509722
1764847725.0431328,163.2952517652884,604.2144969413057,-374.384555014316,-379.6091952524148
1764847725.0481327,358.8471406484023,125.57462081220001,-848.7235461943783,-850.9413068681024
1764847725.0531328,292.53497453406453,-237.40697923721746,-1213.5863159215078,-1217.4608522756025
1764847725.058133,117.20846461132169,-727.1711877845228,-735.1745736896992,-735.526124285534
1764847725.0631328,213.0247014760971,-367.58167699491605,-370.633435358759,-373.06437032995746
1764847725.0681329,398.710734276101,-843.6672014542855,-837.631002925802,-841.9618070744909
1764847725.0731328,344.51958391815424,-1200.0852770814672,-1196.0798442289233,-1190.5859311940148
1764847725.0781329,164.9669870454818,-715.1661089267582,-719.5567514747381,-712.2228076616302
1764847725.0831327,247.57389726676047,-354.30877205217257,-359.5221925904043,-356.42181552713737
1764847725.0881329,460.5611997433007,-823.3371052951552,-816.9568359707482,-823.6811760910787
1764847725.0931327,418.5696030408144,-1176.7183821583167,-1175.072826177813,-1169.092726148665
1764847725.0981328,223.9601689465344,-703.5649392642081,-705.6592832393944,-706.4858011296019
1764847725.1031327,293.15205802675337,-362.25231955805793,-360.43846807954833,-367.6078562946059
1764847725.1081328,494.1903801448643,-812.9588829181157,-804.0317417238839,-808.396204972174
1764847725.1131327,421.40444720722735,-1152.8690401408821,-1152.3716334467754,-1147.842614600435
1764847725.1181328,219.2927738018334,-712.948348253034,-723.3265706300735,-713.0268861521035
1764847725.1231327,290.1451784623787,-360.4534276793711,-363.14241574751213,-366.13433571206406
1764847725.1281328,470.1390835298225,-792.7933423570357,-793.6722188466229,-792.198698264081
1764847725.1331327,360.21968393214047,-1193.719967356883,-1191.8051385795698,-1191.2628530859947
1764847725.1381328,150.0747054219246,-725.4807530045509,-733.3270631115884,-729.4824459571391
1764847725.1431327,215.83710624277592,-360.20659428229555,-362.27849885774776,-367.462000196334
1764847725.1481328,428.7271713204682,-795.7516032219864,-792.3482942623086,-790.3025689865462
1764847725.1531327,313.6766289835796,-1183.902729973197,-1177.8291324451566,-1176.9352963557467
1764847725.1581328,99.79923031758517,-743.402353592217,-745.5116571672261,-744.5243235789239
1764847725.1631327,179.8667484689504,-377.1633006813936,-383.5660094055347,-388.14364695129916
1764847725.1681328,355.5709882872179,-829.6911953198723,-825.1060779741965,-831.3891098997556
1764847725.1731327,267.44024583138525,-1184.7255079634488,-1183.962568372488,-1177.5374202486128
1764847725.1781328,66.41314341314137,-738.8583751460537,-744.378467480652,-742.7815301995724
1764847725.183133,142.13489781599492,-400.5152360047214,-403.0209689750336,-405.0966134504415
1764847725.1881328,333.51305834855884,-849.2620917879976,-845.1968205361627,-848.6076092957519
1764847725.1931329,251.25395882315934,-1188.9815141130239,-1187.6127107292414,-1187.2125414339826
1764847725.1981328,54.65115805249661,-755.8076017452404,-763.0330884596333,-757.886986120604
1764847725.2031329,148.32069234270602,-395.96003785869107,-397.3587604421191,-399.325947818812
1764847725.2081327,332.54442426003516,-822.3796909064986,-815.258921390865,-817.0353738698177
1764847725.2131329,254.97889917902648,-1199.6327491868287,-1200.4517872771248,-1191.898636078462
1764847725.2181327,67.31819920241833,-770.0603604763746,-771.7470553563908,-767.5508876061067
1764847725.2231328,154.1511963736266,-399.37082661828026,-399.48676351690665,-401.1285795974545
1764847725.2281327,324.417621656321,-844.5385981439613,-836.8531037350185,-842.4891329682432
1764847725.2331328,262.7541511869058,-1194.1089169522747,-1190.7579665919766,-1186.5617988416925
1764847725.2381327,89.08441694453359,-736.6106952726841,-740.0701027316973,-740.0626229317859
1764847725.2431328,156.35399744752795,-409.9884025924839,-415.2467019301839,-415.2055630306713
1764847725.2481327,342.69825263973325,-829.8856701175682,-828.2027151375078,-830.70844810782
1764847725.2531328,276.0569753292948,-1177.3990439502522,-1175.7647076696157,-1167.3611524691805
1764847725.2581327,80.43776824697852,-757.2063243286684,-759.0164359072223,-756.7874555336311
1764847725.2631328,163.44110786356032,-423.3361055343412,-422.37869114568457,-425.8941971040331
1764847725.2681327,364.89455887675285,-813.2019764152355,-803.788648226764,-808.0820533758961
1764847725.2731328,275.9111192310229,-1162.1028531314805,-1164.4552502036095,-1160.554534549825
1764847725.2781327,76.4435550943017,-775.4757356122136,-780.7676940495148,-783.4753816174343
1764847725.2831328,161.75441298354417,-419.1511574839242,-419.30823328206316,-420.01133447373286
1764847725.2881327,341.40798715502024,-837.9414146221243,-833.9060625699349,-835.2898255535401
1764847725.2931328,279.5500418879092,-1174.9344498794526,-1178.2517411401495,-1170.8093402283266
1764847725.2981327,73.32821843121201,1205.8671624129638,1203.4100481420755,1209.2816910725087
1764847725.3031328,163.0409385683015,1530.5035682166927,1530.331532818731,1527.2947340547107
1764847725.308133,343.1919194338843,1126.0520875086077,1133.2326954235323,1128.4456234802492
1764847725.3131328,258.02691764291376,769.2899410855025,771.8854316547513,769.8658856786788
1764847725.3181329,100.88380130473524,1205.3772355187684,1199.7075471859425,1204.0458311345428
1764847725.3231328,215.35465914849192,1550.399835980963,1553.6161499428563,1549.1955881952308
1764847725.3281329,399.87384316232055,1136.2171355881728,1143.524900101591,1135.3681782982312
1764847725.3331327,371.3720656000078,806.7525189416483,807.7099333303049,810.784131093882
1764847725.3381329,172.21117325965315,1223.0781820090488,1222.4050000170246,1225.3819603817537
1764847725.3431327,246.47810657974333,1571.01042463677,1568.250378469471,1569.0768963596784
1764847725.3481328,444.3562132352963,1173.0289708520286,1181.368947753217,1173.9976049405523
1764847725.3531327,347.3843472842127,796.348117264919,798.072211144492,799.844923723489
1764847725.3581328,134.86827220208943,1183.6895556757227,1180.574219012633,1183.7419142751023
1764847725.3631327,213.00226207636297,1550.665368877817,1550.5456920792349,1546.0877313320525
1764847725.3681328,407.6341355703771,1174.3229762366973,1178.1825529909693,1175.7441382198595
1764847725.3731327,324.36526305694133,822.3703411566094,824.1916724350303,827.2808297984302
1764847725.3781328,118.34165429789573,1226.9901173627004,1222.5583359152079,1227.7380973538384
1764847725.3831327,181.10091545432806,1541.753187283408,1542.4899475746788,1538.7799668186344
1764847725.3881328,384.2111421478912,1156.2218604511581,1159.6625684103929,1158.9145884192549
1764847725.3931327,289.2476024730131,782.4955278290436,785.3902103947476,791.9761742167175
1764847725.3981328,88.29529805388302,1194.673641845584,1189.8641305025667,1192.1192901758477
1764847725.4031327,182.9409462325275,1543.3389048646204,1542.6582430726849,1541.0912249912508
1764847725.4081328,374.6295184614137,1164.4047615542077,1170.9720258763991,1165.7174664386548
1764847725.4131327,286.8802458010614,812.0332576790825,811.9322803802788,819.7224919879809
1764847725.4181328,93.0449709976092,1204.92470762413,1201.4952193647623,1199.677627986297
1764847725.4231327,176.88978810422122,1545.407069540117,1542.5086470744573,1546.7384739243425
1764847725.4281328,370.7250629076734,1153.5440920828842,1155.7207138570957,1159.6999674099497
1764847725.433133,283.7200303385034,797.1596755553037,799.7813454242423,804.5908567672595
1764847725.4381328,74.71572131477296,1162.5105022266507,1161.8709793342277,1159.2119104657322
1764847725.4431329,175.84635601658374,1522.7507556085475,1521.587646722328,1517.039928376209
1764847725.4481328,358.70876435004175,1142.3468316155486,1146.370963967871,1143.8353117979132
1764847725.4531329,280.0212692823261,794.478167287074,792.4586213110015,798.2105874428526
1764847725.4581327,85.78956508357078,1185.3051924565807,1186.363584144041,1188.5065468186513
1764847725.4631329,180.27813746407628,1530.656904114876,1527.0553804575466,1522.3019676138647
1764847725.4681327,393.5571521371603,1191.586354432162,1196.4482243745588,1191.8219681293704
1764847725.4731328,291.67853744421154,816.0573900314048,819.3335423925892,824.8124958276749
1764847725.4781327,87.80911105964333,1186.0643921475857,1180.9631686080247,1178.5397134367377
1764847725.4831328,180.3080566637218,1536.8165193418972,1535.047546662856,1532.5754727921449
1764847725.4881327,381.3650782816112,1165.317297143396,1163.5146653647535,1166.775858126115
1764847725.4931328,290.19005726184696,807.1601680368185,808.7571053178981,812.2539117764682
1764847725.4981327,103.95425916835666,1188.7907792152837,1184.4861543662846,1185.047139359638
1764847725.5031328,185.7870100988075,1531.7227756022476,1529.6508710267954,1526.0044685699977
1764847725.5081327,364.5804072804749,1174.1247615390457,1180.0936418683268,1174.966239029076
1764847725.5131328,287.89375868905336,817.9909183084965,819.7785904873163,827.5538424951956
1764847725.5181327,119.4262252850458,1204.6516949273646,1200.6724413745105,1207.8642689893022
1764847725.5231328,208.60787962842733,1532.3735181945376,1530.9299168116413,1533.0766193862073
1764847725.5281327,378.68357001338154,1150.4063160200603,1149.1945884344168,1149.8228916269727
1764847725.5331328,301.86602492351085,830.1493330644444,833.7695562215522,835.0486020063981
1764847725.5381327,95.61428226716816,1185.469748054631,1177.1222913535312,1184.938682260923
1764847725.5431328,196.03059607744217,1487.2366656293161,1491.290717181284,1485.392894951161
1764847725.5481327,387.4349359096959,1156.9287015427835,1163.7203598623164,1159.2960582147352
1764847725.5531328,286.79048820212483,821.4652853673324,824.2365512344986,828.2158047873527
1764847725.558133,90.82721032388508,1181.3296788036823,1177.8403521450236,1181.2997596040368
1764847725.5631328,199.03747564181685,1523.5062153995968,1518.7341030561365,1519.2726486497559
1764847725.5681329,380.1795299956575,1168.8889016010799,1177.3672548006289,1173.8629685421474
1764847725.5731328,298.38791796471924,836.581960988231,842.2516493210569,845.5128420824185
1764847725.5781329,93.50871859211475,1170.2932340344414,1165.521121690981,1166.6543113775551
1764847725.5831327,190.82465533912182,1514.7997283027507,1518.3152342610992,1514.5379353058524
1764847725.5881329,378.6611306136474,1170.0968892867677,1175.0709562278353,1171.2936572725885
1764847725.5931327,284.774682126008,821.5737424660474,824.3861472327262,826.3458548095077
1764847725.5981328,113.97345114964992,1190.679428692907,1189.003953512758,1188.8693171143532
1764847725.6031327,200.15570572856814,1518.9510172535665,1518.595726757776,1516.9464308773167
1764847725.6081328,385.781900129281,1157.6392825343646,1163.338890066836,1160.9116949955933
1764847725.6131327,301.97822192218155,848.6281787455082,846.4440771713853,848.6580979451537
1764847725.6181328,96.66145425476134,1180.8360120095313,1173.857358692214,1178.3265391392633
1764847725.6231327,195.8323813797906,1518.9547571535222,1518.9248379538767,1517.5074158706702
1764847725.6281328,376.33865274116397,1181.694319049362,1189.4284321577288,1184.3421682179905
1764847725.6331327,281.9099187599495,834.6259933114052,832.9617378311232,836.9746504835784
1764847725.6381328,86.49640617519617,1170.1473779361695,1163.0453079203144,1170.8317796280608
1764847725.6431327,190.87701393850148,1486.623322036583,1485.7107864473946,1483.4182277745567
1764847725.6481328,376.86223873496056,1171.4245537710376,1173.0813294514082,1174.7829839312471
1764847725.6531327,279.3967059897259,830.5981210591272,830.2278709635139,836.2304103923962
1764847725.6581328,94.95979977492243,1177.7692940458655,1173.603045495227,1172.1781436121091
1764847725.6631327,205.08115397021174,1501.7811365569942,1503.6062077353708,1495.7785971281119
1764847725.6681328,380.4787219921127,1177.101721903775,1181.1782128554769,1176.869848106522
1764847725.6731327,299.56224655080587,836.5894407881424,835.4225920019671,843.0968667110428
1764847725.6781328,87.8951287586242,1172.903684203513,1166.6655310774222,1172.1594441123307
1764847725.683133,189.71016515232623,1509.0290626711212,1509.5676082647406,1506.9758575954475
1764847725.6881328,383.04803326167166,1178.2723105899058,1181.2081320551224,1178.3770277886651
1764847725.6931329,299.6707036495209,852.8168666958809,852.2072630031034,854.5970590747893
1764847725.6981328,98.4192072339356,1178.8202059334144,1176.2957734633237,1179.2091555288061
1764847725.7031329,206.71549025084823,1497.682206205558,1501.096734865103,1500.131840676535
1764847725.7081327,382.09061887301505,1166.9366738242097,1170.9645460764877,1168.3017373080365
1764847725.7131329,290.38453205954283,859.3803911181167,861.691649290733,864.7022687550634
1764847725.7181327,92.09877630881965,1170.7869008285925,1164.2645153058693,1168.9132109507918
1764847725.7231328,200.94108471926302,1486.3129103402607,1483.6501015718095,1481.0246918029152
1764847725.7281327,394.4509882265702,1186.170979296323,1194.3015217999928,1192.8018219177611
1764847725.7331328,296.8919579824433,863.1015915740281,861.7963664894924,865.5362664451823
1764847725.7381327,102.88838768098503,1168.9132109507918,1165.3154271934181,1165.076073596254
1764847725.7431328,195.45091158431023,1462.4486087230034,1460.6123178447597,1458.7049688673578
1764847725.7481327,379.27821410633624,1166.1924337330274,1175.0335572282784,1167.9688862119801
1764847725.7531328,279.44158478919417,856.7811606489122,858.1125650331378,859.4813684169203
1764847725.7581327,110.05777589604259,1173.1841767001897,1166.160644583404,1171.8340728161857
1764847725.7631328,196.74865686893463,1473.3130180942826,1471.716080813203,1470.3697168291546
1764847725.7681327,375.64677124936134,1191.017889638897,1197.121406366583,1193.9424914042465
1764847725.7731328,284.509149229154,859.5973053155467,857.1027920451015,859.8890175120905
1764847725.7781327,86.96389366965741,1165.3229069933295,1158.576127473265,1162.0205753324553
1764847725.7831328,207.42607124242932,1507.7350572864525,1507.824814885389,1504.7580969217233
1764847725.7881327,372.83062658272684,1178.4069469883107,1184.940552210901,1178.6724798851646
1764847725.7931328,273.5811615586281,840.6921110395342,842.6106797168031,846.8292868668213
1764847725.7981327,95.22159277182072,1160.7864083470777,1154.4958966216072,1156.8669931935146
1764847725.8031328,187.75045757554471,1477.868216240313,1477.5690242438577,1479.3417368228547
1764847725.808133,377.60647882614285,1196.736196671147,1204.2309561823495,1200.173164730426
1764847725.8131328,288.0957132866606,856.9980748463422,857.013034446165,860.6594369029626
1764847725.8181329,88.90490174666047,1145.6398135265335,1139.2857235018164,1142.270163666457
1764847725.8231328,181.198152853176,1469.9994667335413,1472.40422240505,1469.146769543644
1764847725.8281329,374.0685334680602,1197.8731262576766,1197.5814140611328,1199.365346339997
1764847725.8331327,288.7202765792608,888.1140424776822,889.7147196587175,890.1373283537105
1764847725.8381329,86.29071167763323,1147.0310563100502,1140.074842392467,1143.0480628572404
1764847725.8431327,181.198152853176,1458.787246666383,1460.6908557438292,1457.7587741785683
1764847725.8481328,365.2797685721889,1177.595388697926,1190.7149577424861,1184.9106330112554
1764847725.8531327,275.21923773922026,863.9393291641027,867.7278478192165,869.9007296934724
1764847725.8581328,91.55275091528893,1164.9264775980264,1158.8229608703405,1162.9518104214221
1764847725.8631327,207.5756672406569,1499.7241915813647,1497.285776810255,1494.0208441489376
1764847725.8681328,364.700084079057,1176.3574818125926,1184.2823298186995,1180.6770662614144
1764847725.8731327,268.5696956180036,851.2610683143139,852.4166974006221,855.4198370650411
1764847725.8781328,97.1551210489124,1168.935650350526,1163.5651540141553,1165.0835533961654
1764847725.8831327,200.52221592422575,1491.2832373813726,1486.7130796355195,1489.4731258028187
1764847725.8881328,369.85740611795336,1188.8562274645083,1192.2931955237873,1188.5757349678315
1764847725.8931327,276.14673292823136,863.1240309737623,861.571972492151,864.2833999600261
1764847725.8981328,96.65023455489427,1149.6041074795648,1144.0204368457198,1149.3460543826222
1764847725.9031327,184.792196710594,1473.283098894637,1473.4027756932192,1474.6855613780208
1764847725.9081328,380.75173468887806,1218.9100635084324,1225.510986930225,1220.1479703937657
1764847725.9131327,280.48127697687596,862.8098793774843,867.2902795244008,869.4070628993213
1764847725.9181328,96.65023455489427,1136.0806292397901,1133.7244922677055,1138.8743345066905
1764847725.9231327,217.3966445242986,1491.4777121790685,1492.4687856673263,1488.5119715142064
1764847725.9281328,388.4858477972448,1216.2883936394937,1221.168963081669,1219.2728338041343
1764847725.933133,268.04236972425133,851.223669314757,851.6874169092625,854.4661625763401
1764847725.9381328,85.8942822823301,1124.468239877373,1120.391748925671,1122.3776358021423
1764847725.9431329,197.15256606414914,1477.2099938481115,1481.7165732947178,1477.9691935391165
1764847725.9481328,374.27796786557883,1221.3896171790548,1225.4810677305795,1223.5737187531777
1764847725.9531329,268.3453016206622,843.1941041098908,839.3345273556188,844.5516877938062
1764847725.9581327,93.03001139778644,1136.3386823367327,1131.9742190884426,1133.0139112761244
1764847725.9631329,211.30434749647975,1486.3727487395518,1485.6883470476605,1484.042791067157
1764847725.9681327,390.2884795758873,1218.057366318535,1218.865184708964,1216.5763659360819
1764847725.9731328,279.3518271902576,874.8560971347615,870.4018762875348,879.1233229842037
1764847725.9781327,97.41317414585501,1140.8041228838265,1139.278243701905,1140.5311101870611
1764847725.9831328,207.75144253857434,1438.8685395023786,1438.4234914076515,1437.4847765187733
1764847725.9881327,384.4130967454985,1214.8111331569962,1219.8861773968674,1221.7561273747124
1764847725.9931328,292.8079872308299,903.6009681941941,904.4798446837813,904.2030920870602
1764847725.9981327,95.58436306752264,1131.330956296064,1125.492972465232,1127.1908870451152
1764847726.0031328,203.1663251928985,1444.459689936135,1442.4139646603726,1439.4594436953776
1764847726.0081327,367.49378934595734,1203.0117487967946,1209.7772278166376,1208.2476087347604
1764847726.0131328,290.85949935391545,886.8424764927477,887.381022086367,893.7837308105081
1764847726.0181327,103.28107717633247,1140.4076934885234,1133.0700097754598,1139.7756503960118
1764847726.0231328,202.1341128051281,1477.8345571407117,1476.3311173585244,1474.8052381766029
1764847726.0281327,398.20210788212717,1224.3142189444043,1237.620782986749,1230.2606598739512
1764847726.0331328,269.88988030236214,867.3613376235589,867.6119109205902,873.8500640466809
1764847726.0381327,105.21834535337985,1150.0790747739375,1147.842614600435,1146.5598289156333
1764847726.0431328,201.9134587077424,1432.4658307782374,1432.7650227746926,1426.0818215538748
1764847726.0481327,383.9269097512588,1217.986308219377,1224.1347037465312,1218.59965181211
1764847726.0531328,275.45111153647304,893.1554276179522,892.4934653257951,892.4560663262382
1764847726.058133,102.22642538882792,1126.3755888547748,1118.4582206485793,1126.0090786591172
1764847726.0631328,205.58978036418557,1445.21888962714,1444.6953036333434,1443.5882932464592
1764847726.0681329,384.1139047490433,1218.865184708964,1225.3950500315987,1220.8996902848594
1764847726.0731328,281.0983604695648,896.6185749769211,896.4614991787821,902.7520109042525
1764847726.0781329,114.69151194114238,1144.5215834397823,1138.627501109615,1141.1033148802817
1764847726.0831327,240.5989838493988,1476.129162760917,1474.924914975185,1476.8584432522766
1764847726.0881329,389.4769212855026,1223.3942035553046,1232.7140342448838,1230.5785513701849
1764847726.0931327,295.49323539901525,897.8901409618556,897.1758200703189,902.0152506129816
1764847726.0981328,105.01639075577259,1137.7935034194961,1137.239998226054,1137.1876396266744
1764847726.1031327,203.2037241924554,1464.576611797791,1461.730547931511,1461.9736414286308
1764847726.1081328,405.1882409993559,1239.1578818685375,1242.276958431583,1242.299397831317
1764847726.1131327,300.72161553706974,891.1022225422785,897.2842771690339,903.1297407997772
1764847726.1181328,105.30436305236071,1134.4724722588435,1126.9590132478625,1126.5139651531354
1764847726.1231327,231.89623665250838,1454.3068465194665,1454.976288611535,1454.4751420174725
1764847726.1281328,389.46570158563554,1210.2783744107,1211.4078241973184,1214.3399057625793
1764847726.1331327,295.94202339369804,896.5288173779845,897.5984287653118,902.5986750060692
1764847726.1381328,100.24427841231227,1119.6662083342671,1113.4392749080434,1115.241906686686
1764847726.1431327,216.72720243223011,1449.82644637255,1452.900644136127,1446.942983506713
1764847726.1481328,400.5619847541675,1240.6688014506362,1245.5867698923685,1245.930840688292
1764847726.1531327,269.6467868052423,887.5829766839743,890.2906642518938,889.3257700633258
1764847726.1581328,107.91855312138796,1132.6548808803782,1126.360629254952,1130.3137035081163
1764847726.1631327,216.4728892352432,1452.6276314393617,1452.5453536403365,1450.8474390604533
1764847726.1681328,398.9388681733981,1229.6323566813953,1239.778705261182,1231.3190515614115
1764847726.1731327,287.3926120949909,912.8721801843494,912.8721801843494,912.4533113893121
1764847726.1781328,82.03470552805811,1121.9176281075925,1117.2277935631573,1117.859836655669
1764847726.183133,226.4397226171568,1480.314110811334,1480.9872928033583,1476.3423370583914
1764847726.1881328,392.36038415133953,1258.8297556354664,1261.5299634034745,1255.7031992725097
1764847726.1931329,273.21465136297047,885.125862413086,884.329263722524,888.6638077711686
1764847726.1981328,96.99056545086205,1087.6638844134286,1081.7398828836158,1086.9084246223792
1764847726.2031329,217.62103852164,1435.6447457405739,1440.1737645869143,1440.0765271880664
1764847726.2081327,383.75861425325274,1245.1978202969767,1246.9406136763282,1242.348016530741
1764847726.2131329,266.3519349442795,909.524969724007,912.165339092724,915.8641001489013
1764847726.2181327,69.68555587437004,1097.3277858989313,1089.4104176927358,1095.7345885178074
1764847726.2231328,199.12349334079772,1426.055642254185,1427.9442917318083,1422.521436796058
1764847726.2281327,376.64906443748623,1222.9641150604002,1226.8124721148051,1228.1962350984104
1764847726.2331328,262.55593648925424,898.6231613531709,900.5604295302182,906.5667088590562
1764847726.2381327,60.86687177885324,1102.3093326399103,1101.2920798519626,1106.1502098944038
1764847726.2431328,213.3201535725966,1437.6829912164249,1436.8564733262174,1430.023676107172
1764847726.2481327,419.73271192703396,1266.8294016406871,1270.9657309916802,1272.7384435706772
1764847726.2531328,278.84694069623947,902.5911952061579,896.5849158773199,906.6602063579485
1764847726.2581327,88.28033845406026,1111.068178336136,1102.4589286381379,1101.6810294473544
1764847726.2631328,227.29989960696548,1433.4943032660522,1432.8173813740723,1433.9393513607793
1764847726.2681327,397.2259939936921,1250.2691246368922,1258.8260157355107,1257.2702173539437
1764847726.2731328,288.0321349874139,926.1637846268713,926.9566434174776,933.5500870393589
1764847726.2781327,81.95990752894431,1102.2868932401761,1094.317166434601,1097.5110409967601
1764847726.2831328,200.133266328834,1421.1638531121425,1425.6405133591034,1427.779736133758
1764847726.2881327,393.01860654354095,1248.0139649636112,1253.4405597993173,1251.4397133230232
1764847726.2931328,293.518568222411,928.5834998982027,926.0740270279348,934.9637692226097
1764847726.2981327,101.41486709844321,1091.9423299627379,1087.7611218122765,1091.8151733642444
1764847726.3031328,211.2071100976318,-552.6655859020539,-549.2435774425976,-553.1125039467588
1764847726.308133,398.0861709835008,-706.9327191743068,-705.4255394921638,-701.6014917874709
1764847726.3131328,275.7877025324851,-1031.2774127814919,-1029.15314960666,-1027.0644154814072
1764847726.3181329,114.15296634752303,-836.9896100834012,-842.5919802170247,-845.2080402360298
1764847726.3231328,177.66020749509335,-561.7423230945133,-559.4946432211436,-564.7622923087329
1764847726.3281329,383.83341225236654,-716.398405962158,-711.1775056240149,-714.059098539874
1764847726.3331327,279.1648321924731,-1032.7284939642996,-1033.0912642600015,-1030.9426917354576
1764847726.3381329,96.57917645573616,-850.801060619764,-850.5579671226442,-850.017551579047
1764847726.3431327,202.85591349657625,-540.5408302457072,-539.1795066618361,-544.4583754492924
1764847726.3481328,387.3601379105821,-719.4052855265327,-712.2508569112979,-718.7526729842648
1764847726.3531327,268.0498495241627,-1041.2816451629624,-1040.1559352762997,-1035.18373828521
1764847726.3581328,89.27889174222946,-853.9313568826765,-854.7017762735486,-856.7755507989787
1764847726.3631327,195.52196968346834,-537.612488580402,-537.4105339827947,-535.6733504533768
1764847726.3681328,390.2174214767292,-715.5120496726595,-710.9605914265849,-714.8893563300371
1764847726.3731327,255.94379336759448,-1065.8864469714463,-1059.9736651415005,-1058.591772107873
1764847726.3781328,82.73780671972781,-873.1245234552771,-875.7648928239942,-877.853626949247
1764847726.3831327,199.64333943463862,-561.4057320985012,-561.5478482968174,-565.9852395942435
1764847726.3881328,368.08843343891203,-725.4040850554593,-716.1740119648166,-719.6315494738519
1764847726.3931327,263.61806807667017,-1035.6942346291617,-1033.0763046601787,-1030.7108179382049
1764847726.3981328,85.66614838503301,-852.3269398016855,-860.7005758024752,-854.3894946272485
1764847726.4031327,215.90068454202265,-527.9934658943675,-528.9733196827583,-526.2301030652598
1764847726.4081328,399.9224618617445,-687.103769609239,-684.5232386398129,-682.7523960107937
1764847726.4131327,267.54870293010026,-1049.8048771619797,-1050.9418067485094,-1046.7437690482475
1764847726.4181328,90.91322802286595,-870.061545391567,-874.669102136977,-872.5616685119458
1764847726.4231327,211.52126169390976,-542.6089949212037,-544.7220383961685,-545.2474943399429
1764847726.4281328,374.1321117673069,-703.8772209105082,-701.4388061393984,-703.1572901690379
1764847726.433133,264.80735626257956,-1025.7012219475582,-1021.6247309958562,-1019.9735651654191
1764847726.4381328,80.30687174852937,-886.0608374020085,-892.1531344298273,-889.2042233147658
1764847726.4431329,206.07222745846957,-556.1062938612886,-549.8644008352421,-556.5045932065696
1764847726.4481328,387.1768828127533,-698.4057472753339,-692.9380135401152,-695.7709877565503
1764847726.4531329,264.1229545706883,-1017.1368510490283,-1022.8327186815441,-1018.7057390804403
1764847726.4581327,90.95810682233423,-867.9971206160262,-871.3592906761914,-870.7178978337906
1764847726.4631329,215.79222744330764,-542.0891488273628,-543.0615228158422,-545.8645778326318
1764847726.4681327,380.60213869065046,-717.9242851440795,-708.7241312530823,-716.217020814307
1764847726.4731328,287.0672407988459,-1032.21612767037,-1034.8078783396631,-1026.6343269865029
1764847726.4781327,89.25271244253963,-865.5923649445176,-871.015219880268,-867.2323110750876
1764847726.4831328,214.7674948554486,-549.6549664377235,-550.481484327931,-550.9845008719712
1764847726.4881327,386.46256192121655,-693.7869708300568,-691.2363590602763,-691.4701028075069
1764847726.4931328,265.8582681501284,-1024.9233227567747,-1024.377297363244,-1020.7290249564685
1764847726.4981327,93.73311258945614,-866.9761279281229,-870.4280555872247,-866.5516492831521
1764847726.5031328,220.7363751847297,-553.2677097949199,-551.0948279206641,-554.7655397271737
1764847726.5081327,373.83291977085173,-731.3131269854493,-723.1900642816909,-728.3193370709196
1764847726.5131328,256.673073858954,-1047.6955735869706,-1047.9648463837802,-1043.276881789323
1764847726.5181327,78.65009606815875,-869.145269902423,-874.3699101405218,-872.4793907129206
1764847726.5231328,182.95216593239456,-537.9752588761039,-537.5900491806678,-545.9057167321444
1764847726.5281327,403.811957815662,-681.0600912808441,-674.825678054709,-674.2740428112447
1764847726.5331328,286.49503610562533,-1028.2817529169843,-1022.615804484114,-1024.2707102145068
1764847726.5381327,115.43575203232467,-865.8130190419033,-872.8253314588219,-869.0723418532871
1764847726.5431328,214.30748716089875,-546.0646624802612,-544.6173211974092,-547.4502954138443
1764847726.5481327,425.6155745573342,-660.341045526322,-659.2751740389504,-659.5911955852062
1764847726.5531328,326.54562473110855,-1017.5370203442872,-1016.3664316581562,-1013.402560943272
1764847726.558133,109.33597520459443,-863.4868012694642,-870.2522802893072,-868.1822456638329
1764847726.5631328,245.13174259569496,-543.3794143120758,-541.9956513284706,-547.9252627082169
1764847726.5681329,409.43676734901965,-693.1885868371464,-690.5968361678533,-695.0230077654123
1764847726.5731328,299.75298144854605,-997.4874166818336,-1003.0748272156343,-997.0143193374388
1764847726.5781329,87.54357816278934,-882.8071244405583,-883.7233999297023,-884.6452852687798
1764847726.5831327,218.35405891295522,-565.0558744552545,-570.6732041887008,-568.0571441696957
1764847726.5881329,394.6716423239559,-683.6032232507132,-677.4398681237362,-677.7409300701693
1764847726.5931327,268.6931123165414,-1001.2609757371247,-1000.3671396477148,-997.4369280324318
1764847726.5981328,90.12784903217107,-867.0621456271037,-870.7048081839457,-867.722237969283
1764847726.6031327,200.37261992599815,-568.8219537106343,-568.0178752201609,-572.1747740209103
1764847726.6081328,383.2238085595891,-678.0756511162035,-672.7687330790795,-674.6517727067694
1764847726.6131327,255.25191187579185,-1014.46282258071,-1015.042507073842,-1010.9267471726052
1764847726.6181328,79.25595986098051,-899.5132575426251,-907.497943948023,-904.5864318325184
1764847726.6231327,196.84215436782688,-580.0229540779255,-579.8733580796979,-584.1013149796054
1764847726.6281328,397.80567848682404,-687.7096334020607,-679.3060782016255,-683.4180982029065
1764847726.6331327,285.9190915124491,-995.1798984091729,-995.0751812104136,-991.4269088036381
1764847726.6381328,99.35792212281376,-883.3568897340447,-886.958413391374,-884.028201776091
1764847726.6431327,229.16610968485475,-550.8442546236329,-552.9834773982875,-554.3354512322694
1764847726.6481328,386.8851706162095,-678.2476865141653,-672.8547507780604,-671.846847740002
1764847726.6531327,267.4252862315625,-1001.2721954369918,-1002.9663701169193,-1001.9285478792153
1764847726.6581328,85.03410529252142,-888.0766434781253,-892.6767204236239,-890.9245772943832
1764847726.6631327,207.3924121428281,-575.8492257273756,-574.6150587419979,-578.461545846425
1764847726.6681328,392.2668866524473,-678.2589062140323,-674.8181982547976,-672.1161205368116
1764847726.6731327,248.3742358572781,-990.9538114592433,-990.8341346606612,-989.3924032277428
1764847726.6781328,69.65937657468021,-895.8032767865807,-901.9329728139564,-897.1402910207398
1764847726.683133,215.1040858514607,-573.0742199602537,-572.0420075724833,-571.4342738296837
1764847726.6881328,388.39235029835254,-651.0399143365212,-647.8348200744949,-646.2210532436147
1764847726.6931329,256.70299305859953,-1033.6298098536208,-1038.0615913011134,-1029.9216990475543
1764847726.6981328,71.8509579487145,-934.8777515236288,-937.1964894961566,-937.396574143786
1764847726.7031329,220.29880688991398,-571.8138736751862,-567.546647825744,-572.8741353126243
1764847726.7081327,390.3744972748682,-678.636636109557,-672.895889677573,-672.1497796364129
1764847726.7131329,262.66065368801355,-1006.0555274803191,-1002.4951427225024,-1003.8396367565729
1764847726.7181327,97.27479784749448,-890.0475707547739,-897.1832998702303,-891.1975899911486
1764847726.7231328,228.68366259057075,-588.037559682969,-588.1347970818169,-598.2456166120246
1764847726.7281327,384.2522810474038,-681.5724575747736,-668.3893102309667,-672.015143238008
1764847726.7331328,267.51504383049905,-992.9434382356703,-993.0406756345183,-989.6990750241093
1764847726.7381327,93.84156968817115,-893.5742964129895,-894.7299254992977,-894.4961817520671
1764847726.7431328,217.3629854246974,-583.4861014368944,-586.7398143983446,-588.6901722252369
1764847726.7481327,398.3442240804434,-669.9338889126666,-663.2020689924248,-666.1621998073533
1764847726.7531328,269.4635317074135,-997.7192904790863,-995.6212066039443,-991.4867472029291
1764847726.7581327,90.88330882322043,-897.4899716665968,-901.7609374159947,-897.9032306117006
1764847726.7631328,212.53851448185742,-588.6808224753477,-588.5948047763668,-587.9347124341875
1764847726.7681327,391.7732198582962,-677.7353202202357,-674.8069785549305,-679.4164052503183
1764847726.7731328,257.70154634676874,-995.5538884047419,-993.7587364260107,-987.4850542503409
1764847726.7781327,93.44140039291233,-903.4364125961438,-907.3109489502385,-901.4299562699161
1764847726.7831328,223.5861789509654,-597.0394988763146,-600.3380906372331,-604.270595440641
1764847726.7881327,385.38921063393354,-661.3695180141367,-659.7763206330128,-656.3187831239775
1764847726.7931328,262.87756788544357,-979.259144297801,-980.392333984375,-974.6534575023688
1764847726.7981327,94.23425918351859,-916.3802063427866,-919.4394445065409,-917.8331574755721
1764847726.8031328,245.91338168643415,-583.3776443381794,-575.856705527287,-587.7776366360486
1764847726.808133,423.9139200774953,-656.3617919734679,-648.713696564082,-651.1689408849925
1764847726.8131328,281.37885296624154,-961.6516953064129,-966.7903178455308,-957.8463471014984
1764847726.8181329,101.18673320114613,-883.0576977375895,-893.3611221155152,-885.5466011581011
1764847726.8231328,233.34731783531606,-608.9136812356301,-609.1754742325284,-606.671611212194
1764847726.8281329,397.54762538988143,-677.3800297244452,-672.727594179567,-677.864346768707
1764847726.8331327,272.6835855692625,-977.9539192132652,-972.6956198755652,-977.3087864709087
1764847726.8381329,92.8579759998247,-897.7181055638939,-904.7341578807682,-903.2961663478054
1764847726.8431327,229.850511376746,-597.7426000679843,-595.9549278891645,-598.1296797133982
1764847726.8481328,399.1221232712269,-661.0217073182575,-657.7418150571175,-661.7790370592847
1764847726.8531327,256.9086875561625,-973.1182285705581,-970.1450081057847,-970.659244349692
1764847726.8581328,91.47047311626375,-904.2217915868387,-906.3610143614933,-902.80623945361
1764847726.8631327,240.17263525445014,-595.6968747922219,-595.6781752924435,-598.5111495088786
1764847726.8681328,384.9217231394723,-672.4994602822699,-669.2008685213514,-670.9567515505478
1764847726.8731327,254.50767178460956,-1005.1803908906877,-1004.4810295989737,-997.6426225299947
1764847726.8781328,92.18853390775621,-921.7806218788028,-930.1505179796368,-925.6682478827424
1764847726.8831327,227.85714470036328,-603.4945661998354,-605.6898874738254,-605.2953280285001
1764847726.8881328,396.76972619909793,-658.2579212510027,-649.5065553546883,-649.8150971010327
1764847726.8931327,265.8620080500841,-962.2276398995891,-961.733973105438,-954.9404448359273
1764847726.8981328,92.4129279050976,-892.5383441252634,-891.831503033638,-890.0868397043087
1764847726.9031327,233.93448212835938,-612.2870709956624,-611.6587678031065,-613.3061937335879
1764847726.9081328,379.93643649853766,-683.1282559563406,-677.7016611206345,-682.5990601126105
1764847726.9131327,269.6056479057297,-969.344669515267,-971.1884401934221,-967.6635844851844
1764847726.9181328,76.91852238867432,-904.0235768891871,-909.4389520250261,-906.5461394092999
1764847726.9231327,207.33631364349276,-612.6872402909212,-610.9519267114811,-615.5389140071347
1764847726.9281328,381.78768697660416,-663.2020689924248,-655.1126653882675,-662.1231078552082
1764847726.933133,271.59153478220105,-969.0492174187675,-966.6444617472589,-962.4726033466868
1764847726.9381328,89.43222764041275,-909.7306642215699,-916.3914260426536,-912.9787673330866
1764847726.9431329,222.16501696780324,-606.695920561906,-607.140968656633,-611.8476327508688
1764847726.9481328,400.4198685558513,-636.1812918125652,-630.9603914744221,-638.7973518315703
1764847726.9531329,267.40284683182836,-967.0633305422962,-965.2120800642297,-961.698444055859
1764847726.9581327,86.01769898086786,-910.6693791104481,-922.0274552758783,-913.588371025864
1764847726.9631329,224.96994193457067,-626.547309526708,-624.5763822500594,-629.0997912464663
1764847726.9681327,395.90954920928925,-631.9365053628571,-626.8689409228973,-627.5739120645449
1764847726.9731328,252.11413581296802,-954.9909334853292,-953.1658623069525,-949.7906025969423
1764847726.9781327,103.59522877261043,-942.8624379290268,-949.4484017509967,-946.3648542375304
1764847726.9831328,207.04460144694895,-636.7460167058744,-639.9810301675461,-639.0516650285572
1764847726.9881327,379.510087903589,-646.8100874866359,-640.067047866527,-638.0755511401221
1764847726.9931328,252.4507268089801,-974.9059007493779,-976.1812066342682,-972.1477245320566
1764847726.9981327,82.43861472327262,-922.5697407694533,-925.8870320301503,-927.9234075560234
1764847727.0031328,224.46131554059684,-618.7832772186957,-619.6584138083272,-618.1493641762063
1764847727.0081327,392.9325888445601,-642.479283337947,-639.2180905765854,-641.164708503522
1764847727.0131328,260.99639820773154,-964.3668626742437,-960.5858238190413,-962.8278938424774
1764847727.0181327,86.1149363797158,-926.0702871279791,-933.1087788445875,-929.894334832672
1764847727.0231328,219.31521320156753,-612.2234926964156,-617.104062138591,-618.9310032669455
1764847727.0281327,376.6902033369988,-652.0085484250449,-650.3592525445856,-652.2834310717881
1764847727.0331328,255.87647516839206,-960.3950889213011,-959.8303640279919,-960.3745194715448
1764847727.0381327,80.1871949499473,-918.9981363117695,-921.9115183772519,-918.8242309638299
1764847727.0431328,248.1535817598924,-591.571765141096,-594.1971749099903,-593.8811533637345
1764847727.0481327,393.1158439423889,-645.8788523976691,-645.1907108058222,-640.8916958067566
1764847727.0531328,269.92727930191904,-949.9196291454136,-949.8410912463441,-946.525669935625
1764847727.058133,93.01879169791937,-915.374173254706,-921.4365510828793,-918.8990289629437
1764847727.0631328,209.78220821451396,-632.4675711565651,-629.5130501915701,-633.2361205974594
1764847727.0681329,391.31695206370205,-631.4091794691049,-624.5165438507684,-620.5840390473604
1764847727.0731328,256.5720965601504,-938.711148978211,-930.9845156697556,-928.8957815445028
1764847727.0781329,75.80777210183442,-976.5626764297485,-979.7266317922622,-980.0164740388282
1764847727.0831327,222.60258526261896,-644.8242006101646,-642.8158743339591,-641.1011302042753
1764847727.0881329,381.63809097837657,-659.5968054351397,-658.6132117467932,-653.3867015587166
1764847727.0931327,269.0558826122433,-947.1072243787348,-948.214234765619,-944.3453082614578
1764847727.0981328,78.66131576802582,-928.6171589978039,-932.6861701495945,-931.667047411669
1764847727.1031327,226.39484381768852,-632.7667631530203,-630.2161513832398,-634.2832925850525
1764847727.1081328,396.6425696006045,-631.8205684642307,-627.4673249158077,-627.2971594678238
1764847727.1131327,260.0950823184103,-953.1509027071297,-951.0191597323865,-950.699398286175
1764847727.1181328,74.78677941393107,-940.0425533624366,-944.0816453145817,-944.5435229591094
1764847727.1231327,219.46480919979513,-621.4610455869697,-621.3226692886092,-622.3567516263574
1764847727.1281328,392.24070735275745,-632.239437259268,-625.5038774390705,-628.7033618511632
1764847727.1331327,269.37377410847694,-967.4074013382196,-970.683553699404,-969.1146656679921
1764847727.1381328,85.80078478343785,-942.7689404301345,-946.5836383849382,-947.479344424326
1764847727.1431327,223.49642135202885,-630.2198912831955,-629.9880174859427,-632.9070094013587
1764847727.1481328,406.8973752791062,-627.3102491176687,-626.3977135284804,-626.9605684718117
1764847727.1531327,268.10968792345375,-938.3034998830408,-936.3624918060377,-933.5257776896469
1764847727.1581328,99.1597074251622,-922.9811297645792,-927.5251082107425,-926.2180131762289
1764847727.1631327,228.72854139003903,-623.712465360295,-631.2782829706557,-627.3420382672921
1764847727.1681328,393.9274022327736,-641.8696796451695,-632.8864399516024,-639.0928039280698
1764847727.1731327,258.35976873897016,-956.5878707664087,-955.7950119758025,-958.5307487933896
1764847727.1781328,85.97282018139958,-917.4423379302025,-923.1718646623194,-916.0866241962649
1764847727.183133,213.57072686962783,-640.5569747607224,-640.8636465570889,-639.391995924525
1764847727.1881328,390.90182316862047,-628.0769286085851,-624.834435347002,-626.306085979566
1764847727.1931329,230.067425574176,-952.6684556128457,-949.8934498457238,-946.948278630618
1764847727.1981328,67.28080020286143,-956.6776283653453,-963.2598522873595,-955.7781824260019
1764847727.2031329,204.18357798084617,-682.0362051692791,-673.6999681680463,-678.5861474601552
1764847727.2081327,366.67849115561694,-636.6076404075138,-627.9273326103576,-632.5255396058783
1764847727.2131329,236.30557870026678,-947.3091789763421,-945.1886557014659,-940.8372821030207
1764847727.2181327,68.48878788854927,-941.1458238493651,-945.3270319998264,-939.8125495151617
1764847727.2231328,215.71742944419384,-629.9506184863858,-625.9751048334874,-629.0249932473525
1764847727.2281327,384.5888720434159,-625.5562360384502,-622.9906646688469,-624.7241082983091
1764847727.2331328,257.7239857465029,-934.1596907321364,-934.8066934244707,-931.4463933142833
1764847727.2381327,88.8562830472365,-949.3212451525033,-960.3464702218771,-953.485623753164
1764847727.2431328,214.135451762937,-650.7781213396229,-648.2424691696651,-653.1024691620842
1764847727.2481327,382.2925734706223,-624.9877712451853,-621.2029924900271,-628.3218920556828
1764847727.2531328,259.8220696216449,-938.9505025753751,-937.3797445939854,-934.4607526785694
1764847727.2581327,87.33414376527071,-941.9349427400157,-946.3966433871537,-945.9572051423602
1764847727.2631328,221.41329707670957,-640.9908031555824,-638.5262090847827,-648.7043468141928
1764847727.2681327,396.4480948029086,-635.9830771149136,-630.2647700826637,-627.704808562994
1764847727.2731328,269.9384990017861,-937.1329111969098,-935.9137038113549,-929.1575745414011
1764847727.2781327,95.07573667354882,-939.3955506701022,-946.6023378847167,-937.1273013469763
1764847727.2831328,229.90286997612566,-630.1787523836829,-632.613427254837,-631.889756613411
1764847727.2881327,400.32263115700334,-628.1218074080534,-615.8923345529474,-619.8958974555135
1764847727.2931328,284.6849245270714,-904.4723648838699,-903.9599985899404,-903.2400678484701
1764847727.2981327,88.3775758529082,-964.4042616738006,-976.3794213319197,-972.1813836316578
1764847727.3031328,238.8225313704461,-654.8920112908818,-653.0632002125494,-658.1176750026643
1764847727.308133,391.8349282075651,-631.9458551127464,-621.4442160371691,-626.1284407316707
1764847727.3131328,270.1535432492383,-916.2810989939608,-915.5892175021581,-911.8100485969335
1764847727.3181329,100.79591365577653,-940.351095108781,-944.8763740551658,-939.9565356634557
1764847727.3231328,240.88134629605338,-649.908594599925,-652.537744268775,-656.1299181762151
1764847727.3281329,415.90118442242965,-620.7074557458982,-614.0354742249474,-617.2985369362868
1764847727.3331327,276.65722927218303,-921.1205295366235,-922.5042925202288,-919.8096946021542
1764847727.3381329,108.09245846932754,-940.0780824120156,-943.1522801755928,-943.5094406213611
1764847727.3431327,237.38453983748332,-636.2616996616125,-630.9547816244885,-637.5089562968351
1764847727.3481328,415.97224252158776,-605.5309417257085,-598.7879021055996,-603.7152202972211
1764847727.3531327,281.02917232038453,-925.1783209885471,-928.9930189433508,-919.4693637061864
1764847727.3581328,111.77999982563779,-941.2898099976592,-944.8801139551215,-940.809232853353
1764847727.3631327,239.69579801009968,-640.4503876119852,-643.793858172372,-643.2571825287305
1764847727.3681328,405.63889894401655,-615.6361514059827,-612.8162668393925,-612.6087023918517
1764847727.3731327,252.63585185678676,-937.505031242501,-934.5318107777275,-934.4663625285029
1764847727.3781328,107.17244308022782,-947.913172819186,-949.7158045978285,-953.3715568045154
1764847727.3831327,234.9423851664178,-655.6418612319976,-654.5311109451577,-655.5502336830832
1764847727.3881328,390.03229642892256,-615.8642853032798,-613.5717266304418,-612.1337350974791
1764847727.3931327,246.40517853060737,-913.0199062325992,-913.7903256234713,-907.2698100507259
1764847727.3981328,71.92014609789476,-970.6368049499579,-972.7087095254101,-968.1217222297564
1764847727.4031327,237.0217695417814,-664.8943737223744,-664.1202144315466,-670.049825811293
1764847727.4081328,383.1658401102759,-625.4346892898902,-620.6139582470059,-618.020337627735
1764847727.4131327,248.34992650756612,-911.2658931533806,-913.6781286248006,-909.6745657222345
1764847727.4181328,83.1323661650531,-979.5527264443226,-982.9522955040447,-985.433719124645
1764847727.4231327,218.03429746674374,-666.5548893027008,-666.0350432088599,-672.8659704779275
1764847727.4281328,408.2082102135755,-605.2915881285444,-598.8963592043146,-601.7368132206611
1764847727.433133,258.20456289080903,-922.5716107194312,-920.9597138385288,-914.9702640594915
1764847727.4381328,90.48500947793946,-966.5528341983445,-969.900044658687,-966.5060854488984
1764847727.4431329,210.54327785549685,-654.7368054427207,-650.0020920988172,-659.1480174404569
1764847727.4481328,385.7201917800121,-602.8269940577447,-598.3465939108282,-600.532565434929
1764847727.4531329,247.66178491571918,-952.157959268894,-952.6628457629122,-948.4872474623844
1764847727.4581327,90.41021147882566,-961.6909642559476,-970.1693174554966,-967.886108532548
1764847727.4631329,211.18280074791983,-656.6778135197237,-656.2290255250409,-660.2251086276956
1764847727.4681327,382.4552591186948,-601.2038774769753,-599.2890486996621,-598.4793603592552
1764847727.4731328,243.68253136286512,-922.3621763219126,-923.2073937118985,-915.2956353556365
1764847727.4781327,88.97782979579642,-954.6487326393835,-962.9326110412367,-957.4143886566162
1764847727.4831328,224.40334709128365,-633.6736888922751,-632.6452164044604,-635.7175442180596
1764847727.4881327,375.2035931046121,-632.1590294102207,-624.1070248056203,-627.4112264164723
1764847727.4931328,242.78869527345523,-950.7704563853331,-954.2822224437259,-948.9360354570672
1764847727.4981327,80.30126189859584,-980.9065702282824,-986.8530111578293,-985.6880323216319
1764847727.5031328,242.14169258112088,-630.9211225248873,-629.6009378405288,-631.383000169415
1764847727.5081327,407.22835642518476,-590.0552357090637,-586.4686716515571,-587.603731288109
1764847727.5131328,248.40976490685716,-922.549171319697,-920.8063779403456,-919.4544041063637
1764847727.5181327,72.8326816870831,-972.5703332270496,-981.0449465266429,-977.7370050158352
1764847727.5231328,207.08761029643938,-688.9344506375492,-686.0135887721553,-689.3664090824313
1764847727.5281327,383.9063403015025,-606.3499798160046,-595.8333811406046,-603.3262707018293
1764847727.5331328,242.7288568741642,-920.3239308460616,-922.6800678181462,-917.0683479346335
1764847727.5381327,74.74377056444064,-969.2306025666185,-971.3810450411402,-969.0118184192106
1764847727.5431328,223.02332400763407,-654.6732271434739,-653.2445853604004,-654.3908646968193
1764847727.5481327,377.821523073595,-602.1351125659421,-597.1535658249632,-599.94166124193
1764847727.5531328,258.5561134866439,-918.6559354658239,-922.1415222245269,-913.6912182746455
1764847727.558133,82.65739887068048,-976.8562585762702,-982.0621993145905,-978.5186441065744
1764847727.5631328,211.57175034331158,-679.8277942454442,-683.5639543011785,-686.3595295180567
1764847727.5681329,373.58421642379835,-620.5316804479808,-616.2868939982727,-616.8759282412939
1764847727.5731328,247.15689842170104,-911.8605372463353,-907.8214452941902,-905.4447388723493
1764847727.5781329,89.84174668556079,-960.9729034644552,-970.2291558547877,-964.50897887256
1764847727.5831327,216.84500928083435,-680.5982136363164,-673.0361359259114,-682.0586445690133
1764847727.5881329,383.7230852036737,-607.2475558053702,-596.2485100356862,-599.4629540476017
1764847727.5931327,248.94457060052082,-911.2322340537794,-910.4879939625971,-909.5997677231207
1764847727.5981328,92.03706795955077,-963.893765329849,-967.7608218840323,-963.5590442838147
1764847727.6031327,229.34375493275002,-664.9953510211781,-663.5293102385476,-664.1632232810371
1764847727.6081328,387.2385911620222,-590.3806070052087,-590.2497105067596,-591.4483484425582
1764847727.6131327,242.97195037128404,-908.763900083024,-907.2941194004379,-904.4574052840471
1764847727.6181328,85.3912657382898,-962.0649542515166,-966.7473089960404,-961.6965741058812
1764847727.6231327,226.3443551682867,-675.452111297287,-676.4431847855449,-677.9746738173999
1764847727.6281328,394.89790627127513,-607.05682090763,-603.6123730484396,-605.0765438810922
1764847727.6331327,254.93963022949174,-911.5538654499687,-909.1790289781056,-906.5293098594993
1764847727.6381328,83.23708336381242,-971.9682093341835,-974.7993136006407,-974.7824840508401
1764847727.6431327,226.11622127098963,-680.6617919355631,-683.2984214043245,-692.1114956499077
1764847727.6481328,387.2759901615791,-601.3534734752029,-596.54022223223,-597.0394988763146
1764847727.6531327,247.45609041815624,-933.4696791903116,-933.6417145882733,-929.4287172881886
1764847727.6581328,83.2071641641669,-983.6217375961132,-988.6257237368263,-984.8502947315574
1764847727.6631327,228.62569414125755,-671.1250470485538,-670.0816149609163,-670.0647854111157
1764847727.6681328,404.37855265894905,-559.5900106700137,-556.837444302626,-557.2881022472866
1764847727.6731327,253.5109884464182,-890.9096176945604,-892.2672013784759,-891.3752352390438
1764847727.6781328,72.88130038650706,-1003.9817529548891,-1006.4575667255558,-1005.9695097813383
1764847727.683133,228.3826006441377,-682.0006761197001,-678.4402913618833,-678.4982598111965
1764847727.6881328,398.08430103352293,-581.3375289123505,-579.1983061376959,-579.7686408809386
1764847727.6931329,239.49384341249242,-906.1048312145285,-906.5760586089455,-904.1320339879021
1764847727.6981328,80.06938810134307,-988.846377834212,-992.2160276942886,-990.5499022640288
1764847727.7031329,247.04096152307466,-645.891942047514,-643.6068631745875,-646.8624460860156
1764847727.7081327,382.3168828203343,-575.8623153772205,-573.3678021067753,-572.696490064729
1764847727.7131329,244.86433974886313,-913.3265780289657,-916.0380054968409,-912.3897330900654
1764847727.7181327,85.77273553377017,-982.5820454084314,-991.9392750975676,-986.8997599072754
1764847727.7231328,230.2712501217611,-714.9903336288407,-710.8278249781579,-715.1754586766474
1764847727.7281327,387.03289666445926,-602.172511565499,-597.7070710184053,-598.7635927558877
1764847727.7331328,255.33979952475056,-890.034481104929,-892.2597215785645,-885.8102641049773
1764847727.7381327,87.96431690780446,-992.3656236925162,-994.8825763626955,-996.4776436937973
1764847727.7431328,222.76527091069147,-689.23738253396,-685.4600835787132,-688.1733809965663
1764847727.7481327,392.3211152018048,-570.0766901457682,-561.5871172463521,-557.8640468404628
1764847727.7531328,255.59785262169316,-885.8083941549994,-890.4421302000992,-884.5873168194667
1764847727.7581327,79.29522881051525,-1003.271171963308,-1008.8885016967542,-1006.8521261708811
1764847727.7631328,219.6461943476461,-695.5054548596963,-697.5923190349713,-701.7978365351446
1764847727.7681327,400.11506670946255,-561.5422384468839,-554.2980522327125,-555.8706801640801
1764847727.7731328,252.63211195683107,-885.7784749553539,-883.545754681807,-882.8557431399822
1764847727.7781327,86.25892252800986,-975.4724955926649,-985.4842077740468,-977.594888817519
1764847727.7831328,234.81522856792435,-676.405785785988,-671.8730270396918,-674.3656703601591
1764847727.7881327,392.3435546015389,-573.7904108017683,-568.3451164662838,-565.6916574477218
1764847727.7931328,254.33376643666998,-901.9647619635798,-902.3387519591488,-895.8070166865364
1764847727.7981327,93.50310874218121,-994.961114261765,-997.096597136464,-999.4321646587923
1764847727.8031328,229.78132322756574,-685.6208992768079,-682.2101105172187,-685.9257011231966
1764847727.808133,392.7512036967091,-593.8474942641333,-592.1047008847818,-594.5225462061353
1764847727.8131328,248.26390880858526,-895.6256315386854,-893.8603987595998,-890.0662702545524
1764847727.8181329,82.59756047138944,-997.8894559270702,-1002.9906794666313,-999.8772127535194
1764847727.8231328,262.4343897406943,-680.6094333361834,-677.2958819754422,-678.4272017120384
1764847727.8281329,397.1979447440244,-587.1642930433154,-580.9897182164714,-583.5608994360082
1764847727.8331327,241.9135586838238,-898.729748501908,-905.0314799272455,-896.8205295745283
1764847727.8381329,98.44351658364758,-1008.0395444068126,-1007.3514028149657,-1008.2658083541319
1764847727.8431327,247.55332781700417,-677.6399527713656,-675.392272897996,-681.265785778407
1764847727.8481328,405.44816404627636,-557.0580984000117,-547.7607071101665,-555.7622230653651
1764847727.8531327,256.46176951145753,-864.5433230069466,-864.4573053079657,-858.6024919273332
1764847727.8581328,85.44362433766946,-1005.1186825414188,-1013.2043462456204,-1014.3880245815963
1764847727.8631327,232.64234669366851,-708.2098950091749,-710.0125267878175,-710.077975037042
1764847727.8681328,387.7509574559517,-583.7460244838148,-574.3139967955649,-577.0759129128419
1764847727.8731327,248.07317391084507,-891.6650774856098,-892.0166280814447,-892.1606142297387
1764847727.8781328,72.78780288761482,-1014.909740625415,-1019.782830267679,-1017.0059545505792
1764847727.8831327,234.15700617572293,-699.1855164160952,-697.3043467383832,-704.9019534983672
1764847727.8881328,399.00057652266696,-551.7100414633751,-553.3294181441888,-549.4268325404264
1764847727.8931327,247.05218122294173,-877.8424072493799,-882.6743579921313,-879.6805680776015
1764847727.8981328,90.95997677231207,-989.7963124229573,-994.8227379634045,-991.933665247634
1764847727.9031327,236.00077685387805,-675.9195987917483,-676.2786291874945,-676.007486440707
1764847727.9081328,390.0584757286124,-556.0371057121083,-549.0734119946137,-551.5099568157457
1764847727.9131327,237.91560563119128,-881.2868551085703,-882.5060624941252,-881.8160509523004
1764847727.9181328,82.08145427750424,-1010.3321030796506,-1009.9356736843474,-1008.3630457529798
1764847727.9231327,225.9441858730279,-733.8469092054293,-732.0854163262993,-731.6945967809297
1764847727.9281328,383.59218870522454,-585.6870325608179,-577.9267401527613,-578.6653703940101
1764847727.933133,244.5090492530726,-883.7738885791041,-883.3400601842441,-879.0821840846911
1764847727.9381328,94.16133113438264,-1001.330163886305,-1003.5741038597189,-1004.7016836963594
1764847727.9431329,236.18403195170686,-681.8398604216054,-684.341853491962,-688.2444390957244
1764847727.9481328,391.3599609131925,-556.3101184088737,-552.2972057564184,-554.7113111778162
1764847727.9531329,237.979183930438,-898.3370590065606,-900.9175899759866,-892.0895561305806
1764847727.9581327,76.81193523993716,-1041.1077398150228,-1044.5409679743461,-1043.1889941403642
1764847727.9631329,235.91475915489718,-696.8069400442764,-698.6507107224315,-702.7028923244216
1764847727.9681327,379.5643164529465,-569.1342353569344,-563.7039006212726,-564.5397682613693
1764847727.9731328,244.93539784802124,-876.9597908598371,-874.1660855929367,-873.4536346513778
1764847727.9781327,87.01812221901491,-1018.8366355788894,-1028.3359814663418,-1022.4662084858865
1764847727.9831328,241.14313929295167,-695.6363513581455,-693.3998911846429,-698.1850931779481
1764847727.9881327,394.36684047756717,-547.6185909118503,-547.3979368144646,-542.3958206237294
1764847727.9931328,244.81198114948347,-892.8356661717407,-892.0914260805584,-888.4319339739159
1764847727.9981327,82.07023457763717,-1016.6787133044563,-1021.1179745518602,-1017.249048047699
1764847728.0031328,240.6868714983575,-707.3684175191447,-706.0220535350963,-715.2203374761157
1764847728.0081327,407.94267731672153,-539.4020307091996,-536.0697798486799,-532.8441161368974
1764847728.0131328,250.0665405872278,-868.4515184606425,-868.7806296567433,-865.2071552490816
1764847728.0181327,91.26290866872296,-1007.4449003138579,-1010.2161661810242,-1009.9151042345911
1764847728.0231328,249.10538629861549,-677.7409300701693,-674.1468862127513,-682.0698642688803
1764847728.0281327,388.5101571469568,-579.4600991345942,-574.2952972957864,-571.8213534750976
1764847728.0331328,240.73549019778147,-896.3736115298234,-895.0534268454649,-886.7938577933237
1764847728.0381327,76.25095024658367,-1031.6757121267729,-1033.8411142011173,-1031.6214835774153
1764847728.0431328,238.15121932839975,-696.8032001443207,-696.6872632456943,-694.8977211168967
1764847728.0481327,396.04231565771624,-525.8561130696908,-526.0131888678297,-529.3398298784159
1764847728.0531328,259.67434357339516,-863.1109413239174,-862.9052468263544,-856.2874938547611
1764847728.058133,94.31840693252161,-1032.9921569111757,-1034.712510890793,-1034.6208833418787
1764847728.0631328,237.48551713628694,-712.2714263610542,-713.0194063521922,-716.3797064623795
1764847728.0681329,397.2802225430496,-539.8582985037938,-533.9716959735379,-534.983338911552
1764847728.0731328,252.19454366201535,-862.1086481357925,-863.1595600233413,-854.9149505710229
1764847728.0781329,83.85042695654556,-1032.2067779204808,-1040.9656236167066,-1037.4706871081144
1764847728.0831327,243.4282181658782,-727.1973670842126,-723.6332424264401,-729.4469169075601
1764847728.0881329,395.0849012690596,-535.2320422586054,-528.9265709333122,-532.2943508434109
1764847728.0931327,240.38393960194662,-877.1467858576216,-871.7762895212509,-874.4821071391925
1764847728.0981328,94.04913413571194,-1009.6477013877593,-1016.0466702119447,-1013.8943577874452
1764847728.1031327,251.08753327513114,-707.2263013208285,-707.2749200202525,-705.9192062863149
1764847728.1081328,388.6447935453616,-551.0181599715725,-550.9957205718383,-552.9161591990851
1764847728.1131327,234.36644057324156,-872.7785827093758,-875.7480632741936,-870.6636692844331
1764847728.1181328,87.57536731241271,-1021.338628649246,-1026.825061884243,-1023.8798906691372
1764847728.1231327,242.70641747443005,-712.7426537554711,-711.6019842689857,-715.4634309732355
1764847728.1281328,401.9401378878392,-522.4864632096142,-515.855620588176,-517.6713420166634
1764847728.1331327,242.04445518227294,-869.266816650983,-866.1477400879376,-863.7934730658308
1764847728.1381328,98.36871858453378,-1014.9882785244845,-1018.5449233823456,-1014.9228302752599
1764847728.1431327,246.34534013131633,-697.7568746330217,-697.9438696308061,-700.357975052204
1764847728.1481328,391.00093051744625,-565.4541738005355,-558.2062476864085,-562.3519267872907
1764847728.1531327,255.29866062523797,-858.0545965838246,-856.3753815037198,-855.7751275608316
1764847728.1581328,94.59889942919835,-1034.7199906907044,-1035.194957985077,-1034.5984439421445
1764847728.1631327,253.96351634105667,-715.674735320732,-715.940268217586,-722.0232154955156
1764847728.1681328,390.03977622883394,-545.7972596334293,-541.8666247799993,-543.3233158127405
1764847728.1731327,234.91620586672798,-855.6872399118729,-865.4857777957805,-858.8044465249404
1764847728.1781328,81.22501718765125,-1031.8589672246017,-1035.3071549837478,-1034.157135747373
1764847728.183133,229.11936093540862,-731.4720727335662,-730.3725421465933,-735.7037695334293
1764847728.1881328,393.84699438372627,-545.1240776414052,-540.0228541018441,-539.4599991585128
1764847728.1931329,264.82418581238016,-856.831649298314,-858.6006219773553,-853.370371889323
1764847728.1981328,92.94212374882773,-1044.5708871739917,-1045.7564354599454,-1050.5453773532063
1764847728.2031329,238.21853752760217,-736.37134167552,-734.0900027025491,-735.2774209384806
1764847728.2081327,396.67435875022784,-522.946470904164,-520.8371673291549,-522.271418962162
1764847728.2131329,237.2012847396545,-867.3332883738913,-866.9854776780121,-860.2742272075266
1764847728.2181327,95.16736422246322,-1024.3791673132218,-1028.2985824667849,-1025.22251475323
1764847728.2231328,249.86084608966485,-703.2059088684618,-700.8273324966431,-702.6505337250419
1764847728.2281327,384.3139893966727,-536.3951511448249,-529.0799068314955,-531.6473481510766
1764847728.2331328,221.9798919199966,-887.513788534794,-885.6064395573922,-883.9590136269107
1764847728.2381327,73.12065398367122,-1057.2454081238247,-1061.2807601760142,-1056.1552272867411
1764847728.2431328,236.43460524873808,-706.399783430621,-710.3902566833422,-715.8748199683614
1764847728.2481327,380.95181933650747,-555.5883177174255,-552.5029002539814,-551.94004531065
1764847728.2531328,232.70592499291524,-868.2832229626365,-869.4126727492549,-865.1809759493917
1764847728.2581327,60.6032088319771,-1057.5259006205015,-1061.0825454783626,-1059.2630841499195
1764847728.2631328,230.0131970248185,-726.5354047920555,-726.2212531957775,-729.7348892041482
1764847728.2681327,362.58143075415865,-540.86807149183,-534.7196759646758,-538.2819306724705
1764847728.2731328,227.15591345867142,-864.5059240073897,-868.3580209617503,-860.4612222053111
1764847728.2781327,79.0184762137942,-1044.0435612802394,-1050.52480790345,-1048.3687555789948
1764847728.2831328,230.76865681586787,-714.3395910365507,-714.395689535886,-716.3909261622466
1764847728.2881327,373.745032121893,-544.0956051535904,-532.5505339903757,-535.417167306412
1764847728.2931328,225.51409737812355,-876.0547350705601,-875.598467275966,-867.9746812162921
1764847728.2981327,72.31657549319789,-1037.8353273537941,-1045.8798521584831,-1041.0909102652222
1764847728.3031328,232.720884592738,-741.6259011132643,-739.6961127361283,-743.4042235421948
1764847728.308133,380.95181933650747,-546.922969520092,-540.9017305914313,-544.6659398968332
1764847728.3131328,230.08425512397662,1105.1404369063675,1104.4635150143877,1109.7573434016667
1764847728.3181329,72.15949969505891,904.1357738878578,898.5109643545002,898.9915414988063
1764847728.3231328,229.8673409265466,1217.818012721371,1221.1016448824666,1215.8227760950103
1764847728.3281329,371.24677895149216,1430.4762040018104,1429.0400824188255,1430.4780739517882
1764847728.3331327,221.43760642642155,1097.5633995961398,1102.058759342879,1103.2723568785004
1764847728.3381329,78.1321199242957,911.780129397288,906.9593983544037,907.6157507966273
1764847728.3431327,244.86807964881882,1251.465892622713,1244.965946499724,1244.447970355861
1764847728.3481328,385.1330274869688,1451.7263155500405,1453.7047226266004,1451.9750188970938
1764847728.3531327,222.52217741357163,1091.927370362915,1093.7150425417349,1096.7611910556443
1764847728.3581328,78.00870322575793,892.8637154214084,888.405754674226,896.9121571234427
1764847728.3631327,245.18971104500815,1227.9269623016007,1231.9323951541446,1225.4829376805574
1764847728.3681328,392.0181833053939,1452.3396591427736,1460.0139338518493,1459.5370966074988
1764847728.3731327,226.61362796509638,1103.4387824265286,1106.1689093941823,1108.126747020986
1764847728.3781328,81.11282018898055,904.5845618825406,900.5604295302182,905.2783133243211
1764847728.3831327,244.45669065369293,1231.1170969638042,1232.0408522528596,1228.4374586455524
1764847728.3881328,401.70826409058645,1465.0777583918534,1469.617996938061,1469.1075005941093
1764847728.3931327,237.75478993309662,1108.042599271983,1110.997120236978,1118.0786208030768
1764847728.3981328,95.73956891568378,921.0363817876205,920.6137730926275,920.9223148389719
1764847728.4031327,250.27971488470212,1244.7078934027813,1242.0862235338427,1240.4387976033613
1764847728.4081328,392.59786779852584,1449.4374967771582,1455.8514252011664,1455.2810904579237
1764847728.4131327,242.85975337261334,1109.3141652569175,1110.3388978447765,1115.5392287331633
1764847728.4181328,93.9892957364209,901.8245157152414,897.3590751681477,895.3974976413883
1764847728.4231327,257.6211384977214,1250.4075009352528,1248.5936494567432,1243.7074701646343
1764847728.4281328,402.7554360781796,1472.0638915090822,1477.987893038895,1472.8100015502423
1764847728.433133,237.04420894151554,1110.3314180448651,1105.7911794986576,1111.5674549802206
1764847728.4381328,97.37016529636458,908.0402294415981,900.3285557329655,904.0628458387218
1764847728.4431329,262.5129276397638,1248.6235686563887,1252.685100008268,1252.8664851561189
1764847728.4481328,421.5858323550783,1501.7325178575702,1504.8067156211473,1503.8474312825128
1764847728.4531329,271.27925313590094,1134.7043460560963,1134.382714659907,1139.6017450480722
1764847728.4581327,98.93344347784296,914.3569204667583,911.9746041949838,913.9960201210342
1764847728.4631329,255.11914542736486,1247.8531492655165,1248.7918641543947,1248.124292012304
1764847728.4681327,410.31003398867324,1470.2500400305726,1475.0670311735012,1474.0516483355314
1764847728.4731328,245.0662943464704,1123.4285476896912,1126.4017681544647,1129.111325672362
1764847728.4781327,101.8842245428823,913.9230920718983,906.3385749617592,906.0674322149716
1764847728.4831328,271.6719426312484,1243.4475471177138,1244.3114640074782,1240.4462774032727
1764847728.4881327,390.4623849238269,1453.1100785336457,1456.7078622910194,1457.0837222365662
1764847728.4931328,235.9072793549858,1095.1661237245426,1097.3502252986655,1098.0364969405346
1764847728.4981327,90.78420147439465,893.7837308105081,888.1738808769733,892.4915953758173
1764847728.5031328,276.8068252704106,1260.090101920534,1259.2523643304594,1262.8183589382097
1764847728.5081327,392.6427465979941,1478.0327718383633,1485.6659076479264,1486.7299091853201
1764847728.5131328,244.8755594487302,1119.5614911355078,1118.473180248402,1119.4586438867263
1764847728.5181327,88.12513260589913,884.534958220087,878.6558354897425,881.4888097061776
1764847728.5231328,252.4338972591795,1250.6281550326385,1251.1255617267452,1247.2154963230714
1764847728.5281327,390.8027158197947,1496.1488472237252,1500.180459375959,1498.6040915446356
1764847728.5331328,235.241577162873,1114.157335699536,1111.0008601369336,1112.637066367548
1764847728.5381327,102.12731804000214,911.8474475964904,908.4964972361922,912.5374591383152
1764847728.5431328,254.44970333529636,1252.7299788077362,1254.577489385847,1249.4482165966183
1764847728.5481327,380.44319294253364,1465.9977737809531,1470.268739530351,1467.3572274148464
1764847728.5531328,234.38140017306432,1131.9592594886199,1135.130694651045,1138.3526184628718
1764847728.558133,84.38149275025353,907.3969666492194,906.9294791547582,906.8303718059324
1764847728.5631328,227.62340095313266,1239.6627683625557,1237.2654924909584,1236.837273946032
1764847728.5681329,380.77230413863435,1510.1622523576953,1512.335134231951,1517.2549726236612
1764847728.5731328,218.74487845832482,1180.6527569117025,1181.7709869984537,1183.179059331771
1764847728.5781329,67.62300104880705,992.2590365437791,984.1771127395332,987.4065163512714
1764847728.5831327,212.2673717350699,1340.438112568576,1336.9188667102717,1330.3946112375706
1764847728.5881329,358.46006100298837,1568.792663963046,1572.1660537230782,1570.2082160962746
1764847728.5931327,205.99929940933362,1161.145438742824,1164.3954118043184,1168.1895403093658
1764847728.5981328,50.37832235312089,929.1744040912017,918.3660932192579,926.3713490744121
1764847728.6031327,223.54691000143066,1292.9563427311368,1290.5628067594953,1287.1950268493965
1764847728.6081328,365.64814871782437,1513.2065309216268,1520.1290857396089,1517.6027833195403
1764847728.6131327,219.1637472533621,1130.2987439082935,1127.9276473363861,1129.4441767684184
1764847728.6181328,126.6348824496381,935.973542210646,925.8645926304162,931.6894868114032
1764847728.6231327,245.27572874398902,1214.5306406603195,1216.4230300378986,1212.6363813327625
1764847728.6281328,369.61618257081136,1418.3738877451979,1422.8393282922916,1421.7715868549421
1764847728.6331327,233.43894538423046,1035.9934266256168,1037.186454711482,1042.708416996058
1764847728.6381328,96.86901870230213,819.0867089955136,815.5375439375639,817.3981441655196
1764847728.6431327,254.01587494043633,1182.490917739924,1182.2216449431144,1175.386977774091
1764847728.6481328,415.6880101249553,1425.139366765041,1430.7267772988416,1428.4772274754941
1764847728.6531327,253.33521314850077,1012.2375821070746,1016.1195982610807,1012.9088941491209
1764847728.6581328,110.78518643742427,808.5925497198477,802.7545658890158,806.5412145941518
1764847728.6631327,266.5931584914215,1173.1785668502562,1173.9115872415714,1171.4413833208382
1764847728.6681328,409.64059189660475,1403.743399118539,1410.4639993389137,1412.0590666700155
1764847728.6731327,245.4365444420837,1037.7810988044366,1040.802937968634,1042.7046770961024
1764847728.6781328,91.96226996043697,825.3734808210284,827.1948120994493,827.0209067515098
1764847728.683133,265.60956480307505,1208.5206214315258,1212.051086989697,1204.9284475240856
1764847728.6881328,413.6684641488828,1437.402498719748,1443.5770735465921,1444.6672543836758
1764847728.6931329,242.63535937527195,1059.7530110441148,1061.8772742189467,1062.15215686569
1764847728.6981328,99.81231996743008,845.4193445835263,840.7818686384708,841.9281479748897
1764847728.7031329,257.31446670135483,1214.8036533570848,1217.7768738218583,1215.6170815974474
1764847728.7081327,401.738183290232,1434.2497630571015,1448.9999284823425,1439.9811597391963
1764847728.7131329,254.56564023392275,1085.7004369366914,1078.8227609181777,1085.272218391765
1764847728.7181327,114.70834149094298,868.4010298112407,864.8668243531138,868.4552583605982
1764847728.7231328,268.86327776452526,1218.8464852091856,1220.9595286841504,1220.2620373424143
1764847728.7281327,406.60379313258454,1464.348477900494,1467.6171504617669,1467.8172351093963
1764847728.7331328,247.19429742125794,1080.423438099213,1078.0785208269954,1080.9451541430317
1764847728.7381327,95.70216991612688,854.5671398751438,849.088186440058,850.1821071770974
1764847728.7431328,250.53776798164472,1206.7666083523072,1209.5229146196507,1206.2224529087543
1764847728.7481327,398.56300822785124,1445.4582432243042,1449.0560269816779,1447.2178661534563
1764847728.7531328,214.76936480542645,1081.7810217831284,1083.0600675679743,1086.6185823758133
1764847728.7581327,94.20247003389522,878.9363279864192,872.4663010630757,875.7106642746367
1764847728.7631328,275.5502188852988,1243.193233920727,1248.1710407617502,1242.637858777307
1764847728.7681327,390.41002632444724,1460.1410904503427,1461.8651843299158,1464.1521331528202
1764847728.7731328,232.60494769411162,1108.3492710683495,1104.4298559147865,1108.029509622138
1764847728.7781327,121.30178511282429,901.7048389166594,899.3374822447076,900.9288096758537
1764847728.7831328,265.2505344073288,1225.8513178261928,1229.7744728797115,1226.1673393724486
1764847728.7881327,405.6613383437507,1470.2537799305283,1475.1119099729694,1474.6126333288848
1764847728.7931328,249.01562869967893,1134.068563063629,1135.033457252197,1136.9950347789563
1764847728.7981327,84.59840694768354,881.0344118615612,875.0243926327676,880.8941656132229
1764847728.8031328,247.97967641195282,1194.6530723958276,1196.579120873008,1193.8433840554208
1764847728.808133,379.968225648161,1446.7111097094603,1450.3649919661693,1452.7828372875229
1764847728.8131328,240.59337399946526,1114.8417373914272,1116.1619220757857,1117.7233303072862
1764847728.8181329,82.77333576930687,867.1930421255529,862.2488943841308,868.0775284650736
1764847728.8231328,242.1304728812538,1199.7243767357431,1201.3026145170443,1197.5346653116867
1764847728.8281329,421.83266575215384,1499.840128479991,1506.7664231979288,1505.279812965542
1764847728.8331327,258.8179064835422,1147.9996903985739,1143.9605984464288,1152.8634302909486
1764847728.8381329,92.77756815077737,894.1876400057226,889.1986134648323,892.7197292731144
1764847728.8431327,263.137490932364,1224.714388239663,1223.0613524592482,1221.9038534229621
1764847728.8481328,394.18358537973836,1470.4557345281355,1475.743953065481,1476.8565733022988
1764847728.8531327,236.18029205175117,1126.192333756946,1123.2714718915522,1123.142445343081
1764847728.8581328,84.91629844391719,885.0099255144596,878.4277015924454,881.1036000107415
1764847728.8631327,247.52340861735865,1200.2778819291852,1203.04166799644,1197.4748269123957
1764847728.8681328,411.6489181728102,1487.333903028164,1494.9109403383918,1489.927523647435
1764847728.8731327,250.100199686829,1137.0866623278707,1139.5998750980943,1145.3350116801448
1764847728.8781328,90.6196458763443,862.4658085815609,856.2239155555144,857.8264626865275
1764847728.8831327,256.75722160795704,1213.752741469536,1211.942629890982,1209.7865775665268
1764847728.8881328,390.14075352763757,1469.4684009398334,1475.3811827697791,1472.6716252518818
1764847728.8931327,239.25822971528396,1137.6700867209584,1137.8122029192746,1139.9719951436855
1764847728.8981328,82.07397447759286,872.6271167611703,867.6268705204129,867.9354122667573
1764847728.9031327,249.38213889533654,1205.9700096617453,1207.2303559468128,1206.6263621039689
1764847728.9081328,400.4778370051645,1486.7093397355638,1490.2547648935579,1489.3067002547905
1764847728.9131327,241.52460908843204,1143.10042145662,1144.259790442884,1146.9282090612687
1764847728.9181328,87.26495561609045,867.2454007249326,861.3513183947653,862.4788982314058
1764847728.9231327,254.7301958319731,1206.418797656428,1205.8017141637392,1203.1370354453102
1764847728.9281328,396.70427794987336,1492.1247148714028,1496.0703093246557,1495.8664847770706
1764847728.933133,233.36414738511667,1135.6206215452403,1132.3856080835685,1142.9975742078386
1764847728.9381328,96.06120031187311,875.8359509231523,866.190748937428,867.9129728670232
1764847728.9431329,255.4781758231111,1209.3433994217776,1214.983168554958,1205.7400058144704
1764847728.9481328,382.7881102147512,1476.8247841526754,1479.132302425336,1481.400551748462
1764847728.9531329,214.8666022042744,1127.2245461447164,1125.2610986679792,1125.7902945117094
1764847728.9581327,83.66343195876107,867.6941887196153,867.7802064185962,869.9025996434502
1764847728.9631329,255.29492072528228,1209.2312024231069,1212.2044228878804,1210.9983051521704
1764847728.9681327,386.91695976583287,1459.2397745610215,1468.2379738544114,1463.8342416565865
1764847728.9731328,243.89944556029513,1125.2236996684223,1127.0899097463116,1128.3222067817114
1764847728.9781327,76.99519033776596,862.1703564850613,854.118351880461,858.8773745740764
1764847728.9831328,262.94675603462383,1212.944923079107,1211.6995363938622,1207.9128876887262
1764847728.9881327,402.3926657824777,1495.0455767367966,1500.9209595671855,1504.580451673828
1764847728.9931328,244.0602612583898,1146.9450386110693,1149.1366199851036,1153.0092863892205
1764847728.9981327,87.51552891312167,865.2782133482397,857.6787366382778,863.0024842252024
1764847729.0031328,255.35101922461763,1203.0229684966616,1202.1777511066757,1201.0464313700795
1764847729.0081327,385.9782448769547,1482.5169118852355,1493.074649460148,1484.6954036094248
1764847729.0131328,237.3134817383252,1152.423992046155,1152.2482167482376,1151.737720404286
1764847729.0181327,97.37390519632027,884.4526804210618,874.4297485398129,874.0987673937343
1764847729.0231328,260.773874160368,1209.9978819140233,1208.5318411313929,1207.819390189834
1764847729.0281327,405.8819924411364,1520.0019291411154,1525.2564885788597,1524.3346032397822
1764847729.0331328,215.92125399177894,1123.080736993812,1121.8353503085673,1125.3751656166278
1764847729.0381327,83.82798755681142,848.3514261487871,844.5404680939391,846.2926112231798
1764847729.0431328,250.48914928222075,1199.0698942434974,1201.3362736166455,1197.47108701244
1764847729.0481327,393.1289335922338,1496.0478699249215,1500.6890857699327,1498.828485541977
1764847729.0531328,223.91716009704396,1169.911764238961,1162.3197673289105,1169.7752578905784
1764847729.058133,80.96696409070864,864.9266627524048,860.4238232057542,861.1175746475346
1764847729.0631328,232.47031129570678,1148.3344114446081,1150.6419297172688,1149.529309480451
1764847729.0681329,366.07075741281733,1470.4183355285786,1477.2249534479342,1471.886246261187
1764847729.0731328,234.9872639658861,1147.2928493069485,1150.4156657699496,1152.7362736924551
1764847729.0781329,90.35411297949031,869.2948659006506,865.7830998422578,861.4766050432809
1764847729.0831327,239.44522471306846,1196.3809061753564,1196.6539188721217,1196.663268622011
1764847729.0881329,378.6517808637582,1498.2095320993103,1505.6818522107787,1502.6207440970466
1764847729.0931327,226.9053401616402,1160.3077011527494,1157.2409831890836,1165.2499789441936
1764847729.0981328,87.29861471569166,877.7956584999338,871.8043387709185,877.6404526517726
1764847729.1031327,258.79172718385234,1207.6903636413626,1212.7841073810123,1213.017851128243
1764847729.1081328,382.33558232011274,1494.7800438399427,1501.2612904631533,1504.423375875689
1764847729.1131327,220.02766414312646,1157.476596886292,1158.8341805702075,1158.2339266273193
1764847729.1181328,50.18384755542502,856.2126958556473,850.6514646215364,850.2195061766542
1764847729.1231327,220.61482843616977,1191.5040766331367,1188.8861466641538,1187.4818142307922
1764847729.1281328,370.7605919572525,1510.0350957592018,1515.7421830915846,1511.7647994887084
1764847729.1331327,207.4167214925401,1132.7745576789603,1133.6160351689905,1133.6553041185252
1764847729.1381328,67.7912965468131,832.3259548386559,830.0707951653749,834.0930575677194
1764847729.1431327,232.60120779415593,1196.0555348792113,1198.6547653484158,1193.091664164327
1764847729.1481328,368.0416846894659,1508.3409210792743,1511.987323536072,1511.600243890658
1764847729.1531327,207.7458326886408,1147.4387054052204,1144.682399137877,1151.808778503444
1764847729.1581328,63.217398901004344,847.2182364622131,843.3025612086058,849.0451775905676
1764847729.1631327,221.17955332947895,1192.1548192254268,1192.6522259195335,1186.976927736774
1764847729.1681328,372.7913576331921,1467.3478776649572,1475.2876852708869,1473.1802516458556
1764847729.1731327,209.95611356245354,1123.3126107910648,1121.4912795126438,1128.3558658813126
1764847729.1781328,80.28256239881739,846.6086327694356,844.0991598991677,845.241699335631
1764847729.183133,246.86144632520154,1216.4679088373668,1216.2696941397153,1214.8204829068854
1764847729.1881328,364.47756003169343,1474.9697937746532,1477.1875544483773,1478.9322177777067
1764847729.1931329,219.9379065441899,1134.827762754634,1135.201752750203,1138.6218912596814
1764847729.1981328,79.80011530453339,850.7262626206502,844.5367281939834,846.8386366167106
1764847729.2031329,254.26644823746756,1212.93370337924,1217.5300404247828,1210.2952039605007
1764847729.2081327,376.6023156880401,1510.1585124577396,1516.1199129871093,1510.4109557047486
1764847729.2131329,231.273543309886,1158.1086399788037,1159.9486707570031,1162.2692786795087
1764847729.2181327,64.54506338527426,834.7980287093669,830.5382826598361,835.0280325566418
1764847729.2231328,251.173550974112,1197.3345806640573,1195.8348807818256,1196.7979050204158
1764847729.2281327,378.95097286021337,1501.5118637601845,1507.559281988535,1503.7539337836206
1764847729.2331328,223.57682920107618,1148.8112486889586,1145.1087477328256,1152.4258619961329
1764847729.2381327,71.38160050427541,851.4742426117882,847.2892945613712,849.2546119880863
1764847729.2431328,242.49698307691142,1193.9424914042465,1190.2923490474932,1188.558905418031
1764847729.2481327,386.66264656884596,1490.7222523880191,1495.8459153273143,1493.0466002104804
1764847729.2531328,205.64026901358739,1111.0120798368007,1111.285092533566,1111.5562352803536
1764847729.2581327,96.27063470939174,838.6052468642592,834.9401449076831,837.4963665273972
1764847729.2631328,257.5912192980759,1182.4647384402342,1181.2193517549895,1174.6090785833076
1764847729.2681327,387.1712729628198,1497.9028603029437,1509.5563885648735,1506.1437298553064
1764847729.2731328,223.4571524024941,1143.9119797470048,1142.9882244579494,1150.1108639235608
1764847729.2781327,77.52999603142962,815.7694177348167,810.9299871921539,819.9674554350786
1764847729.2831328,251.78315466688946,1193.2057311129756,1191.586354432162,1192.5755579704419
1764847729.2881327,391.8386681075208,1512.8699399256147,1520.4619368356653,1520.7218598825857
1764847729.2931328,240.2792224031873,1164.4141113040969,1162.001875832677,1167.8192902137525
1764847729.2981327,75.7236243528314,818.5481634018943,812.9383134683594,815.0195677937008
1764847729.3031328,247.30649441992864,1187.4051462817006,1189.8435610528104,1187.4892940307036
1764847729.308133,393.44308518851176,1526.8908248594962,1536.1134181502275,1533.6544339293614
1764847729.3131328,221.78541712230071,1154.5781744206324,1151.5002367570996,1159.6812679101713
1764847729.3181329,78.45562127046287,831.7705796952359,823.8494715890847,822.5685558542609
1764847729.3231328,265.3010230567306,1189.3704637084156,1194.4342882484198,1185.494057404343
1764847729.3281329,416.5986757641658,1552.4960499061272,1555.5627678697929,1549.5620983908884
1764847729.3331327,207.73648293875158,1113.0073164631613,1114.4135188465007,1118.028132153675
1764847729.3381329,82.06088482774794,781.0388367963023,774.8567821695469,776.7809606967494
1764847729.3431327,260.0165444193408,1180.9930878076702,1182.178636093624,1180.0151039692573
1764847729.3481328,388.1043780017644,1511.4356882926077,1517.9244147157297,1512.4622908304445
1764847729.3531327,236.57859139703214,1171.7798442668281,1170.3063236842863,1171.3254464222118
1764847729.3581328,100.71924570668489,834.6016839616932,830.3681172118522,837.3972591785714
1764847729.3631327,269.5046706069261,1187.1265237350017,1187.6987284282222,1186.7170046898536
1764847729.3681328,383.4818616565317,1519.801844493486,1522.1729410653934,1520.6040530339815
1764847729.3731327,233.67642903141677,1165.3135572434403,1163.8736957604997,1167.8099404638633
1764847729.3781328,119.8002152806148,853.0468705431558,848.775904793758,851.2461087144911
1764847729.3831327,271.4157594842836,1189.36672380846,1192.1566891754046,1186.2457772954367
1764847729.3881328,412.5708035118878,1538.7145185694098,1542.6975120222196,1542.1421368787996
1764847729.3931327,224.4725352404639,1159.7897250088863,1155.7618527566083,1162.9518104214221
1764847729.3981328,96.46697945706546,839.9460009983741,832.6831152844243,835.0224227067083
1764847729.4031327,274.209464751184,1188.3270316207781,1197.1606753161177,1193.1907715131529
1764847729.4081328,393.90496283303946,1528.9571195850149,1533.658173829317,1534.5613596686162
1764847729.4131327,215.6201920453459,1162.3066776790656,1162.976119771134,1166.8712255749851
1764847729.4181328,93.99116568639874,849.1498947893269,842.032865173649,841.7280633272603
1764847729.4231327,266.3781142439693,1180.5031609134749,1177.2307484522462,1176.0732494159602
1764847729.4281328,404.35798320919275,1534.4098937204108,1534.08078252431,1536.3826909470372
1764847729.433133,225.20181573182344,1130.412810856942,1132.0396673376672,1131.1402213983238
1764847729.4381328,76.9260021885857,809.4994754591025,809.2900410615839,806.9208144396544
1764847729.4431329,237.68934168387204,1161.5755272377282,1169.2460620468482,1165.0929031460546
1764847729.4481328,412.712919710204,1545.296742491424,1549.373233443126,1549.8650302872993
1764847729.4531329,253.79709079302847,1205.6034994660877,1204.4216910800897,1206.1439150096849
1764847729.4581327,103.74108487088233,817.2934269667603,809.8024073555134,815.6310414364561
1764847729.4631329,267.2345513338223,1154.7427300186828,1153.437504934147,1152.1266699996777
1764847729.4681327,399.91124216187745,1526.724399311468,1532.465145743452,1532.6166116916575
1764847729.4731328,230.79670606553555,1186.941398687195,1188.9646845632233,1197.5870239110664
1764847729.4781327,90.03809143323451,827.3874169471674,825.981214563828,826.9442388024181
1764847729.4831328,277.695051509887,1178.2255618404597,1184.5871316650882,1179.0876087802462
1764847729.4881327,395.9282487090677,1534.08078252431,1535.8385355034843,1537.2802669364028
1764847729.4931328,226.36118471808732,1194.7727491944097,1190.1464929492213,1192.4745806716383
1764847729.4981327,84.88450929429382,820.6967359264381,817.4131037653424,819.0193907963112
1764847729.5031328,254.48523238487542,1160.2104637539014,1159.9449308570474,1162.5011524767615
1764847729.5081327,398.6060170773417,1536.2312249988317,1539.956165354699,1537.8188125300221
1764847729.5131328,214.19155026227236,1187.326608382631,1180.609748062212,1184.1233840705827
1764847729.5181327,78.02553277555853,789.3825535974465,788.3054624102078,789.8257317421958
1764847729.5231328,262.3876409912482,1153.100913938135,1161.5605676379055,1156.2555195507593
1764847729.5281327,388.6204841956496,1541.160413140431,1549.2946955440566,1548.5560653028078
1764847729.5331328,211.45394349470735,1182.382460641209,1176.2116257143207,1176.6361043592915
1764847729.5381327,72.17632924485952,798.627586287912,796.4472246137448,795.8694100705907
1764847729.5431328,267.51504383049905,1157.7271701833233,1156.3546268995851,1155.5449385591783
1764847729.5481327,397.1923348940909,1538.060036077164,1546.093341181986,1539.5915251090191
1764847729.5531328,209.6924506155774,1187.3677472821437,1183.0369431334548,1190.1558426991105
1764847729.558133,75.72549430280924,822.6564435032196,815.5169744878076,820.1824996825308
1764847729.5631328,253.83074989262968,1148.878566888161,1152.5848077442497,1149.5760582298972
1764847729.5681329,374.9960286570713,1537.4242530846968,1540.1917790519074,1540.1151111028157
1764847729.5731328,213.9895956646651,1190.041775750462,1191.0590285384096,1191.4872470833361
1764847729.5781329,87.71561356075108,832.1931883902289,824.2496408843435,825.9531653141603
1764847729.5831327,262.8326890859753,1135.3625684482977,1138.7808370077983,1137.3989439741708
1764847729.5881329,412.95975310727954,1550.8317944258451,1554.7998282788321,1555.0934104253538
1764847729.5931327,221.42451677657664,1221.9206829727627,1220.7388745867647,1220.1909792432562
1764847729.5981328,80.63972284458578,812.5213146233,804.0504412236623,809.2245928123593
1764847729.6031327,263.80880297441036,1109.5759582538158,1115.8589901793748,1106.3091556425206
1764847729.6081328,387.2666404116899,1521.7017136709765,1527.27790450491,1528.6261384389363
1764847729.6131327,212.48241598252207,1196.6053001726978,1195.457150886301,1192.0033532772213
1764847729.6181328,76.81754508987069,790.1529729883187,788.002530513797,785.7978594899178
1764847729.6231327,265.44313925504684,1113.5327724069357,1119.800844732672,1111.6198135796003
1764847729.6281328,395.490680414252,1535.9656921019778,1542.5404362240806,1542.9910941687413
1764847729.6331327,208.14787193387747,1212.9598826789297,1212.9823220786639,1216.1481473911554
1764847729.6381328,81.49242003448308,813.7741811084561,804.368332719896,807.7548121297732
1764847729.6431327,265.44687915500253,1127.0038920473307,1125.7659851619974,1123.1574049429037
1764847729.6481328,398.0786911835894,1559.975849817507,1564.8638990595937,1565.7558651990257
1764847729.6531327,211.59979959297925,1223.3268853561021,1225.9971739244647,1229.88853982836
1764847729.6581328,73.84058472514153,784.1766128591262,779.8345890105702,781.0631461460143
1764847729.6631327,252.6414617067203,1118.9780667424202,1119.9915796304122,1112.8352810651995
1764847729.6681328,396.9716807967052,1568.7720945132896,1578.4434757987037,1579.7393511333503
1764847729.6731327,207.63550563994795,1211.6883166939951,1206.044807660859,1210.1007291628048
1764847729.6781328,58.33495950885117,751.3440311481245,746.5046006054617,752.1424997886643
1764847729.683133,259.3059634277597,1076.9116720408201,1083.3555196644738,1076.5320721953176
1764847729.6881328,389.6003379840404,1531.1449610590935,1537.1661999877542,1535.107385062147
1764847729.6931329,195.39481308497488,1212.6606906824745,1208.4121643328108,1214.0837226156145
1764847729.6981328,74.58482481632382,812.0650468287058,804.8657394140027,808.9478402156383
1764847729.7031329,256.9685259554535,1133.0625299755484,1134.6332879569381,1131.9125107391737
1764847729.7081327,384.6300109429285,1539.8177890563384,1539.5522561594844,1543.2678467654623
1764847729.7131329,212.2468022853136,1232.7776125441305,1235.0552116171457,1237.0392285436392
1764847729.7181327,80.80053854268044,779.1801065183245,778.8809145218693,777.4466628888622
1764847729.7231328,276.81991492025554,1118.2300867512822,1121.9400675073266,1115.4906100337394
1764847729.7281327,399.94490126147866,1550.6747186277062,1556.0938336635008,1559.1586816771887
1764847729.7331328,228.94919548742473,1253.1338880029507,1251.465892622713,1257.5712793003768
1764847729.7381327,85.97282018139958,823.3371052951552,821.0782057219185,819.4494792912155
1764847729.7431328,267.78057672735304,1077.708270731382,1077.2220837371424,1077.6914411815815
1764847729.7481327,412.4099878137931,1534.8512019151822,1536.324722497724,1538.2638606247492
1764847729.7531328,223.8068330483511,1240.2461927556433,1240.3883089539595,1246.1271854359657
1764847729.7581327,86.91153507027775,816.0779594811611,809.4658163595013,813.7910106582567
1764847729.7631328,276.32998802606016,1102.7169817350805,1103.7940729223192,1098.5675627342425
1764847729.7681327,401.231426846236,1547.3985662665218,1554.223883685656,1550.037065685261
1764847729.7731328,204.101300181821,1236.1884013037197,1233.0992439403199,1235.4235917627811
1764847729.7781327,74.54368591681123,805.7259164038114,802.6105797407217,801.4044620050117
1764847729.7831328,273.3941665608436,1104.7440075110644,1107.8668239740655,1103.904399971012
1764847729.7881327,389.9967673793435,1538.0899552768096,1544.3430680027232,1545.104137643706
1764847729.7931328,212.14956488646567,1243.578443616163,1242.276958431583,1251.007754878141
1764847729.7981327,74.0724585223943,809.3760587605648,808.7365358681418,810.3839617986232
1764847729.8031328,279.4004458896816,1115.713134081103,1116.9473010664806,1112.7118643666618
1764847729.808133,399.7130274642259,1548.890786348842,1561.1726178033277,1556.5594512079842
1764847729.8131328,221.97802197001874,1244.7864313018508,1242.3031377312727,1247.4511100202799
1764847729.8181329,77.7413003789261,809.5742734582163,799.0352353830822,803.4427074808627
1764847729.8231328,260.95525930821896,1084.873919046484,1086.295081029646,1084.5504177003168
1764847729.8281329,405.9063017908484,1561.423191100359,1568.1550110206008,1569.2564115575515
1764847729.8331327,218.8065868075937,1252.393387811724,1251.0358041278087,1254.9346498316154
1764847729.8381329,72.65877633914351,779.6812531123869,774.5501103731804,773.7254624329507
1764847729.8431327,282.89725234825164,1082.1176127791405,1084.0922799557447,1082.8188440208323
1764847729.8481328,398.662115576677,1534.1929795229807,1538.048816377297,1540.4891010983847
1764847729.8531327,200.29782192688435,1243.084776822012,1242.4976125289686,1242.62663907744
1764847729.8581328,68.9226162834093,808.8412530669011,805.9016917017289,811.0608836906031
1764847729.8631327,285.1037933221087,1097.7466546939686,1096.751841305755,1093.3354426962323
1764847729.8681328,429.6060478100553,1556.0489548640326,1564.908777859062,1560.8640760569833
1764847729.8731327,268.5023774188012,1272.4542111740448,1269.2453770120628,1271.4949268354103
1764847729.8781328,123.61117333546281,797.673911799211,792.9728575549088,795.9591676695272
1764847729.8831327,338.3487489912659,1114.6323029939085,1116.9734803661704,1119.0210755919106
1764847729.8881328,476.99058024864644,1577.4972811099142,1581.7495473595336,1581.081975217443
1764847729.8931327,313.91224268078804,1296.2250152924098,1291.3968044496141,1296.5933954380453
1764847729.8981328,176.4933587089181,837.8553969231434,832.4549813871272,835.6432460993528
1764847729.9031327,376.30873354151845,1131.8508023899049,1134.4762121587992,1126.4073780043982
1764847729.9081328,506.5657090982422,1601.0436912309378,1605.1875003818423,1605.3576658298261
1764847729.9131327,323.95013416185975,1273.4826836618595,1266.3918333458714,1274.729940297082
1764847729.9181328,159.91064230538905,835.4394215517677,827.5332730454393,832.13148004096
1764847729.9231327,352.0517424289137,1125.661267963238,1127.1347885457799,1120.1692248783074
1764847729.9281328,470.57665182463825,1588.7469001766294,1591.3797897454351,1590.6299398043193
1764847729.933133,275.36509383749217,1281.882498962339,1278.4978895024396,1280.833457024768
1764847729.9381328,132.48969583027065,811.2647082381882,809.2264627623372,807.0030922386795
1764847729.9431329,304.05386639758945,1117.6017835587263,1118.8172510443255,1111.1710255849175
1764847729.9481328,443.877506040968,1566.9806824345142,1572.0183276748285,1575.3786277850159
1764847729.9531329,219.37879150081426,1246.701260079164,1243.6532416152768,1246.2019834350795
1764847729.9581327,74.98499411158264,785.4369591441937,780.1225613071583,786.8113723779097
1764847729.9631329,268.21440512221307,1091.4898020680994,1093.9768355386332,1090.9007678250782
1764847729.9681327,388.38487049844116,1563.4651764761657,1570.45504949335,1567.633294976782
1764847729.9731328,172.57394355535507,1252.2325721136294,1253.5564966979437,1253.9099172437564
1764847729.9781327,42.54884179588407,783.2790368697606,779.221245417837,783.5539195165038
1764847729.9831328,255.7530584698543,1094.556520031765,1097.271687399596,1096.11418836331
1764847729.9881327,396.61639030091465,1570.7018828904256,1579.8085392825305,1572.4876851192676
1764847729.9931328,192.55996891856194,1263.2652769829147,1265.3521411581896,1267.904622877948
1764847729.9981327,39.265209634788334,778.0805759313516,1750.6322096586227,1751.2773424009793
1764847730.0031328,250.341423233971,1060.7665239321068,2042.252778653521,2038.974756342359
1764847730.0081327,363.0208689989522,1542.2375043276697,2528.054563197773,2527.315932956524
1764847730.0131328,173.88664843980223,1232.2689861501567,2210.269654112868,2213.274663727265
1764847730.0181327,36.32564826961607,771.0159049150534,1749.0988506767899,1750.592940709088
1764847730.0231328,259.70239282306284,1097.8214526930824,2079.0234750178643,2072.622636243701
1764847730.0281327,378.3694184171036,1574.5876389443874,2559.196710128803,2557.395948300138
1764847730.0331328,185.03903010766953,1255.3628683765419,2236.8079841984436,2240.1869838084094
1764847730.0381327,41.81956130452454,776.0198910557665,1751.413848749362,1756.5767806381918
1764847730.0431328,244.88864909857512,1079.6530187083408,2062.033109519165,2060.8195119835436
1764847730.0481327,396.3097185045481,596.8038851791061,1583.903729734011,1583.699905186426
1764847730.0531328,201.48337021283805,272.8369214674458,1251.899721017573,1259.5683858767152
1764847730.058133,48.091373530216515,-214.46456295903772,1741.4096163678914,1746.1835986613296
1764847730.0631328,246.17517468333244,90.6196458763443,2053.311662822496,2052.1766031859443
1764847730.0681329,383.35470505803823,579.2113957875408,1563.1659844797105,1565.4117944031022
1764847730.0731328,179.67227367125452,274.5759749468416,1251.7576048192568,1256.2211754163727
1764847730.0781329,38.19185834750533,-200.78400892112404,777.8524420340545,780.3338656546548
1764847730.0831327,261.22079220507294,99.39345117239282,1078.4749502222985,1073.8056851276197
1764847730.0881329,374.4425234636292,568.8817921099253,1558.962336929515,1553.2533796471544
1764847730.0931327,188.97340486105531,274.82280834391713,1253.0516102039255,1256.542806812562
1764847730.0981328,57.92357051372528,-197.6499727582559,776.6519341482781,777.7533346852288
1764847730.1031327,250.25540553499013,101.67105024540797,1082.3494865763932,1081.7155735339038
1764847730.1081328,399.4138354677707,576.5672865188681,1558.5846070339903,1564.2486855168827
1764847730.1131327,186.7519042873755,264.5979218650609,1242.445253929589,1248.6777972057462
1764847730.1181328,54.69603685196489,-217.43030362389982,760.0542581449263,758.8257010094821
1764847730.1231327,266.9390992373228,99.64402446942404,1082.4355042753741,1072.6388363414444
1764847730.1281328,390.60637107212096,-380.2505880948156,603.6666015977971,603.2122037531808
1764847730.1331327,188.2703036693856,-706.483931179624,274.29548245016485,276.8554439698346
1764847730.1381328,71.69388215057552,-1190.5017834450118,-214.01203506439924,-212.54038443183526
1764847730.1431327,264.81857596244663,-891.1396215418354,89.44905719021335,83.74757970776409
1764847730.1481328,408.2998377624899,-1358.815980950836,-372.7408689837903,-371.2392991515808
1764847730.1531327,196.56166187115014,-1684.0769500471652,-709.3636541455053,-702.4467091774568
1764847730.1581328,63.006094553507864,-1202.8771123983897,-223.93398964684457,-222.99714470794424
1764847730.1631327,259.3807614268735,-884.0712106255814,98.86986517859623,92.2296728072688
1764847730.1681328,410.95516673102975,-1345.5355962081812,-362.6992376027629,-363.76323914015666
1764847730.1731327,199.276829238981,-1680.3856687908992,-699.1312878667377,-698.2243621274829
1764847730.1781328,58.555613606236875,-1200.2404829296283,-226.83615201245993,-219.4928584494628
1764847730.183133,276.6030007228255,-882.0180055499077,99.24011527420953,96.53803755622357
1764847730.1881328,390.60637107212096,-1369.912264119368,-386.01003402657807,-383.3827543077059
1764847730.1931329,201.10190041735768,-1684.0769500471652,-706.4203528803773,-702.0764590818435
1764847730.1981328,73.12626383360475,-1195.8872393812053,-217.63225822150707,-213.09762952523306
1764847730.2031329,286.37535930704325,-882.7772052409127,100.54160045878962,94.93736037518829
1764847730.2081327,406.02223868947476,-1360.1286858352832,-373.64218487311155,-376.1535276933573
1764847730.2131329,208.7649554265663,-1661.9068231098354,-687.7208531019278,-685.8752124737948
1764847730.2181327,92.54756430350244,-2144.9074225872755,-1167.3779820189811,-1171.792933916673
1764847730.2231328,271.4194993842393,-1868.8934561074711,-885.3465165104717,-893.9314568587579
1764847730.2281327,411.35533602628857,-2355.381512293592,-1369.0034684301354,-1369.6822602720931
1764847730.2331328,218.03616741672158,-2673.686267472338,-1694.3504552254453,-1689.6250916314311
1764847730.2381327,83.61294330935925,-3154.2185329790227,-2179.1836056811735,-2175.6363105732016
1764847730.2431328,283.30864134337753,-2818.762596603483,-1832.1863380423747,-1838.7031137151644
1764847730.2481327,403.0714576244354,-2340.6126473685727,-1352.884499621112,-1354.0606981571764
1764847730.2531328,213.85869916621596,-2665.095717274118,-1683.5421443535015,-1674.4111786116846
1764847730.2581327,74.30059241969138,-3146.5292986701243,-1193.8302944055758,-1191.416188984178
1764847730.2631328,271.9169060783461,-2821.440364971757,-862.536866680719,-862.837928627152
1764847730.2681327,416.36306206695735,-3300.9161087409593,-1334.0017447448336,-1336.6963426629081
1764847730.2731328,213.42861067131162,-3646.2678203992546,-1684.8548492379487,-1673.7716557192616
1764847730.2781327,92.68968050181866,-4133.423448727466,-1197.121406366583,-1190.125923499465
1764847730.2831328,279.40792568959296,-3795.1214484856464,-850.9207374183461,-856.2183057055809
1764847730.2881327,372.5538739860058,-3320.9806720032357,-378.8443857114762,-374.276097915601
1764847730.2931328,189.06690235994756,-3672.0993093932047,-730.942876889836,-727.1113493852317
1764847730.2981327,92.29699100647122,-4137.125949683599,-1199.182091242168,-1197.1270162165165
1764847730.3031328,292.90522462967783,-3776.6463427045383,-831.4246389493346,-836.9690406336449
1764847730.308133,420.6153283165768,-3296.3422110951506,-345.3797609079629,-349.5927582080476
1764847730.3131328,213.2453555734828,-3658.381356355734,-722.7375363870524,-713.4644544469193
1764847730.3181329,89.27141194231808,-3170.9471054808237,-236.49631359800696,-237.96422433061525
1764847730.3231328,309.43184253387153,-850.2718647760339,-846.2813915233128,-852.936543494463
1764847730.3281329,432.6578061738983,-1338.3643380431458,-356.8631237219088,-1338.059536196757
1764847730.3331327,224.0349669456482,-1680.7241297368892,-702.4392293775454,-1677.3675695266575
1764847730.3381329,77.30373208411038,-1232.8056617937982,-256.26729471376166,-1235.5563582112081
1764847730.3431327,285.848033413291,-877.4646773538552,104.0477566672489,-879.1270628841594
1764847730.3481328,391.05889896675944,-1358.9300478994846,-367.8546896916814,-1349.1894784648903
1764847730.3531327,210.41051140706986,-1680.4286776403897,-699.3912109136581,-1677.8238373212516
1764847730.3581328,58.189103410579264,-1217.7151654725894,-240.58589419955388,-1219.1830762051977
1764847730.3631327,277.63895301055163,-860.5715492540039,119.62817988265306,-862.4545888816938
1764847730.3681328,405.54727139510214,-1309.1295400895178,-320.33926075464115,-1303.1400903104804
1764847730.3731327,196.22881077509373,-1704.4687545555644,-723.3714494295418,-1698.9056533714756
1764847730.3781328,84.56287789810449,-1219.7197518488392,-240.60085379937664,-1223.1211908585392
1764847730.3831327,278.30091530270875,-887.7980209314264,97.12894174922258,-887.8298100810498
1764847730.3881328,387.7042087065056,-1358.5373584041372,-375.76831799792126,-1357.99694286054
1764847730.3931327,205.30554796755314,-1702.8231985750608,-723.9436541227624,-1701.5011439407244
1764847730.3981328,114.24272394645959,-2163.6237519155256,-1187.3172586327419,-2170.2938634864986
1764847730.4031327,275.30525543820113,-1868.9738639565185,-889.503415311221,-1874.09191704588
1764847730.4081328,404.0026927134022,-2326.9638824802823,-1340.4624219182879,-2325.0210044533014
1764847730.4131327,191.73345102835447,-2682.839672613889,-1702.894256674219,-2681.9776256741025
1764847730.4181328,80.52378594595939,-3171.509960424155,-2192.215287076775,-3171.676385972183
1764847730.4231327,278.0952208051458,-2827.856163345743,-1849.1187350917608,-2831.414678153582
1764847730.4281328,396.80712519865483,-3293.4755777791142,-2306.9067990179174,-3286.3454585135914
1764847730.433133,222.00420126970857,-3627.3906753729098,-2651.892000480555,-3624.0079358629882
1764847730.4381328,93.96498638670892,-3167.650383669883,-2191.168115089182,-3170.666612984147
1764847730.4431329,269.1979988105595,-2862.6783718331717,-1883.9895622786134,-2857.6762556424364
1764847730.4481328,401.79615173954517,-3303.2404565634206,-2315.280435018707,-3296.555385392625
1764847730.4531329,208.3610462313518,-3626.919447978493,-2649.5919620078057,-3628.170444513671
1764847730.4581327,58.45089640747756,-3187.15022203885,-2214.3405352146365,-3192.627305523958
1764847730.4631329,275.4548514364287,-2843.20845266385,-1865.7425903948024,-2843.580572709441
1764847730.4681327,419.95336602441967,-3300.495369995944,-2314.2482226309367,-3296.6937616909854
1764847730.4731328,189.6503267530352,-3635.8465891727246,-2661.0285760723054,-3630.4181243870407
1764847730.4781327,84.58157739788294,-3175.347097778693,-2199.702566788066,-3177.166559107136
1764847730.4831328,265.5777756534517,-2858.897332977969,-1878.9107781387866,-2864.6736084595323
1764847730.4881327,400.1543356589973,-3276.825543176383,-2292.3511083903722,-3275.4885289422236
1764847730.4931328,163.83005745895207,-3677.909243974369,-2696.3893301533535,-3671.3288900023326
1764847730.4981327,68.5860252873972,-3210.318902264349,-2232.0115625052713,-3214.6665359628387
1764847730.5031328,277.19016501586884,-2871.8448666245677,-1884.8833983680233,-2873.9709997493774
1764847730.5081327,408.8982217554003,-3294.1711991708726,-2306.0952407275327,-3286.423996412661
1764847730.5131328,180.43147336225957,-3624.481033207383,-2647.2769639352337,-3623.832160565071
1764847730.5181327,65.00694102980196,-3184.6631885683164,-2208.8017433802597,-3186.6023266953416
1764847730.5231328,289.6926505677402,-2854.944258724805,-1874.6510320892558,-2856.659002854489
1764847730.5281327,432.36983387731016,-3283.1945928009227,-2298.447145318147,-3277.496855218429
1764847730.5331328,182.58939563669264,-3639.463072429877,-2660.766783075407,-3637.400517604314
1764847730.5381327,60.960369277745485,-3220.7046044413,-2243.9268837640993,-3225.4524074350484
1764847730.5431328,300.00729464553297,-2867.3382871779613,-1882.2056299997494,-2869.539218301885
1764847730.5481327,414.69506668671966,-3303.3713530618697,-2318.4219509814866,-3296.069198398385
1764847730.5531328,206.71175035089254,-3635.1509677809663,-2655.882473733276,-3634.0645268438384
1764847730.558133,98.6772603308782,-3199.3011569948867,-2222.7478303150274,-3199.6919765402563
1764847730.5631328,325.61812954209745,-2873.2809882075526,-1887.8229597331956,-2879.3863748852164
1764847730.5681329,431.89860648289323,-3293.2811029814184,-2307.523882510606,-3293.709321526345
1764847730.5731328,207.01468224730343,-3657.081741121132,-2680.8201266378164,-3650.4041497502476
1764847730.5781329,101.50088479742408,-3243.4095370722935,-2269.5264989607967,-3245.9881980917417
1764847730.5831327,300.24290834274143,-2904.647529135924,-1918.4976191697642,-2906.960657258518
1764847730.5881329,410.20718673989177,-3295.936431949958,-2311.301181465853,-3292.3479979424737
1764847730.5931327,194.3887799968943,-3660.6570854787715,-2682.5180412176996,-3658.3177780564874
1764847730.5981328,96.40714105777442,-3223.300095010549,-2244.846899153199,-3225.1644351384602
1764847730.6031327,313.02214649133384,-2865.6628119978122,-1888.4512629257515,-2871.6747011765838
1764847730.6081328,422.63113439269364,-3281.489198421128,-2295.2046520565636,-3276.591799429152
1764847730.6131327,210.216036609374,-3637.20417285664,-2653.9115464566275,-3638.3953309925273
1764847730.6181328,96.65023455489427,-3209.851414769888,-2235.800081160385,-3215.036786058452
1764847730.6231327,302.3634316176176,-2851.6905457633547,-1874.8791659865528,-2857.7099147420377
1764847730.6281328,403.1238162238151,-3286.4557855622843,-2298.551862516906,-3278.271014509257
1764847730.6331327,192.99753721337765,-3642.4063736950047,-2662.4011193560436,-3636.989128609188
1764847730.6381328,82.83130421862006,-3208.6022881846875,-2229.760142731946,-3209.924342819024
1764847730.6431327,300.5084412395954,-2859.394739672076,-1875.32421408128,-2855.1518231723458
1764847730.6481328,413.8199300970882,-3270.8716224469244,-2288.0577032412402,-3264.3847659737803
1764847730.6531327,177.73126559425145,-3655.2791093424894,-2678.7706614620984,-3657.285565668717
1764847730.6581328,100.19191981293261,-3191.073377092369,-2219.7671300503425,-3195.6454047882
1764847730.6631327,299.319153053686,-2865.498256399762,-1884.068100177683,-2868.9071752093732
1764847730.6681328,412.6456015110016,-3250.8743773838505,-2264.4402350210585,-3246.6800795835443
1764847730.6731327,190.63766034133732,-3632.525558012072,-2649.793916605413,-3628.712730007246
1764847730.6781328,63.757814444601536,-3210.0496294675395,-2228.410038847942,-3209.8308453201316
1764847730.683133,271.0866482881829,-2849.031476894859,-1864.3214284116402,-2849.6541702374816
1764847730.6881328,383.803493052721,-3251.2708067791536,-2266.557018395979,-3251.7214647238143
1764847730.6931329,168.95746029820293,-3633.8569623962976,-2656.1218273304403,-3628.159224813804
1764847730.6981328,80.01515955198556,-3193.8895217590034,-2218.0766952703707,-3199.5573401418515
1764847730.7031329,297.19862977880985,-2824.924081780482,-1842.1064226748422,-2826.840780507773
1764847730.7081327,384.8805842399597,-3248.0283135175705,-2266.3475839984603,-3243.706859118771
1764847730.7131329,171.46693316847086,-3649.579501810018,-2671.466636848636,-3644.2557542230934
1764847730.7181327,84.8545900946483,-3192.6815340733156,-2217.0893616820686,-3195.1180788944475
1764847730.7231328,278.3869330016896,-2860.3558939606883,-1878.2936946460977,-2861.610630395822
1764847730.7281327,367.55736764520407,-3280.053076838143,-2294.464151865337,-3274.3328998559155
1764847730.7331328,191.8680874267593,-3623.7667123158462,-2646.233531847596,-3621.7864352893084
1764847730.7381327,73.24220073223114,-3204.9484059279785,-2231.592693710234,-3209.0379865295254
1764847730.7431328,288.22286988515407,-2824.6884680832736,-1842.3532560719177,-2823.9872368415818
1764847730.7481327,382.621684666723,-3239.5013416185975,-2248.45590261044,-3236.612268902827
1764847730.7531328,175.43122712150216,-3609.6859889826737,-2632.8446900062263,-3609.2091517383233
1764847730.7581327,82.54333192203194,-3199.4357933932915,-2222.7104313154705,-3202.687636404764
1764847730.7631328,292.6247321330011,-2825.466367274057,-1839.5932099046186,-2828.217063691467
1764847730.7681327,393.3664172394201,-3207.932846092619,-2226.009023076389,-3204.606205082033
1764847730.7731328,161.3018850889057,-3615.30331871612,-2637.298910853453,-3614.4188323765993
1764847730.7781327,66.03915341757238,-3199.6714070905,-2222.717911115382,-3199.018794548232
1764847730.7831328,283.1291261455044,-2819.5161864445545,-1838.3403434194624,-2817.0534623237327
1764847730.7881327,411.73306592181325,-3230.6003797240555,-2241.3313931948505,-3226.9708068170585
1764847730.7931328,187.93371267337352,-3603.316939358134,-2625.6453825915232,-3601.261864332482
1764847730.7981327,70.68784906249493,-3193.0592639688402,-2219.0228899591602,-3194.5271747014485
1764847730.8031328,290.90437815338373,-2821.5693915202282,-1840.1654145978391,-2823.0634815525264
1764847730.808133,400.39368925616145,-3218.6738387653604,-2233.9750099820085,-3218.114723721985
1764847730.8131328,176.48213900905102,-3624.5820105061866,-2644.041950473562,-3621.52464229241
1764847730.8181329,72.3670641425997,-3190.2356395022944,-2221.6707391277887,-3194.6131924004294
1764847730.8231328,289.00450897589326,-2809.89716375852,-1826.8962495550513,-2808.6985258227214
1764847730.8281329,401.28752534557134,-3241.861218490638,-2256.1563566192053,-3236.518771403935
1764847730.8331327,187.47744487877935,-3616.5150463017635,-2642.3328161938116,-3612.5862813983113
1764847730.8381329,73.85554432496428,-3199.0244043981656,-2223.5668684053235,-3204.5725459824316
1764847730.8431327,285.64233891572803,-2855.7333776154555,-1870.3090082406998,-2859.0637585259974
1764847730.8481328,391.90785625670105,-3261.5368321575224,-2274.960573596414,-3257.8062819517218
1764847730.8531327,184.10779501870275,-3622.4390478315763,-2642.205659595318,-3624.8232340533286
1764847730.8581328,87.487479663454,-3215.326628305018,-2241.7652215897106,-3215.556632152293
1764847730.8631327,286.60723310429603,-2862.1286065396853,-1879.4755030320957,-2862.796178681776
1764847730.8681328,401.1902879467234,-3235.903557861224,-2255.0456063323654,-3234.0018187337555
1764847730.8731327,189.99065764900297,-3625.8498365911655,-2643.305190182291,-3616.449598052539
1764847730.8781328,97.29349734727293,-3202.0873824618757,-2223.1068607107736,-3204.0452200886793
1764847730.8831327,298.7619079602882,-2866.893239083234,-1878.8359801396728,-2868.174154818058
1764847730.8881328,410.83922983240336,-3247.9161165189,-2259.054779084865,-3244.619394707959
1764847730.8931327,195.78750258032233,-3610.7369008702226,-2634.849276382476,-3609.0520759401843
1764847730.8981328,97.69740654248744,-3211.504450550303,-2238.466629828792,-3214.8385713608004
1764847730.9031327,302.68132311385125,-2874.0177484988235,-1893.07751917094,-2872.71065346431
1764847730.9081328,411.87892202008516,-3256.525366216898,-2267.922081879806,-3248.505150761921
1764847730.9131327,208.00575573556125,-3608.0217335023917,-2629.0337319513783,-3608.068482251838
1764847730.9181328,86.08127728011459,-3232.825620197691,-2259.9747944739647,-3235.4603797164746
1764847730.9231327,301.0395070333034,-2875.7680216780864,-1895.2167419455945,-2874.651661541313
1764847730.9281328,422.6012151930481,-3240.350298908539,-2252.2930399649777,-3235.782011112664
1764847730.933133,202.0219158064574,-3612.0159466550685,-2634.8941551819444,-3611.1127608157694
1764847730.9381328,87.93626765813679,-3226.39673217386,-2247.2628745245747,-3225.482326634694
1764847730.9431329,295.0631469041109,-2886.8269058470614,-1907.1769420038909,-2893.8934468133375
1764847730.9481328,421.03045721165836,-3226.471530172974,-2238.9789961227216,-3223.107490162831
1764847730.9531329,198.96267764270306,-3619.2040343699045,-2637.915994346142,-3618.2148308316246
1764847730.9581327,96.45949965715408,-3240.088505911641,-2266.0409122020938,-3243.6993793188594
1764847730.9631329,294.44980331137776,-2879.231169037055,-1901.6680693691596,-2889.3120693676174
1764847730.9681327,421.84575540199876,-3247.9460357185453,-2260.9883073619567,-3242.222118836362
1764847730.9731328,194.7552901925519,-3613.358570739161,-2633.6525083966553,-3607.200825462118
1764847730.9781327,85.15752199105918,-3223.251476311125,-2245.2657679482363,-3223.3767629596405
1764847730.9831328,286.07990721054375,-2888.831492223311,-1904.1625826396048,-2887.3673213906586
1764847730.9881327,407.25640567485243,-3244.415570160374,-2263.748353529256,-3243.3702681227587
1764847730.9931328,196.89825286716223,-3609.2185014882125,-2628.506406057626,-3599.21613905672
1764847730.9981327,80.17597525008023,-3222.634392818436,-2247.898657517042,-3223.417901859153
1764847731.0031328,291.78325464297086,-2871.9196646236815,-1892.4940947778523,-2874.479626143351
1764847731.0081327,397.4055091915652,-3258.2644196962938,-2281.5203581186943,-3262.9449044908397
1764847731.0131328,195.26017668657005,-3614.8769701211713,-2637.4223275519907,-3611.49423061125
1764847731.0181327,78.852050665766,-3223.6441658064723,-2251.1149714789353,-3231.634462061804
1764847731.0231328,288.26026888471097,-2862.902765830513,-1875.552347978577,-2860.3502841107547
1764847731.0281327,410.21092663984746,-3240.5485136061907,-2257.042712908704,-3238.227905683685
1764847731.0331328,193.25933021027595,-3634.6647807867266,-2653.279503364116,-3631.958963168785
1764847731.0381327,81.82153123058379,-3241.8986174901947,-2265.9698541029356,-3242.476432033349
1764847731.0431328,280.66827197466046,-2879.8332929299213,-1893.6534637641162,-2879.666867381893
1764847731.0481327,391.41418946255,-3251.3418648783118,-2266.384982998017,-3244.596955308225
1764847731.0531328,180.92514015641063,-3618.4448346788995,-2642.531030891463,-3616.6739920498803
1764847731.058133,58.87724500242621,-3250.074038793333,-2272.817610921804,-3258.6776786413975
1764847731.0631328,282.53074215259403,-2863.9985565175302,-1878.2862148461863,-2869.9019885975868
1764847731.0681329,411.1122425291687,-3224.6202796949074,-2236.8435132480226,-3214.5094601646997
1764847731.0731328,185.22602510545403,-3628.9763929541223,-2648.9524391153827,-3626.4500905340537
1764847731.0781329,76.37997679505497,-3255.452014929615,-2275.5851368890144,-3258.3261280455627
1764847731.0831327,291.57008034549654,-2860.419472259935,-1872.212617318146,-2856.438348757103
1764847731.0881329,408.4494337607175,-3223.09066061303,-2230.193971126806,-3214.8385713608004
1764847731.0931327,176.89352800417691,-3656.752629925031,-2682.4133240189403,-3657.214507569559
1764847731.0981328,78.91188906505704,-3261.757486254908,-2282.6124089057557,-3263.1393792885356
1764847731.1031327,294.8836317062378,-2863.314154825639,-1883.1406049886718,-2867.0334853315726
1764847731.1081328,403.969033613801,-3222.4324382208288,-2241.6904235905968,-3219.786459002178
1764847731.1131327,188.3488415684551,-3623.445080919657,-2638.7986107356846,-3615.047135569155
1764847731.1181328,74.32303181942552,-3255.003226934932,-2278.8164104507305,-3252.940672109369
1764847731.1231327,290.997875652276,-2861.361927048769,-1885.1264918651432,-2865.144835853949
1764847731.1281328,399.8850628621876,-3220.992576737888,-2235.8412200598978,-3215.6202104515396
1764847731.1331327,188.39372036792338,-3613.7662198343314,-2640.302050517872,-3615.290229066275
1764847731.1381328,73.63115032762289,-3252.7779864612967,-2275.8282303861342,-3257.540749054868
1764847731.1431327,291.33446664828807,-2869.223196755629,-1889.2441217163578,-2870.608829689212
1764847731.1481328,400.3787296563387,-3217.723904176615,-2235.994555958081,-3218.234400520567
1764847731.1531327,187.65696007665247,-3623.4263814198785,-2642.3702151933685,-3618.6710986262187
1764847731.1581328,75.96858779992908,-3250.530306587927,-2275.4617201904766,-3254.159879494924
1764847731.1631327,295.23144240211695,-2853.9270059368573,-1869.2356569534168,-2849.8598647350445
1764847731.1681328,398.35918368026614,-3200.4493062812835,-2214.3741943142377,-3201.0533001241274
1764847731.1731327,185.91042679734528,-3637.5145845529623,-2656.716471423395,-3633.514761550352
1764847731.1781328,79.1475027622655,-3259.9922534758225,-2282.885421602521,-3260.386812921148
1764847731.183133,297.45294297579676,-2861.4030659482814,-1880.2833214225248,-2860.746713506058
1764847731.1881328,410.46523983683437,-3203.145774149336,-2214.056302818004,-3196.5915994769894
1764847731.1931329,188.9023467618972,-3622.020179036539,-2642.6955864895135,-3620.6981244022027
1764847731.1981328,77.40096948295832,-3258.335477795452,-2281.464259619359,-3264.7550160693936
1764847731.2031329,296.49178868718445,-2860.28483586153,-1881.0836600130424,-2861.9098223922774
1764847731.2081327,407.50323907192796,-3213.4379788273945,-2229.7751023317687,-3210.55264601158
1764847731.2131329,185.22228520549834,-3627.4392940723337,-2649.8387954048812,-3627.085873526521
1764847731.2181327,80.2956520486623,-3253.4885674528778,-2278.386321955826,-3258.045635548886
1764847731.2231328,283.9893031353131,-2873.950430299621,-1891.9817284839228,-2872.549837766215
1764847731.2281327,398.08991088345647,-3209.993530968204,-2225.287222384941,-3203.4281365959905
1764847731.2331328,185.1287877066061,-3613.7774395341985,-2630.9111617291346,-3609.0857350397855
1764847731.2381327,70.3288186667487,-3261.6303296564147,-2284.4113007844426,-3268.233123028185
1764847731.2431328,291.5813000453636,-2869.5298685519956,-1887.0749797420576,-2873.623189053498
1764847731.2481327,405.06482430081815,-3207.5663358969614,-2220.631046940107,-3202.010714512784
1764847731.2531328,183.1952594295144,-3609.648589983117,-2631.752639219165,-3607.7244114559144
1764847731.2581327,73.94530192390084,-3264.5624112216756,-2284.336502785329,-3263.1431191884913
1764847731.2631328,288.15181178599596,-2861.8481140430085,-1879.8083541281521,-2866.266805840656
1764847731.2681327,398.5274791782722,-3192.8535694712773,-2209.194432875607,-3186.052561401855
1764847731.2731328,183.32989582791924,-3619.196554569993,-2644.4196803690866,-3620.092260609381
1764847731.2781327,63.2529279505834,-3296.254323446192,-2320.93516375171,-3297.987767075654
1764847731.2831328,289.0643473751843,-2879.7958939303644,-1895.6543102404103,-2877.063897012733
1764847731.2881327,397.24469349347055,-3209.787836470641,-2223.6528861043043,-3204.688482881058
1764847731.2931328,184.792196710594,-3620.56161805382,-2640.4740859158337,-3617.1302598444745
1764847731.2981327,78.07789137493819,-3265.703080708161,-2293.895687072072,-3267.6122996355407
1764847731.3031328,291.60747934505343,-2867.510322575923,-1885.7847142573446,-2870.3058977928013
1764847731.308133,405.87638259120286,-3200.2922304831445,-2211.707645645831,-3196.1091523827054
1764847731.3131328,197.63501315843314,-3611.795292557683,-2631.5880836211145,-3610.708851620555
1764847731.3181329,89.3387301415205,-3263.6947544319555,-2281.883128414396,-3266.303334651049
1764847731.3231328,304.7270483896136,-2863.9461979181506,-1886.1923633525148,-2866.427621538751
1764847731.3281329,412.0060786185786,-260.37744476506487,-256.25794496387243,-251.197860323824
1764847731.3331327,194.88618669100106,-675.4334117975086,-673.5316726700403,-673.3035387727432
1764847731.3381329,85.92046158201993,-322.63555932743475,-325.0908036483452,-324.043631660752
1764847731.3431327,298.7245089607313,74.5549056166783,74.26506337011233,71.88274709833786
1764847731.3481328,402.5179524309933,-266.7277948898263,-258.7898572338745,-264.0818156711757
1764847731.3531327,203.66373188700527,-668.9484252743423,-670.700568403583,-668.4603683301248
1764847731.3581328,93.8228701883927,-323.82858741329983,-332.43596716132015,-326.5605843309313
1764847731.3631327,305.2506343834102,83.75505950767547,79.60190060688183,78.1321199242957
1764847731.3681328,419.0894491346553,-247.63560561602935,-247.07275067269802,-244.16310850717127
1764847731.3731327,191.9017465263605,-671.0016303500161,-672.3124652844854,-669.6833156156354
1764847731.3781328,81.44006143510342,-327.9462172645144,-330.95496677886695,-332.36864896211773
1764847731.3831327,298.08872596826404,69.62945737503469,73.79009607573971,71.77428999962285
1764847731.3881328,413.1579678049311,-260.02589416923,-256.0447706663981,-256.54217736050487
1764847731.3931327,191.09766803588718,-677.9653240675107,-679.5379519988783,-677.237913526129
1764847731.3981328,85.99525958113372,-337.3558055530302,-343.2816770328209,-346.2698570974171
1764847731.4031327,303.82199260033667,58.940823301672935,63.33333579963073,56.83712957659736
1764847731.4081328,405.24059959873557,-269.23726776009426,-268.5996148176491,-262.66065368801355
1764847731.4131327,192.40289312042296,-672.2956357346848,-675.1099104513414,-672.7051547798328
1764847731.4181328,81.45128113497049,-319.3556670662947,-328.2024004114792,-325.7527659405023
1764847731.4231327,304.9327428871766,70.53451316431165,73.99205067334697,69.99035772075877
1764847731.4281328,415.2784910798073,-259.2105959788896,-250.1955671356991,-251.65786801837385
1764847731.433133,196.36718707345426,-659.628594584763,-660.0979520292021,-661.6874095103703
1764847731.4381328,83.91587520577013,-325.6648782915436,-332.0470175659284,-330.81285058055073
1764847731.4431329,310.1199841257185,65.96435541845858,65.2369448770769,68.59911493724212
1764847731.4481328,424.8601147662848,-246.11720623401925,-242.30811812914908,-243.53854521457106
1764847731.4531329,204.5388684766367,-648.5435311160982,-650.9651163374074,-645.590880101081
1764847731.4581327,90.10166973248124,-313.828094931785,-315.7784527586773,-312.49856049753726
1764847731.4631329,292.0674870396033,63.88871094305068,64.94149278057739,61.33248932333663
1764847731.4681327,399.9748204611242,-262.8906575352885,-256.05973026622087,-255.32670987490565
1764847731.4731328,184.31722941622138,-661.2292717657983,-661.4330963133834,-655.4791755839251
1764847731.4781327,85.93542118184268,-319.1013538693078,-319.1518425187096,-319.3014385169372
1764847731.4831328,307.68530925456434,70.62053086329252,74.33238156931475,71.11232770746574
1764847731.4881327,404.95262730214745,-262.9916348340921,-259.54531702492386,-256.9797456553206
1764847731.4931328,186.3816541917622,-661.0048777684569,-660.9543891190551,-660.3597450261004
1764847731.4981327,82.50967282243073,-312.646286545787,-314.7798994705081,-318.1420695306733
1764847731.5031328,297.15375097934157,71.79111954942346,73.33008838118985,70.19231231836602
1764847731.5081327,409.43676734901965,-280.565424725879,-275.3127352381125,-276.7937356205657
1764847731.5131328,186.21335869375616,-657.3846546113491,-662.4727885010652,-655.408117484767
1764847731.5181327,76.46599449403584,-332.49767551058903,-338.2365519925952,-335.0576370302588
1764847731.5231328,280.5485951760784,68.46260858885944,72.82146198721603,66.13826076639816
1764847731.5281327,375.87116524670273,-270.5499726445414,-264.5717425653711,-265.6525736525655
1764847731.5331328,184.13771421834826,-684.6709646880627,-685.7985445247032,-679.0555049045943
1764847731.5381327,62.89389755483717,-341.35001870570704,-342.88898753747344,-342.9675254365429
1764847731.5431328,264.5418233657256,46.838507045060396,51.17492104368284,48.695367373060435
1764847731.5481327,381.2154822833836,-260.19044976728037,-257.1966598527506,-248.65098845399916
1764847731.5531328,138.394997860305,-675.4446314973757,-680.7646391843446,-671.3213917962275
1764847731.558133,30.502624038606882,-349.9555285037495,-350.11447425186634,-352.9119194187224
1764847731.5631328,253.10894920118153,52.28006148058921,54.4510734048672,48.39617537660524
1764847731.5681329,357.571834763512,-263.4479026286863,-262.0921888947487,-262.3128429921344
1764847731.5731328,132.07082703523338,-687.8835387500003,-690.166747672949,-689.2841312834062
1764847731.5781329,35.596367778256536,-354.6378832482733,-356.92483207117766,-357.5007766643539
1764847731.5831327,265.1551669584587,53.09535967092961,49.110496268142015,50.763532048556954
1764847731.5881329,371.6301186969504,-268.83709846483544,-262.727971887216,-263.7190453754738
1764847731.5931327,140.91569043044,-675.6765052946284,-677.020999328699,-667.6263706400059
1764847731.5981328,47.18631774093956,-341.48839500406757,-349.1981987627223,-347.0140971885994
1764847731.6031327,277.1752054160461,49.86782600916922,56.287364283110946,51.088903344701976
1764847731.6081328,375.71408944856375,-289.1110961246304,-281.6556055629626,-284.3221542313695
1764847731.6131327,162.84272387064993,-671.8992063393816,-673.3596372720785,-668.5912648285739
1764847731.6181328,65.41459012497216,-336.98181555746123,-350.7278178445995,-345.5704958057031
1764847731.6231327,283.70881063863635,57.20176982227713,57.89178136410192,54.59318960318342
1764847731.6281328,382.45712906867266,-251.31566717242822,-244.21920700650662,-246.30981108173728
1764847731.6331327,161.88156958203763,-656.9695257162675,-664.5185137768276,-651.2381290341727
1764847731.6381328,60.05157358851284,-329.9620233406313,-333.486879048869,-330.47625958453864
1764847731.6431327,277.51553631201386,37.657052653841674,46.04377830447629,39.54009228153154
1764847731.6481328,376.23767544236034,-277.95497455680743,-270.5817617941648,-275.19305843953043
1764847731.6531327,156.8850632412359,-656.3935811230913,-657.6969362576492,-652.8350663152523
1764847731.6581328,62.01876096520573,-325.2048705969937,-333.4195608496666,-334.4854323370382
1764847731.6631327,282.71025735046715,40.93694491498172,40.10855707479641,36.15922272158787
1764847731.6681328,383.23876815941185,-269.75711385393515,-261.822916097939,-267.06999573577195
1764847731.6731327,162.1919812783599,-653.7419920545071,-653.8074403037317,-655.9803221779875
1764847731.6781328,66.61135811079293,-338.83306603552774,-345.499437706545,-339.6801533754915
1764847731.683133,289.7375293672085,32.91485951002687,35.13449013372883,34.640823339577764
1764847731.6881328,388.2240548003465,-257.01527470489964,-246.50054597947747,-251.26143862307072
1764847731.6931329,179.21226597670466,-643.1879943795502,-644.143538818229,-638.3466938869096
1764847731.6981328,80.53126574587077,-330.6913038319908,-337.5596301006153,-336.3067636154592
1764847731.7031329,297.920430470258,40.2039245236665,42.97332044085488,35.860030725132674
1764847731.7081327,408.2586988629773,-255.2911808253266,-251.58307001926005,-249.484986144118
1764847731.7131329,180.3117965636775,-641.6134964982048,-644.2968747164123,-638.0998604898341
1764847731.7181327,82.79764511901885,-321.34155394276604,-323.13857587147504,-324.1558286594227
1764847731.7231328,311.5261865090579,35.40189298056066,42.603070345241576,43.006979540456086
1764847731.7281327,406.2204533871263,-269.3345051589422,-262.9785451842472,-263.7227852754295
1764847731.7331328,189.7550439517945,-637.95587434154,-639.9398912680335,-637.4266784978099
1764847731.7381327,71.8846170483157,-335.874805170577,-343.2704573329538,-337.7129659987986
1764847731.7431328,292.26944163721055,42.93031159136444,49.940754058305174,42.54697184590623
1764847731.7481327,412.50722521264106,-245.30564794363454,-238.5158595740795,-242.20340093038976
1764847731.7531328,186.76312398724258,-624.6680097989738,-629.6028077905066,-619.998744704295
1764847731.7581327,54.879291949793696,-333.3952514999546,-342.3467020438984,-338.52078438922763
1764847731.7631328,276.0195763297379,13.938607134856284,19.770981115754694,19.98415541322902
1764847731.7681327,383.0704726614058,-277.3678102637641,-269.8337818030268,-266.8381219385192
1764847731.7731328,164.0768908560276,-641.3479636013508,-641.1590986535884,-642.6999374353327
1764847731.7781327,64.9919814299792,-334.53592098644003,-335.899114520289,-335.7831776216626
1764847731.7831328,298.60857206210494,34.429518992081285,42.93592144129798,34.69692183891311
1764847731.7881327,386.1820694245398,-269.1063712616451,-263.88734087347984,-266.2696571452543
1764847731.7931328,154.3307115714997,-648.9399605114013,-648.6351586650126,-648.003115572501
1764847731.7981327,64.49831463582814,-334.86503218254074,-340.03170397132635,-337.4249937022105
1764847731.8031328,285.34688681922853,40.091727524995804,42.36371674807742,40.86775676580146
1764847731.808133,392.1509497538209,-267.37853748211637,-257.8249630453065,-262.2417848929763
1764847731.8131328,165.1876411428675,-646.5950432391837,-650.6771440408193,-646.1556049943902
1764847731.8181329,68.98619458265603,-334.64063818519935,-337.69800639897585,-337.39881440252066
1764847731.8231328,274.2057248512283,35.02042318508029,38.85943048959598,34.67448243917897
1764847731.8281329,395.20644801761955,-268.39205037010834,-269.7253247043118,-267.2756902333349
1764847731.8331327,171.9755595624447,-652.0253779748455,-655.7970670801587,-649.2597219576128
1764847731.8381329,63.94480944238603,-343.8557516760193,-348.9887643652037,-348.11362777557224
1764847731.8431327,273.8242550557479,26.9011003812775,28.507387412246317,26.244747939053923
1764847731.8481328,386.4737816210836,-249.6214924925007,-240.97297384496778,-246.69128087721765
1764847731.8531327,157.79385893046856,-648.7305261138827,-648.0816534715705,-646.7465091873892
1764847731.8581328,72.83829153701663,-337.46052275178954,-345.4882180066779,-341.8305958500132
1764847731.8631327,295.53437429852784,36.50516346748918,35.97222772380337,39.16610228596255
1764847731.8681328,379.56618640292436,-249.31482069613412,-245.07190419640392,-249.9337741388008
1764847731.8731327,182.0171909434721,-632.6639159042388,-633.3427077461965,-631.3044622703455
1764847731.8781328,64.52449393551797,-357.005239920225,-365.11895287409425,-363.00216949917376
1764847731.8831327,274.3852400491014,18.07867638580501,23.660477069672197,16.838899550493807
1764847731.8881328,412.09583621751517,-252.40771795948967,-246.4182681804523,-241.68729473650455
1764847731.8931327,179.09258917812258,-639.4256550241262,-643.5488947252743,-634.819968228694
1764847731.8981328,79.70848775561899,-334.64811798511073,-343.63322762865573,-339.9868251718581
1764847731.9031327,303.7808537008241,54.07147355936468,58.81927655311301,56.62769517907873
1764847731.9081328,402.0803841361776,-251.15485147433355,-246.08915698435158,-252.55170410778373
1764847731.9131327,213.8811385659501,-579.9425462288782,-583.7329348339699,-584.3088794271462
1764847731.9181328,75.31036540772766,-345.5536662559025,-353.00167701765895,-348.07996867597103
1764847731.9231327,287.07472059875727,-30.409126539714634,-26.442962636705488,-32.03785297041759
1764847731.9281328,395.1503495182842,-271.82527852943167,-269.6841858047992,-267.70203882828355
1764847731.933133,184.7173987114802,-605.3963053273037,-613.0986292860471,-604.5043391878717
1764847731.9381328,70.16800296865404,-328.86623265361413,-334.2759979395196,-329.8629159918055
1764847731.9431329,304.34183869417757,27.3835474755615,32.09395146975294,31.435729077551514
1764847731.9481328,384.4392760451883,-285.4572138679214,-280.45135777723044,-281.6556055629626
1764847731.9531329,171.40335486922413,-657.6688870079815,-651.3839851324446,-655.1837234874256
1764847731.9581327,73.3656174307689,-344.6972291660495,-349.52357005886734,-349.15331996325403
1764847731.9631329,297.71473597269505,49.359199615195394,47.506079187151045,47.5958367860876
1764847731.9681327,388.68780239485204,-238.5813078233041,-234.23367412481457,-233.7736664302647
1764847731.9731328,193.67819900531322,-633.5577519936487,-632.0861013610847,-634.0084099383093
1764847731.9781327,90.10914953239262,-341.7090491014533,-345.716351903975,-346.5054707946256
1764847731.9831328,313.83744468167424,45.01343586668372,49.899615158792585,45.935321205761284
1764847731.9881327,391.7096415590495,-222.5670562130399,-218.74300850834697,-221.98550176993012
1764847731.9931328,194.3102420978248,-638.801091731526,-640.1829847651534,-636.7759359055199
1764847731.9981327,100.8651018049568,-331.4392838231288,-331.54961087182164,-331.02976477798074
1764847732.0031328,318.12710993085057,94.85134267620742,95.21972282184288,95.90786441368982
1764847732.0081327,363.7389297904447,-252.8789453539066,-246.39582878071815,-247.0839703725651
1764847732.0131328,184.7211386114359,-669.917059362866,-672.3311647842638,-670.0460859113373
1764847732.0181327,80.2956520486623,-361.93816796178,-369.5133353220299,-368.7391760312021
1764847732.0231328,296.57406648620963,41.1688187122345,43.519345834385604,40.261892972979695
1764847732.0281327,399.72798706404865,-243.3235009671189,-241.115090043284,-241.05151174403727
1764847732.0331328,190.18139254674315,-649.1980136083439,-653.7700413041748,-649.5738735538907
1764847732.0381327,100.03858391474932,-346.57465894380584,-346.96547848917544,-348.3829005723819
1764847732.0431328,309.95168862771243,57.01103492453694,61.164193825330585,59.2680645477958
1764847732.0481327,399.3278177687898,-225.4916579783894,-224.3304190421477,-225.0671793334186
1764847732.0531328,194.97220438998193,-643.1954741794616,-644.951357208658,-638.5486484845169
1764847732.058133,98.54636383242905,-363.1461556474678,-369.909764717333,-370.2201764136553
1764847732.0631328,310.0825851261616,46.22890335228294,47.17322809109464,47.19192759087309
1764847732.0681329,409.1974137518555,-225.33084228029475,-221.13280458003283,-217.0675333281979
1764847732.0731328,193.7604768043384,-651.9917188752443,-654.708756193053,-650.2732348456047
1764847732.0781329,104.73963815905154,-332.0750668155961,-339.54925687704235,-338.1991529930383
1764847732.0831327,313.7813461823389,60.46670248359442,63.69610609533265,61.164193825330585
1764847732.0881329,412.80267730914056,-219.93042674427852,-214.92831055354327,-214.97692925296724
1764847732.0931327,200.5783144235611,-650.076890097931,-653.0482406127267,-645.6918573998846
1764847732.0981328,71.31989215500653,-367.39842189708725,-375.6654707491398,-368.49234263412654
1764847732.1031327,294.7602150077,45.20417076442391,48.62056937394664,46.21955360239372
1764847732.1081328,395.3710036156699,-226.7894032630138,-219.49098849948496,-221.2861404782161
1764847732.1131327,197.130126664415,-646.531464939937,-648.870772362221,-644.4801298142411
1764847732.1181328,82.32267782464623,-360.4945665788837,-363.0919270981103,-364.52430878113955
1764847732.1231327,308.8858171403408,66.63753741048276,69.63880712492391,67.22657165350392
1764847732.1281328,388.9570751916617,-233.4277256843634,-230.26938017178327,-233.84098462946713
1764847732.1331327,194.2391839986667,-652.8593756649643,-652.2740813218988,-652.1431848234497
1764847732.1381328,136.4315503835678,-349.2599071119912,-356.26286977902055,-350.7614769442007
1764847732.1431327,344.47096521873027,76.27899949625134,78.57716801902279,74.14538657153025
1764847732.1481328,466.5562593722716,-228.15820664679632,-224.96620203461498,-225.30653293058276
1764847732.1531327,264.609141564928,-674.2403837116435,-680.5626845867373,-672.1516495863907
1764847732.1581328,176.7140128063038,-339.16217723162845,-340.80960316210985,-339.9307266725227
1764847732.1631327,403.3444703212008,99.99744501523674,105.9943745941855,98.86986517859623
1764847732.1681328,481.8524501910433,-186.83979193633422,-177.5293109966442,-178.03793739061803
1764847732.1731327,242.2594994297251,-661.2666707653552,-660.5691794236191,-653.5643468066119
1764847732.1781328,116.5764215188101,-369.8630159678869,-370.8372599063441,-372.804447283037
1764847732.183133,338.28517069201916,80.56118494551629,84.94247774360701,76.56884174281731
1764847732.1881328,430.0660555046052,-208.62470917822793,-202.48940330091864,-204.1760981809348
1764847732.1931329,211.41654449515045,-644.7998912604526,-648.3023075689562,-643.0926269306801
1764847732.1981328,107.37252772785723,-353.5944511606358,-357.8822464598343,-356.9435315709561
1764847732.2031329,316.855543945916,64.47213533613831,66.37761436356232,61.975752115715295
1764847732.2081327,409.3470097500831,-228.8276487388648,-223.50390115194023,-225.63938402663916
1764847732.2131329,195.49205048382282,-651.5691101802513,-662.3718112022616,-659.2377750393935
1764847732.2181327,112.21195827051997,-322.37376633053645,-326.5718040307984,-323.1086566718295
1764847732.2231328,322.32327768113464,85.61378978565335,85.15191214112565,87.0218621189706
1764847732.2281327,409.0552975535393,-244.26595575595275,-242.24079992994666,-241.72095383610576
1764847732.2331328,192.62728711776435,-684.3306337920949,-685.7873248248361,-685.6863475260325
1764847732.2381327,104.06645616702735,-357.2894723168574,-366.8430467536673,-361.79044191353023
1764847732.2431328,301.9857017220929,61.22216227464378,65.42767977481708,62.98178520379588
1764847732.2481327,394.7015615236014,-218.03055756678805,-213.48844907060266,-216.66736403293908
1764847732.2531328,174.51869153231382,-687.0084021603689,-684.5269785397686,-679.9605606938712
1764847732.2581327,80.20215454977006,-376.4938585893251,-378.68730991333723,-378.45543611608446
1764847732.2631328,285.56754091661423,66.72729500941932,73.77139657596126,65.98118496825919
1764847732.2681327,390.57271197251976,-205.94320090999827,-202.56794119998813,-205.70945716276765
1764847732.2731328,189.96821824926883,-677.3893794743344,-682.387755765114,-674.6835618563928
1764847732.2781327,91.42933421675116,-377.06980318250135,-387.87250420451164,-383.3771444577724
1764847732.2831328,294.15061131492257,82.75276631955057,88.1737513053231,84.05238155415282
1764847732.2881327,399.0884641716257,-192.8161520655267,-191.29962263349444,-189.94951874949038
1764847732.2931328,165.34845684096217,-677.7596295699477,-676.9574210294522,-672.2414071853273
1764847732.2981327,73.21228153258562,-388.1249474515207,-389.6938354829326,-390.72978777065873
1764847732.3031328,275.4249322367832,71.51062705274671,74.80734886368737,73.49464397924021
1764847732.308133,382.3636315697804,-215.07603660179302,-209.81212741415948,-213.44357027113438
1764847732.3131328,188.76397046353668,-693.1680173873901,-695.3091101120226,-691.939460251946
1764847732.3181329,67.84178519621491,-395.99743685824797,-403.004139425233,-398.1235699830577
1764847732.3231328,298.885324658826,78.72115416731685,76.31078864587471,74.37726036878303
1764847732.3281329,378.8780448110774,-189.74569420190528,-187.98981117270887,-183.15412053000182
1764847732.3331327,169.25852224463597,1295.089955655858,1288.1131722885184,1295.1236147554591
1764847732.3381329,77.76186982868239,1579.7468309332617,1576.9512557163835,1574.5109709952958
1764847732.3431327,276.54129237355664,2041.121458916925,2044.0441907322966,2039.4123246371746
1764847732.3481328,372.1181756411679,1766.3753185220994,1767.8806282542646,1768.8249529930763
1764847732.3531327,148.62175428913906,2235.4821896641515,2239.710146564059,2241.3650522944517
1764847732.3581328,37.09045781055465,2516.8180337809026,2511.468106894288,2513.0295151257887
1764847732.3631327,275.1799687896855,2030.1710318466648,2032.4766801693477,2030.6198198413476
1764847732.3681328,389.81538223149255,1778.0774654834531,1784.5718017565086,1780.8599510504864
1764847732.3731327,190.32537869503722,1304.338728246279,1302.9867544122972,1304.435965645127
1764847732.3781328,103.38766432506964,1567.524837878067,1566.464576240629,1565.4005747032352
1764847732.3831327,287.3458633455448,2022.2611434403807,2026.8556105359457,2019.991024167277
1764847732.3881328,424.78718671714887,1759.119912608061,1762.5026521179825,1761.0459610852413
1764847732.3931327,220.3081566398032,1294.9590591574088,1288.4572430844419,1295.2657309537753
1764847732.3981328,127.71197363687679,1588.318681631703,1584.9247224219143,1585.012610070873
1764847732.4031327,359.7802456873469,2050.1121784104034,2051.5726093431003,2054.300866360776
1764847732.4081328,496.86627856316045,1789.2896855506115,1793.6111399494112,1795.1463688812219
1764847732.4131327,286.2351130587049,1311.4968967614695,1308.9631145414896,1309.4249921860173
1764847732.4181328,200.8195379707031,1609.0040682866238,1601.320443827659,1605.6568578262813
1764847732.4231327,412.15380466682836,2068.0599582977593,2067.3213280565105,2069.436241481453
1764847732.4281328,520.7417998802848,1800.812317314092,1808.8400125689805,1804.6681541684084
1764847732.433133,307.67221960471943,1315.3415139159188,2291.231008353643,1317.5143957901746
1764847732.4381328,195.71083463123068,1604.6919636377133,2579.362250689883,1598.8913788064383
1764847732.4431329,399.18383162049577,2062.0125400694087,3047.12836769782,2062.5473457630724
1764847732.4481328,491.8922116220929,1779.6669229646213,2767.793370057363,1787.872263467405
1764847732.4531329,254.9209307297133,1307.5064235087484,2289.5256139738485,1311.3921795627102
1764847732.4581327,162.29108862718567,1602.4218443646096,2577.103351116646,1597.7544492199086
1764847732.4631329,354.80617874627933,2080.2969109527767,3060.502249939367,2080.0351179558784
1764847732.4681327,439.8290643389337,1754.983583257068,2740.596817579586,1758.5664074146189
1764847732.4731328,192.47208126960322,2224.2288306974806,3207.777640244458,2227.6583189568482
1764847732.4781327,86.38607912650332,2541.707067986019,3519.5263508008793,2537.6978952335194
1764847732.4831328,314.1609460278414,2082.754025223665,3066.9012187635526,2083.1242753192782
1764847732.4881327,377.61956847598776,1732.3908476247452,2717.82456674939,1741.4675848172046
1764847732.4931328,178.67185043310747,2215.974871495273,3189.167898064945,2218.701258562971
1764847732.4981327,72.26795679377392,2520.939403532073,3497.9845270561054,2515.2397959996015
1764847732.5031328,287.4505805443041,3005.1012419457547,3011.6441969182342,3002.5618498758413
1764847732.5081327,382.7619309150614,2706.9395879283547,2711.1413655285724,2706.4234817344695
1764847732.5131328,165.5373217887245,3185.717840355821,3177.200218206737,3185.2540927613154
1764847732.5181327,66.62070786068216,3489.05177601194,3484.954715610482,3483.370867979247
1764847732.5231328,279.36117694014683,3004.435539753642,3013.069098801352,3006.930053024087
1764847732.5281327,359.6979678883217,2698.5098534282297,2704.936871502083,2707.4631739221513
1764847732.5331328,144.51908403774723,3171.6146776229143,3166.6462205317803,3173.0807184055448
1764847732.5381327,55.35238929418847,3477.8208564450033,3475.0776398275048,3477.3608487504534
1764847732.5431328,313.6186605342664,3014.8511611302383,3017.0221730545163,3010.3258821838535
1764847732.5481327,400.7658093017526,2725.100542113185,2726.086005751509,2724.6367945186794
1764847732.5531328,195.81555182999,3210.752730659209,3209.1202643285505,3209.466205074452
1764847732.558133,82.69105797028169,3519.6067586499266,3513.1909602759406,3516.7532149837352
1764847732.5631328,294.06646356591955,3037.866505457554,3040.654600874521,3036.7258359710686
1764847732.5681329,394.8380678719841,2738.474424354732,2743.599957244005,2739.4804574428126
1764847732.5731328,197.35639061173424,2256.4705082154833,3232.9995255456306,2259.503567079548
1764847732.5781329,85.81761433323845,2581.0433357199654,3560.078086020425,2581.002196820453
1764847732.5831327,268.90815656399354,3016.859487406444,4000.1764231561683,3021.066874856595
1764847732.5881329,348.8148590172641,2711.401288575493,3701.2667891476303,2717.0036587091163
1764847732.5931327,164.55372810037807,2244.162497461308,3223.287005360704,2250.0977186909877
1764847732.5981328,90.95997677231207,2580.6057674251497,3556.386804764159,2578.8741937456653
1764847732.6031327,298.8348360094242,2095.065775877796,3082.2460282817483,2093.5660759955645
1764847732.6081328,342.19523609569296,1764.5502473437227,2748.424428186845,1766.7754878173582
1764847732.6131327,156.32968809781596,1283.5411445926875,2261.0724551109597,1284.8800287768245
1764847732.6181328,73.6853788769804,1596.688577732537,2577.15196981607,1593.3077081725933
1764847732.6231327,268.6688029668294,2072.330924047157,3061.661618925631,2071.64278245531
1764847732.6281328,373.62909522326663,1800.0456378231756,2786.42555163661,1801.5528175053187
1764847732.6331327,145.5363368256949,2242.5244212807156,3224.3192177484743,2247.8051600181498
1764847732.6381328,34.80911883758381,2530.270453921519,3501.428974915296,2530.4574489193037
1764847732.6431327,240.41759870154783,2057.689215720631,3044.7161322264,2058.9159029060975
1764847732.6481328,326.86538617732003,1753.1585120786913,2733.4760480639525,1751.726130395662
1764847732.6531327,141.07089627860114,1267.4408752834424,3223.272045760881,1270.2906790496781
1764847732.6581328,63.591388896573335,1596.1949109383859,3552.8264200063422,1586.4898705533706
1764847732.6631327,254.45718313520774,2045.4036443661898,4007.633783667814,2041.3832519138232
1764847732.6681328,341.35375860566273,1758.491609415505,3726.7990861451253,1768.9296701918356
1764847732.6731327,143.42703325068578,1271.4163889363408,4214.257646369748,2257.730854500551
1764847732.6781328,55.78995758900419,1555.538458520081,4494.340624001343,2535.712008357048
1764847732.683133,275.83071138197556,2030.096233847551,4971.707064195536,3011.563789069187
1764847732.6881328,344.7795069650747,1776.2673539048992,4723.779746382963,2765.599918733351
1764847732.6931329,156.85701399156824,1291.8287628944963,5209.551611727569,3253.690522050485
1764847732.6981328,48.321377377491444,1545.4706478393637,5464.046193862334,3502.885665948037
1764847732.7031329,263.19732933165506,2026.2478767931461,5949.135527465027,3983.0944301085547
1764847732.7081327,357.8205381105654,1751.4157186993398,5676.745524042286,3715.730852226261
1764847732.7131329,168.23752955673262,1266.8948498899117,6160.20239131432,3228.3601796505973
1764847732.7181327,72.70178518863395,1558.9193280800246,6455.319766767789,3517.3889979762025
1764847732.7231328,245.62353943986818,2030.8479537386447,6937.323682907037,3988.483625944704
1764847732.7281327,357.2258940176107,1759.2246298068203,6665.292709880043,3721.6623335559852
1764847732.7331328,160.26032295124605,2217.9644982717,7113.601997368503,4178.805264739785
1764847732.7381327,76.3855866449885,2512.7527625290677,7408.71189302206,4469.442240046337
1764847732.7431328,283.8602765868418,2974.5051204082556,7879.559687593486,4932.686818007845
1764847732.7481327,384.28781009698287,2672.7606422333047,7575.313216348179,4638.42587964423
1764847732.7531328,199.2599996891804,2189.5936172078364,7093.432716907468,4156.496761504095
1764847732.7581327,104.87988440738991,2491.8691611764953,7395.008899584413,4449.818984978832
1764847732.7631328,286.1154362601228,2008.3935944046825,6911.469754513353,3966.5229334048927
1764847732.7681327,387.0590759641491,1753.8429137705825,6661.197519428562,3719.616608280223
1764847732.7731328,177.471342547331,1264.8192054145038,7140.843428645749,4206.820855307858
1764847732.7781327,113.0702653103508,1605.914910923224,7485.533178011887,4547.2059798249975
1764847732.7831328,331.1849706261419,1134.6014988073148,7018.984398439527,4076.464772402309
1764847732.7881327,401.2856553955935,844.8321802904829,6732.453833284322,3787.3761156774126
1764847732.7931328,211.53435134375468,356.9678409206681,7216.90551394457,3300.47293059621
1764847732.7981327,109.31914565479383,639.126463027671,7498.753724355251,3577.1974780675955
1764847732.8031328,307.58620190573856,1129.0589670729823,7013.464306104928,3088.497271057684
1764847732.808133,407.3667327235453,838.3509336672723,6724.566384277772,2809.5998417120427
1764847732.8131328,191.522146680858,1295.318089553155,7175.781574031804,3256.271053019911
1764847732.8181329,97.51976129459217,1598.5660075102933,7475.390569332056,3558.11276859371
1764847732.8231328,306.7185451160185,1113.998389951419,6996.245806708932,3077.632861686405
1764847732.8281329,394.81188857229427,826.4281326085329,6712.647323118988,2790.189760942012
1764847732.8331327,185.33635215414688,1288.4291938347742,7170.018388200086,3251.9140695715323
1764847732.8381329,91.33396676788107,1582.9481852953322,7459.716648617759,3537.5395789374597
1764847732.8431327,308.9026466901414,1107.0833149333484,6990.288146079518,3071.043157964479
1764847732.8481328,407.96511671645567,838.9006989607587,6729.611509317998,2806.4658055491745
1764847732.8531327,180.17155031533912,1255.746208122,7135.940419803839,3217.604227378033
1764847732.8581328,82.40308567369357,1558.2050071884878,7434.91737201158,3515.0515605038963
1764847732.8631327,293.7074331701733,1076.8499636915512,6961.345060322434,3034.837186493445
1764847732.8681328,384.2391913975589,812.5119648734108,6697.01828120416,2774.164289631881
1764847732.8731327,167.3960520667024,1250.4131107851863,7133.120535237249,3215.412646003999
1764847732.8781328,65.61841467255726,1539.1913558137603,7419.045236599632,3499.8077282845043
1764847732.8831327,283.8191376873292,1073.0502253365703,6964.243482788093,3038.315293452237
1764847732.8881328,393.6039008866064,809.9015147043392,6695.612078820821,2767.937356205657
1764847732.8931327,185.1830162559636,1251.1236917767674,7136.209692600649,3215.2331308061257
1764847732.8981328,74.65401296550408,1533.416950282175,7413.757018062286,3489.5304832062684
1764847732.9031327,298.29629041580483,1050.812780200038,6934.889008035883,3008.02958361106
1764847732.9081328,391.26646341430023,775.3784982133657,6661.863221620675,2738.500603654422
1764847732.9131327,170.41789123089984,1251.8567121680826,7129.0253447857685,3218.94311156217
1764847732.9181328,70.42792601557449,1526.6140722627752,7404.126775676385,3484.590075364802
1764847732.9231327,304.8710345379077,1063.5695789488964,6948.060935679823,3022.585274238605
1764847732.9281328,361.54921836638823,763.0630076592788,6649.28593806969,2732.1352939298376
1764847732.933133,150.37202746840194,1246.4675163319334,7128.909407887142,3214.3804336162284
1764847732.9381328,63.961638992186636,1536.625784444157,7413.409207366407,3490.0952080995776
1764847732.9431329,274.3310114997439,2008.4796121036634,7894.657663714606,3972.719947631471
1764847732.9481328,372.9297339315526,1741.7667768136598,7625.891623348929,3706.2576856384985
1764847732.9531329,145.47649842640385,2215.432586001698,8098.805712645873,4175.734806876164
1764847732.9581327,59.197006448637694,2506.5819276021793,8387.890629470814,4464.950620199554
1764847732.9631329,304.3212692444213,2035.3657528851181,7915.586143866647,3993.9850187795237
1764847732.9681327,376.8940278845839,1758.6599049135111,7644.209653331898,3723.846435130108
1764847732.9731328,155.0169832133688,2234.1208660802804,8116.547798035666,4197.957292412873
1764847732.9781327,73.51334347901866,2516.0588340898976,8390.732953437138,4474.8426555823535
1764847732.9831328,283.47132699145004,2034.9468840900809,7919.105389724951,3992.7957305936143
1764847732.9881327,375.21855270443484,1769.202682888601,7656.82433588244,3733.738470512908
1764847732.9931328,149.92323947371915,2242.228969184216,8124.678340539336,4202.748104256112
1764847732.9981327,72.03234309656546,2529.6645901286975,8414.4027802567,4488.358654022217
1764847733.0031328,297.3800149266608,2054.944129153155,7939.682319281157,4021.6041799522936
1764847733.0081327,378.73405866278335,1777.8455916862004,7660.115447843447,3740.1748383366503
1764847733.0131328,152.90019983844832,2239.068753721658,8123.298317455687,4201.012790676672
1764847733.0181327,68.53553663799539,2552.249845961109,8433.633345828857,4509.223555875011
1764847733.0231328,297.3463558270596,2071.609123355709,7957.809614366386,4032.105819027871
1764847733.0281327,368.2585988868959,1766.1808437244035,7652.777764130384,3732.8895132229663
1764847733.0331328,145.05762963136658,2235.848699859809,8120.628028887324,4199.456992295105
1764847733.0381327,80.36110029788688,2553.536371545866,8432.29446164472,4504.36542583257
1764847733.0431328,288.3331969338469,2069.8887693760917,7952.390499330591,4027.6366385808215
1764847733.0481327,350.034066402819,1782.4344489318319,7664.693085389212,3746.4541303622536
1764847733.0531328,152.14847994735464,2251.335625576321,8132.483511746861,4215.12343320949
1764847733.058133,69.85198142239824,2517.969922967255,8389.809198148083,4470.014444739558
1764847733.0631328,272.9734278158285,2061.6535096736625,7942.670499345753,4022.782248438336
1764847733.0681329,333.08857970358804,1757.8969653225504,7642.859549447894,3724.6991323200054
1764847733.0731328,129.5632241149433,2229.1168799395673,8108.970760725439,4193.432013466489
1764847733.0781329,54.279038006905466,2536.5609656469896,8416.95339202648,4491.784402381629
1764847733.0831327,285.95462056202814,2073.0489848386496,7959.601026445162,4035.651244185865
1764847733.0881329,365.24797942256555,1784.1174039118923,7672.6927313944325,3748.623272336554
1764847733.0931327,143.943139444571,2221.038696035277,8100.488667625934,4181.83832360385
1764847733.0981328,55.84605608833954,2510.0188956614584,8387.628836473916,4470.444533234462
1764847733.1031327,270.87534394068643,2038.840119943954,7923.574570172001,3996.0270041553304
1764847733.1081328,360.16545538278297,1780.5420595542528,7667.056702161208,3745.522895273287
1764847733.1131327,158.77184276888147,2247.655564019922,8128.758571390994,4211.21897765575
1764847733.1181328,92.03332805959508,2550.922181476839,8426.452737913933,4512.342632438056
1764847733.1231327,295.1622542529367,3023.082680932712,8908.609989951365,4984.742485491093
1764847733.1281328,375.2746512037702,2749.7913616206497,8638.247012304608,4716.369134620763
1764847733.1331327,169.05282774707302,3216.5607952903956,9099.799285536166,5177.895228552632
1764847733.1381328,82.2422699755989,3514.3746386119165,9394.88674178999,5477.141453557182
1764847733.1431327,281.8145513110794,3994.029897578992,9877.795713718515,5951.444915687665
1764847733.1481328,372.2602918394841,3727.29836278921,9612.3245252138,5690.083877234254
1764847733.1531327,160.3949593496509,4214.955137711484,10092.516459824517,6178.922460542526
1764847733.1581328,87.68008451117203,4501.792374663055,10383.097336631734,6465.501644397154
1764847733.1631327,303.51345085399225,4977.97700647125,10860.575973824598,6937.396610956173
1764847733.1681328,372.7876177332364,4712.09442897141,10603.0034540263,6679.296765264124
1764847733.1731327,157.47409748425707,5201.598714471795,11082.686762243044,7163.789584823884
1764847733.1781328,67.59308184916154,5460.076290059369,11339.500082350336,7414.383451304864
1764847733.183133,301.24707148084417,5946.306293148547,10852.172418624163,6930.589993036818
1764847733.1881328,392.37721370114014,5688.176528256852,10596.1669169073,6674.943521715701
1764847733.1931329,155.9856173018925,6166.7453462868,11067.966516017448,7147.543459416367
1764847733.1981328,81.58778748335317,6452.251178854145,11347.320213157684,7426.9457752560265
1764847733.2031329,300.14754089387134,6934.543067289982,10863.036827995442,6936.962782561313
1764847733.2081327,377.3727350789122,6675.339951111004,10601.099844948854,6681.7351800352335
1764847733.2131329,176.00904166465625,6206.822114211973,10124.687079243362,6203.777835648041
1764847733.2181327,85.48850313713774,6472.461598214693,10393.991665202659,6473.3890934037045
1764847733.2231328,299.99794489564374,6932.93117040908,10852.258436323144,6931.7867610226385
1764847733.2281327,385.37612098408863,6643.375026189722,10569.871680318844,6647.466476741247
1764847733.2331328,184.68186966190115,6181.013064617757,10102.086863811128,6182.557643299457
1764847733.2381327,90.57102717692032,6457.367361993529,10374.18889493728,6453.189893743023
1764847733.2431328,315.2791761145927,6946.002120754216,9891.296752558555,5966.531672108918
1764847733.2481327,388.4989374470897,6689.327176945284,9628.959600216709,5709.235904907342
1764847733.2531328,186.83605203637853,6203.583360850345,9142.78195572691,5227.1048321696
1764847733.2581327,92.9496035487391,6460.340582458302,9395.421547483653,5480.118413921911
1764847733.2631328,303.81264285044745,6921.157965348568,9863.999222781975,5942.293380496092
1764847733.2681327,381.9354130248539,6663.963175445795,9612.664856109768,5692.488632905763
1764847733.2731328,188.04777962202206,6195.363060747739,9131.77917005727,5216.928564390168
1764847733.2781327,78.06854162504897,6451.394741764292,9388.82062406186,5465.932973389979
1764847733.2831328,300.308356591966,6933.74646859942,9878.143524414394,5950.244407801889
1764847733.2881327,395.8777600596659,6692.8426829036325,9635.63158173766,5712.280183471274
1764847733.2931328,173.18167729815468,7173.569423208013,10109.301130825654,6192.35992108332
1764847733.2981327,77.95260472642258,7432.454647890758,10373.149202749599,6445.788631730713
1764847733.3031328,307.2458710097708,7917.222350097261,10860.403938426636,6930.5451142373495
1764847733.308133,397.0670482455753,7666.0114001235925,10612.532719113398,6689.286038045771
1764847733.3131328,175.915544165764,7175.974178879522,11095.81007118756,7179.007237743586
1764847733.3181329,89.65101178782061,7442.933847566601,11361.774926486425,7441.718380081002
1764847733.3231328,302.36156166763976,7915.277602120303,11836.803929208312,7912.5175559530035
1764847733.3281329,397.44103824114427,7666.534986117389,11592.926923047751,7671.1612423625775
1764847733.3331327,180.24634831445292,8142.444735278841,12063.78032746911,8143.390929967631
1764847733.3381329,93.54985749162734,572.3150202692486,567.0417613317259,570.9312572856434
1764847733.3431327,296.74610188417137,1051.9627994364128,1050.4930187538266,1052.0226378357038
1764847733.3481328,384.551473043859,793.5899410475977,796.0807144180872,800.1983442693017
1764847733.3531327,191.80450912751257,1275.4199518389069,1278.6362658008002,1281.2130568702705
1764847733.3581328,106.27673704084009,1572.276380771771,1569.9352033995092,1567.5192280281335
1764847733.3631327,360.8779063243419,1088.804553899914,1088.441783604212,1084.2119567543268
1764847733.3681328,423.977498376742,804.8881788137369,816.126578180585,813.1196986162104
1764847733.3731327,218.08478611614555,1290.615165358875,1287.6082857945003,1291.8156732446514
1764847733.3781328,112.19325877074152,1559.1343723274767,1559.7963346196339,1557.1260460512713
1764847733.3831327,329.27949159871787,2043.5954027376138,2047.2343253945,2043.08677634364
1764847733.3881328,410.831750032492,1792.2572961654514,1797.833486999385,1799.2060302831233
1764847733.3931327,188.3825006680563,2277.4906159164384,2275.8600195357576,2280.3366797827184
1764847733.3981328,96.59787595551461,2558.1644977410324,2555.0005423785187,2552.924897903111
1764847733.4031327,311.114797513932,3021.05378520675,3019.50920652505,3019.1314766295254
1764847733.4081328,394.49960692599416,2770.545936424751,2772.8422349975444,2774.8543011737056
1764847733.4131327,179.81438986957073,3249.2456509531476,3244.671753307339,3247.106428178493
1764847733.4181328,86.40290867630392,3524.171306545846,3520.0087978951633,3520.954992583953
1764847733.4231327,310.68096911907196,4000.326019154396,4002.54377982812,3999.555599763524
1764847733.4281328,412.6343818111345,3739.8737763902172,3743.299524749629,3744.5860503343865
1764847733.433133,164.1105499556288,4193.658277413808,4191.750928436406,4199.275607147254
1764847733.4381328,72.81585213728249,4476.030073818285,4472.929696755018,4471.8152065682225
1764847733.4431329,298.90028425864875,3990.362925672438,3994.7573081203736,3992.0458806524985
1764847733.4481328,395.2288874173537,3745.229313126765,3747.2376394029707,3752.7988706370816
1764847733.4531329,167.0426315208897,4227.908281208016,4229.47529928945,4231.891274660826
1764847733.4581327,76.38371669501066,4493.67492180923,4492.803525119554,4488.700854868162
1764847733.4631329,312.2255478007719,4973.4909964744,4975.207610554062,4967.716590942815
1764847733.4681327,394.61928372457623,4723.540392785799,4732.254359682556,4733.0472184731625
1764847733.4731328,176.25400511175394,4236.861601701938,5216.088956850115,5220.965786392335
1764847733.4781327,99.80671011749655,4504.423394281883,5478.601884489879,5481.197375059128
1764847733.4831328,311.9562750039622,4973.401238875464,5958.309502056334,5952.183545928914
1764847733.4881327,416.14614786952734,4741.461993373465,5724.634942974895,5727.9484943356365
1764847733.4931328,168.61338950227946,5199.319245448802,6173.729609454051,6182.428616750985
1764847733.4981327,82.73032691981643,5465.085886050016,6438.161105771083,6437.81703497516
1764847733.5031328,311.3429314112291,5945.335789110046,6924.200373962522,6923.882482466288
1764847733.5081327,395.80109211057425,5714.959821789525,6699.183683278505,6696.707869507838
1764847733.5131328,179.1262482777238,5239.897159968037,6214.352402772754,6214.415981072001
1764847733.5181327,94.34645618218929,5489.327917562798,6462.601351981517,6462.623791381251
1764847733.5231328,300.067133044824,5926.2847387357615,6912.5019669011235,6903.952555602416
1764847733.5281327,395.2924657166004,5695.478682920337,6681.363059989642,6680.446784500498
1764847733.5331328,164.73137334827334,5207.397429353092,7167.6435517282225,6193.895150015131
1764847733.5381327,88.03724495694041,5471.028587079607,7427.164559403434,6448.30745435087
1764847733.5431328,300.9983681337908,5945.474165408406,7906.026959579904,6920.868123102002
1764847733.5481327,383.08917216118425,5696.780168104917,7662.763297012076,6681.505176187959
1764847733.5531328,166.16375503130257,5212.408895293716,8147.484250469133,7169.659357804339
1764847733.558133,81.87014993000776,5472.876097657718,8416.081995336805,7429.8161484720185
1764847733.5631328,303.5115809040144,5952.725831422489,8898.34022467304,7912.504466303159
1764847733.5681329,397.39802939165384,5717.615150758065,8667.201317761559,7690.244081886485
1764847733.5731328,166.10391663201153,6197.926762167364,9133.94083223166,8160.93667060975
1764847733.5781329,84.29360510129482,6450.749609021936,9384.164448617026,8403.486012286041
1764847733.5831327,306.87001106422395,6920.165021910332,9864.522808775771,8880.302687186748
1764847733.5881329,399.0398454722017,6692.810893754009,9639.251804894768,8659.508343552705
1764847733.5931327,174.1970601361245,7178.758534396533,10116.070349745452,9144.513529406395
1764847733.5981328,88.96100024599582,7426.151046515442,10371.428848769981,9385.073244306259
1764847733.6031327,308.1789760487154,7900.144096949603,10844.722537912428,9859.391666036565
1764847733.6081328,394.7165211234242,7673.620226583444,10620.188294322696,9638.975052298047
1764847733.6131327,167.54003821499646,8159.87827892229,11096.700167377014,10122.488018069416
1764847733.6181328,79.85808375384659,8414.118547860067,11349.971802226268,10370.359237382654
1764847733.6231327,314.02443967945874,8878.22704271134,11818.938427119981,10838.233811489306
1764847733.6281328,389.5143202850595,8648.348482084926,11588.955149294809,10613.991280096117
1764847733.6331327,169.36510939337313,8168.457609420642,11106.996111955028,10128.913166193292
1764847733.6381328,77.21397448517382,8395.101156585384,11335.28895500023,10354.591819169465
1764847733.6431327,315.8569906577468,7906.580464773346,10853.716997305863,9867.52594844019
1764847733.6481328,400.06457806006074,7681.533854889683,10627.36890223762,9648.609034583904
1764847733.6531327,170.6030162787065,8145.090714497492,11078.266200495418,10106.178314362653
1764847733.6581328,87.20698716677725,8392.513145816047,11331.20124434866,10350.055320523214
1764847733.6631327,310.32193872332573,8872.463856879622,11818.807530621532,10833.932926540263
1764847733.6681328,401.43712134379894,8653.965811818372,11599.815818766132,10620.928794513922
1764847733.6731327,175.16569422464818,8172.822072668932,11112.089855694678,10137.481276991777
1764847733.6781328,86.06257778033614,8413.015277373139,11353.767800681293,10374.001899939496
1764847733.683133,299.1845166552812,8874.371205857024,11819.450793413911,10837.373634499498
1764847733.6881328,397.046478795819,8646.553330106195,11590.929816471413,10611.683761823457
1764847733.6931329,177.48443219717592,8170.735208493657,11112.1048152945,10133.67779873684
1764847733.6981328,87.55479786265641,8411.033130396623,11349.724968829192,10370.25826008385
1764847733.7031329,299.1882565552369,8862.69523819536,11800.766253235284,10823.794057760388
1764847733.7081327,379.39041110500693,8634.237839552108,11577.069747235626,10599.622584466357
1764847733.7131329,161.12984969094396,8156.624565960839,11099.430294344667,10119.316582906991
1764847733.7181327,88.83758354745805,8413.35186836915,11348.128031548113,10372.554558656644
1764847733.7231328,302.4831084161997,8886.33140591532,11827.181166622322,10841.121014255099
1764847733.7281327,386.8963903160766,8653.045796429273,11602.332771436311,10618.247286245693
1764847733.7331328,174.99739872664213,8174.643403947353,11112.433926490601,10138.117059984244
1764847733.7381327,94.64564817864448,8431.28842855664,11371.292971873656,10386.104216196109
1764847733.7431328,310.54259282071143,8899.26024006214,11845.92554520024,10858.290894951671
1764847733.7481327,393.343977839686,8646.60942860553,11591.61795806326,10610.83854443347
1764847733.7531328,179.54511707276106,9134.352221226785,12072.430716066621,11098.951587150339
1764847733.7581327,75.39264320675284,9378.63313658256,12316.99586381903,11336.265068888664
1764847733.7631328,309.94420882780105,8897.1958152866,11840.420412465464,10857.486816461198
1764847733.7681327,391.4067096626386,8677.400024940725,11619.641028431244,10637.302076519933
1764847733.7731328,175.13951492495835,9105.315637970809,12047.489323262125,11068.037574116606
1764847733.7781327,87.75301256030798,9370.124864183366,12306.625121241901,11325.307162018493
1764847733.7831328,294.68167710863054,9856.30624857312,11820.236172404606,10839.329602176324
1764847733.7881327,384.68984934221953,9623.304871483706,11590.088338981383,10609.32014505146
1764847733.7931328,166.5938435262069,10105.942700665444,12066.607691835612,11088.805238570552
1764847733.7981327,93.1160290967673,10377.76423929492,12333.07369372854,11352.58225239534
1764847733.8031328,304.79062668886036,10852.598767219111,12812.680333996192,11826.788477126975
1764847733.808133,382.20281587168574,10595.504954615142,12560.706444431562,11585.017034641467
1764847733.8131328,185.03529020771384,10118.05997652188,12075.931262425147,11097.463106967974
1764847733.8181329,91.26103871874511,10370.299398983363,12321.083574470598,11341.06710043177
1764847733.8231328,287.2542357966304,10841.730617947876,12803.222127008252,11820.479265901726
1764847733.8281329,380.7367750890553,10607.005146978889,12574.009268573951,11593.70856213849
1764847733.8331327,192.24955722223967,10134.014389732853,12088.19813427981,11122.124007275794
1764847733.8381329,86.7432395722717,10372.831311253365,12332.647345133591,11352.716888793744
1764847733.8431327,309.27102683577687,10853.915212003514,12815.904127757996,11827.300843420904
1764847733.8481328,390.4044164745137,10596.406270504463,12561.09913392691,11582.372925372794
1764847733.8531327,176.64669460710138,10128.935605593026,12086.10753020458,11107.744091946166
1764847733.8581328,79.79824535455555,10372.842530953232,12337.131485180464,11355.076765665784
1764847733.8631327,301.90716382302344,10844.958151609637,12806.438440970145,11824.806330150459
1764847733.8681328,391.65354305971414,10588.092472902965,12554.9469984998,11575.024021959864
1764847733.8731327,167.58491701446474,10098.866809949279,13039.473477159161,11086.093811102677
1764847733.8781328,87.15836846735328,10364.73068794934,13301.212245508097,11342.121752219275
1764847733.8831327,319.49591331463307,10848.806508664042,12812.414801099338,11828.351755308453
1764847733.8881328,388.87105749268085,10613.437774902675,12580.576532896142,11598.66392957978
1764847733.8931327,169.86999588739127,10134.923185422085,12092.525198528543,11114.771363962907
1764847733.8981328,86.8180375713855,10357.123731439468,12313.644913458731,11337.76102887094
1764847733.9031327,310.2621003240347,10837.743884595111,12800.218987343833,11815.707153558265
1764847733.9081328,396.54533220175654,10641.311249272432,12608.289191567805,11623.395887986757
1764847733.9131327,172.96289315074682,11121.506923783105,13082.05223815469,12101.489738722332
1764847733.9181328,82.39747582376003,11331.021729150787,13288.982772652991,12309.231831511017
1764847733.9231327,315.99162705615163,11809.397942333017,13775.216515642125,12789.874424066395
1764847733.9281328,384.8805842399597,11582.803013867699,13551.658385940827,12574.428137368988
1764847733.933133,166.58636372629553,11102.328716810327,14038.342786874622,13063.348998476285
1764847733.9381328,73.65732962731272,11337.330940376036,14271.5498584616,13292.614215509966
1764847733.9431329,300.5084412395954,11808.448007744271,14752.96287040785,13765.2422024603
1764847733.9481328,400.06831796001643,11603.264006525278,14553.018469026778,13572.235315497033
1764847733.9531329,171.3061174703762,11113.327762580011,15036.68477069633,14059.738754521124
1764847733.9581327,74.10237772203982,11350.28221392259,15262.296105473302,14286.76003158139
1764847733.9631329,310.4453554218635,11822.854102373589,15747.430317875464,14764.530380970798
1764847733.9681327,394.57814482506365,11608.159535567276,15530.615227794275,14554.566787608434
1764847733.9731328,160.14251610264182,12077.962028101087,15996.344969276339,15023.108933857176
1764847733.9781327,77.65902257990092,12332.99515582947,16249.784899623599,15267.505786111578
1764847733.9831328,319.76892601139843,12810.548591021448,16734.552601830103,15748.365292864386
1764847733.9881327,389.4918808853254,12590.663043076638,16518.784683736507,15538.513896500692
1764847733.9931328,165.31479774136096,13053.243788796011,16972.778619157616,16002.119374807924
1764847733.9981327,71.43208915367723,13277.751853086054,17197.86636794079,16214.85797393741
1764847734.0031328,325.20300064701587,12816.730645648204,16738.60665338207,15756.73518896522
1764847734.0081327,394.6043241247535,12586.874524421524,16510.70275993226,15529.571795706637
1764847734.0131328,154.6336434679106,13052.974515999202,16976.48112011375,15998.630048149265
1764847734.0181327,78.39578287117183,13315.64825933706,17236.67156988103,16254.246600270737
1764847734.0231328,310.93902221601456,13776.061733032111,17697.990099365357,16715.81196315214
1764847734.0281327,398.12730988301337,13545.54738941323,17471.26427440159,16494.523952723946
1764847734.0331328,159.99292010441422,14031.95877765026,17955.525220164098,16978.156595293898
1764847734.0381327,89.24523264262825,14296.532390165608,18212.675131267402,17230.897164349444
1764847734.0431328,321.9343280857429,14768.906063918956,18691.94518053904,17710.82917591324
1764847734.0481327,386.0773522257805,14525.754598349798,18450.63000584813,17469.23350872565
1764847734.0531328,163.28403206542134,14049.065080047585,17967.52281922195,16995.16192039242
1764847734.058133,79.70848775561899,14283.842909615953,18204.48475036444,17229.9808888603
1764847734.0631328,305.46380868088454,14752.708557210863,18677.98413400445,17694.650368704926
1764847734.0681329,386.80663271714,14553.960923815612,18480.171475598123,17495.121096218936
1764847734.0731328,173.28078464698046,15029.582700680476,18952.644256700296,17972.706320560537
1764847734.0781329,74.42400911822915,15253.548479476944,19170.63367536757,18186.92218017252
1764847734.0831327,307.87604415230453,15739.385793070775,18684.730913524516,17702.623835410457
1764847734.0881329,400.0421386603266,15533.89885995537,18476.57369184075,17496.22062680591
1764847734.0931327,178.62510168366134,15050.571019231807,17989.39749406278,17013.59214737406
1764847734.0981328,69.60327807534486,15240.986155525781,18178.526104771998,17202.567422185093
1764847734.1031327,308.377190746367,15705.386362573598,18652.003049012274,17666.320626540575
1764847734.1081328,416.92030716035515,15520.379121615551,18460.88481152663,17484.48856064491
1764847734.1131327,155.6284568561241,16000.63837442547,18937.961409474257,17965.316278248094
1764847734.1181328,83.68400140851736,16258.899035815615,19196.04255566653,18219.1152389911
1764847734.1231327,313.1567828897387,16712.599389090203,19655.147064377088,18670.676369491033
1764847734.1281328,385.31441263481975,16490.02485307725,19437.62887310423,18455.379678791855
1764847734.1331327,168.32167730573565,16010.60894770734,19926.97982270643,17969.288052001037
1764847734.1381328,89.66784133762121,16244.193749189842,20159.64834869979,18199.907112818677
1764847734.1431327,309.31216573528945,16727.936718808487,19672.990127065685,18687.311444493942
1764847734.1481328,373.5561671741307,16495.76933940919,19442.4084652476,18462.42191040842
1764847734.1531327,147.4455557530746,16974.618649935815,19913.31422826834,18938.615891966503
1764847734.1581328,93.08610989712179,17224.763728422113,20160.68056108756,19184.02251720894
1764847734.1631327,296.49926848709583,17691.04510514764,20639.154011668637,19648.961269850377
1764847734.1681328,395.924508809112,17495.521265514195,20435.41361183254,19453.979715710506
1764847734.1731327,183.9806384202093,17977.149321707897,20913.61591966683,19933.363831930794
1764847734.1781328,99.91516721621156,18228.109698384535,21166.169493724592,20182.678652626928
1764847734.183133,310.95024191588163,18672.209728472866,21617.992417221423,20630.757936268114
1764847734.1881328,409.2235930515453,18471.67068299884,21417.976957741193,20437.130225912202
1764847734.1931329,156.00992665160447,18929.060447579715,21865.175494942814,20890.219105544034
1764847734.1981328,68.4401691891253,19167.34630330652,22106.03814173909,21126.844445690513
1764847734.2031329,306.0771522736177,19655.090965877753,21620.759943188634,21614.469431463163
1764847734.2081327,369.60309292096645,19424.22133176308,21384.093464142643,21387.631409500726
1764847734.2131329,157.95467462856323,18945.762840781827,20903.574288285803,20907.34410744114
1764847734.2181327,101.25405140034854,19203.881385973655,21159.086123208515,21161.808770376258
1764847734.2231328,304.35305839404464,19653.10507900128,21620.587907790672,21614.61902746139
1764847734.2281327,393.13080354221165,19454.177930408157,21419.813248619437,21421.522382899188
1764847734.2331328,173.37054224591702,18965.105603352655,21901.38894621376,21910.181451009586
1764847734.2381327,77.4421083824709,19177.062563391402,22119.628938178066,22114.83438643487
1764847734.2431328,290.4817694583908,19632.12424024986,22574.271746241488,22573.430268751457
1764847734.2481327,413.21406630426645,19455.075506397523,22399.36597506376,22396.785444094334
1764847734.2531328,162.21816057804972,19922.099253264256,22859.818717708346,22864.220579956193
1764847734.2581327,66.95168900676072,20137.956928956788,23077.250891282223,23080.302649646066
1764847734.2631328,307.91344315186143,19673.24444026267,22616.10252724588,22613.36118057836
1764847734.2681327,395.87963000964373,19441.843740354292,22390.44631366944,22388.40806819359
1764847734.2731328,173.55379734374583,19929.257421779446,22866.154108233284,22872.867228653748
1764847734.2781327,74.68580211512744,20161.058290983085,23099.159225222655,23098.17563153431
1764847734.2831328,291.6598379444331,20642.21324983239,23583.45570003474,23578.395615394693
1764847734.2881327,400.10197705961764,20437.126486012246,23382.310790767893,23380.62035598792
1764847734.2931328,157.46100783441216,19951.689341713674,23872.218985463493,22894.308075099718
1764847734.2981327,70.13808376900852,20151.730980493594,24068.25519139087,23090.59111442417
1764847734.3031328,285.0663943225518,20615.80955614522,24538.485902469605,23551.62167161191
1764847734.308133,398.7892721751705,20402.427694223356,24333.10368655296,23351.946543027647
1764847734.3131328,156.0024468516931,19920.659391781315,24819.64597128844,22864.21310015628
1764847734.3181329,86.91901487018913,20162.210180169437,25059.554943596013,23101.19373079855
1764847734.3231328,294.16183101478964,20616.422899737954,25518.838967504445,23559.284726621117
1764847734.3281329,417.2045395569876,20432.283315569628,25346.588525295258,23380.575477188453
1764847734.3331327,178.62510168366134,20902.011010104325,25801.285561908036,23843.06646530889
1764847734.3381329,55.746948739513755,21128.28804707341,26027.801952474285,24069.62399477465
1764847734.3431327,299.9755054959096,-918.0425918730907,-916.1950812949799,-919.2187904091552
1764847734.3481328,374.20877971639857,-1155.741283306852,-1152.2893556477502,-1153.1701020873152
1764847734.3531327,164.56120790028945,-1632.9693472026847,-1637.2253533522598,-1630.5477619813755
1764847734.3581328,78.68936501769349,-1399.8146342150867,-1409.8974044956267,-1404.4838993097655
1764847734.3631327,303.9061403493397,-948.4741578125395,-946.4134729369543,-945.899236693047
1764847734.3681328,396.15451265638694,-1139.7382513964549,-1135.6505407448858,-1134.418243709486
1764847734.3731327,187.97298162290826,-1625.8074387875386,-646.0714572453871,-1619.4776581125334
1764847734.3781328,87.96431690780446,-1404.1940570631996,-426.46266189729795,-1409.9628527448513
1764847734.3831327,313.4653246360831,-933.3649619915523,50.66068479977548,-935.8837846117094
1764847734.3881328,385.21530528599396,-1146.8926800116897,-160.01348955417052,-1143.5809986009263
1764847734.3931327,184.65569036221132,-1600.3648993889801,-621.5377135360613,-1597.2215134762228
1764847734.3981328,89.86418608529493,-1414.4937415411696,-435.1205302947201,-1424.0847149775364
1764847734.4031327,300.7496647867374,-943.511310571339,38.793982240371406,-943.7487942185253
1764847734.4081328,385.866047878284,-1137.445692723617,-153.4985838313587,-1127.1553579955362
1764847734.4131327,171.64457841636613,-648.3266169186682,326.6148128802888,-647.086840083357
1764847734.4181328,72.47739119129255,-444.90784847876057,534.9478098619729,-445.7362363189459
1764847734.4231327,307.9078333019279,25.666933395899832,1009.3784285909496,27.2171219275333
1764847734.4281328,382.7993299146183,-173.59680619323626,813.0093715675175,-169.64560189004987
1764847734.433133,192.64037676760927,-641.91268849466,340.60203871456906,-633.8214149405248
1764847734.4381328,84.97987674316391,-437.98903356073424,530.9573366092518,-442.8752128528431
1764847734.4431329,324.0642011105083,-914.7514799120836,69.70799527410418,-913.5939808757976
1764847734.4481328,374.80716370930895,-1149.9967969749123,-164.08624060591683,-1144.7815064867027
1764847734.4531329,145.24836452910677,-666.0612225085497,312.8071022438817,-663.8079327852465
1764847734.4581327,82.4292649733834,-428.87489736871794,547.6971288109198,-432.52316977549344
1764847734.4631329,300.7945435862057,51.662977987900376,1034.0468086986803,50.65133504988626
1764847734.4681327,398.2077177320607,-161.85352033236995,824.4160664323717,-158.4072025232017
1764847734.4731328,160.98960344260558,319.03403567010537,1294.0577432680875,316.855543945916
1764847734.4781327,74.84100796328858,547.7158283106983,1524.661844485905,539.7330118552782
1764847734.4831328,295.8653554446064,1024.1697329157032,2010.8394889757037,1026.3931034393609
1764847734.4881327,388.6073945458047,809.4676863094792,1795.011732482817,815.3374592899345
1764847734.4931328,147.59328180132434,1296.7467313362285,2275.929207684938,1297.8107328736223
1764847734.4981327,70.44288561539724,1535.6646301555447,2507.573001090437,1531.354395456612
1764847734.5031328,287.39074214501306,1981.7131481207907,2959.653977684211,1977.7582039176486
1764847734.5081327,384.06715599959716,1811.7103857849725,2799.898541226983,1813.922536608763
1764847734.5131328,183.60477847466245,2300.893039889168,3280.561703232117,1324.6669544554316
1764847734.5181327,69.33961512846872,2533.580265382305,3511.809067242313,1553.292648596689
1764847734.5231328,278.87872984586284,2044.1320783812553,3028.7299298658036,2042.724006047938
1764847734.5281327,407.9987758160569,1814.6723865498789,2798.948606638238,1823.7360340924934
1764847734.5331328,163.0203691185452,2246.380258135032,3227.3691061623394,2251.4235132252797
1764847734.5381327,80.46955739660189,2520.3073604395613,3497.301995314192,2517.1452750270255
1764847734.5431328,319.086394269485,2048.369385031052,3030.4203646457754,2049.201512771193
1764847734.5481327,384.43740609521046,1805.4273538594134,2790.743266135454,1809.606692059897
1764847734.5531328,168.70501705119386,2246.9412431283854,3221.587220830843,2247.6275147702545
1764847734.558133,91.07965357089415,2506.26029620599,3483.6177013763227,2504.066844881978
1764847734.5631328,305.10664823511615,2043.1559644928202,3026.9459975869395,2041.385121863801
1764847734.5681329,387.88185395440087,1770.324652875308,2758.015401623212,1777.163059944287
1764847734.5731328,164.47519020130858,2218.1888922690414,3195.5275979395956,2222.798318964429
1764847734.5781329,96.20331651018932,2524.8737782854587,3501.849713660311,2520.0623969924636
1764847734.5831327,292.6079025832005,3008.4222731064074,3988.9324139393866,3009.871484339237
1764847734.5881329,381.28467043256387,2776.4119695052505,3764.1999556520022,2784.7837355560623
1764847734.5931327,161.64034603489563,3216.4074593922123,4196.98865832435,3219.1057972102426
1764847734.5981328,84.26555585162714,3497.0402023172937,4471.450566322543,3494.3044654997066
1764847734.6031327,302.81408956227824,3022.974223833997,4003.9855112610385,3025.249952957034
1764847734.6081328,404.0307419630699,2776.4381488049403,3760.063626301009,2781.268229597714
1764847734.6131327,161.48327023675665,3211.500710650347,4188.386888426263,3211.0051739062183
1764847734.6181328,74.09676787210628,3491.1349002872594,4470.897061129101,3487.157516684383
1764847734.6231327,269.2223081602715,3028.651391966734,4008.308835609816,3022.5310456892475
1764847734.6281328,400.86304670060053,2787.186621277593,3769.847204585094,2791.3883988778107
1764847734.6331327,184.0311270696111,3230.076793730259,4207.890466695186,3233.261318542529
1764847734.6381328,106.49178128829226,3526.043126473669,4505.558453918435,3526.490044518374
1764847734.6431327,320.5449552522041,3051.5470594954677,4032.891198018566,3052.3118690364063
1764847734.6481328,372.3537893383764,2747.992469741963,3731.808682135772,2755.358202704694
1764847734.6531327,165.58594048814848,3220.790622140281,4195.619854940567,3221.379656383302
1764847734.6581328,75.05792216071859,3498.2706294027157,4471.966672516428,3490.897416640073
1764847734.6631327,305.2824235330336,3010.1725462856703,3993.472652485594,3011.984527814202
1764847734.6681328,397.7925888369791,2781.266359647736,3769.3460579910316,2789.4099918012507
1764847734.6731327,179.24405512632802,3244.273453962058,4222.042248127516,3242.6858664308675
1764847734.6781328,77.07372823683545,3490.4841576949693,4468.746618654579,3490.2391942478716
1764847734.683133,308.6071945936419,3037.989922156092,4017.0489818062633,3034.9811726417392
1764847734.6881328,388.0838085520081,2759.0550938108936,3741.4613639214076,2760.859595539514
1764847734.6931329,173.3275333964266,3223.3674132097512,4204.984564429615,3225.2841119370423
1764847734.6981328,115.53485938115045,3517.0037882807665,4496.418138426729,3515.3376628505066
1764847734.7031329,299.59029580047354,3997.8333758339286,4973.541485123802,3995.8306594076566
1764847734.7081327,389.6508266334422,3777.49529999448,4757.635190731846,3775.2195708714426
1764847734.7131329,163.26346261566505,4188.237292428035,5167.255213178694,4189.241455566138
1764847734.7181327,92.27642155671492,4486.567241943441,5464.294897209387,4481.643663651776
1764847734.7231328,316.3151284023188,4018.8067347854376,4999.1037013209425,4008.864210753236
1764847734.7281327,377.98981857160106,3762.7862734687515,4746.329473165795,3766.8496747706085
1764847734.7331328,177.0337742525153,4205.74376412062,5183.202146589756,4203.66998959519
1764847734.7381327,84.07856085384265,4465.631281991489,5444.062038449105,4466.040801036637
1764847734.7431328,307.3842473081313,3990.663987618871,4975.153382004704,3992.038400852587
1764847734.7481327,394.3892798773013,3751.903164597694,4740.020261940546,3757.1296747857705
1764847734.7531328,164.8379604970105,4227.035014568362,5202.223277764395,4221.894522079267
1764847734.7581327,87.71748351072893,4478.94158593379,5460.670934152324,4475.861778320279
1764847734.7631328,334.63689828524366,4025.157084910199,5005.644786343444,4024.1604015720077
1764847734.7681327,362.1812614588998,3736.8201480763964,4727.035329294391,3738.673268504441
1764847734.7731328,167.3175141676329,4218.111613274086,5202.2756363637745,4223.166088064201
1764847734.7781327,91.82389366207644,4480.991051109508,5456.269071904477,4483.004987235647
1764847734.7831328,313.48028423590586,4968.582377782557,4967.621223493945,4964.38060018234
1764847734.7881327,378.5358439651318,4730.954744447954,4736.579553981312,4735.867103039753
1764847734.7931328,172.1719043101184,4241.018500502687,5217.459630183876,5223.183547066059
1764847734.7981327,91.6929971636273,4481.581955302507,5458.800984174479,5456.188664055429
1764847734.8031328,316.58814109908417,4013.6718521462753,4999.933959111106,4993.304986439645
1764847734.808133,393.3495876896195,3765.3780241380446,4752.619984891266,4751.885094549973
1764847734.8131328,163.44671771349385,4211.880939947907,5191.863754887134,5198.328171960544
1764847734.8181329,107.31081937858835,4484.906726363115,5457.67153438786,5460.706463201903
1764847734.8231328,298.2663712161593,3999.905280409381,4981.238199232612,4981.0493342848495
1764847734.8281329,411.55916057387367,3758.7845805161633,4749.803840224631,4748.53788408963
1764847734.8331327,157.48905708407983,4198.843648702372,5176.290811471641,5184.1726506282575
1764847734.8381329,86.37859932659194,4459.542724863626,5433.661376672331,5433.895120419562
1764847734.8431327,311.8272484554909,4026.062140699476,5005.603647443932,5004.378830208443
1764847734.8481328,387.39940686011687,3758.2385551226325,4743.389911800623,4742.928034156095
1764847734.8531327,176.04644066421315,4213.676091926638,5193.251257770695,5196.192689085845
1764847734.8581328,78.61456701857969,4467.710666366853,5446.0928041250445,5449.183831438422
1764847734.8631327,316.1019541048445,4006.6371003296226,4988.51978444634,4982.35081946943
1764847734.8681328,401.7942817895673,3762.273907174822,4743.554467398673,4743.732112646569
1764847734.8731327,195.87913012923673,4228.863825646695,5209.538522077724,5219.050957615022
1764847734.8781328,82.86309336824343,4469.573136544786,5442.84283106355,5444.224724097177
1764847734.8831327,295.21461285231635,4959.76369368704,4956.042493231129,4958.587495150976
1764847734.8881328,408.31292741233483,4735.56604109332,4743.45349009987,4739.438707497437
1764847734.8931327,175.6200920692645,4260.529558571521,4255.865903326776,4258.698877543211
1764847734.8981328,93.86961893783882,4474.98477178067,4473.597268897109,4471.5010549719445
1764847734.9031327,298.09807571815327,4895.444894249085,4891.117830000352,4891.504909645766
1764847734.9081328,388.121207551565,4730.09082755819,4735.696937591769,4729.913182310294
1764847734.9131327,165.51114248903468,5192.787510176189,5192.634174278006,5194.094605210703
1764847734.9181328,78.76790291676298,5446.0928041250445,5442.756813364569,5440.421245842241
1764847734.9231327,312.19001875119284,4975.359076502267,4977.730173074175,4977.002762532793
1764847734.9281328,377.46997247776017,4736.949804076925,4741.1758910268545,4744.106102642138
1764847734.933133,170.81058072624728,5204.403639438562,5205.619106924161,5205.710734473076
1764847734.9381328,59.3802615464665,5440.464254691731,5439.488140803296,5435.99694419466
1764847734.9431329,299.17516690539196,4974.1136898170225,4973.61254322296,4975.2599691534415
1764847734.9481328,369.4104880732484,4706.78377103433,4709.641054600477,4713.263147707563
1764847734.9531329,184.46869536442682,4235.389951069374,4228.766588247847,4234.980432024226
1764847734.9581327,121.77675240719691,4494.895999144763,4491.301955287345,4491.423502035905
1764847734.9631329,294.6124889594503,4971.71267404547,4971.204047651496,4970.495336609893
1764847734.9681327,387.8631544546224,4741.407764824107,4749.736522025429,4750.344255768228
1764847734.9731328,196.04368572728708,5213.536475130357,5211.838560550474,5214.189087672625
1764847734.9781327,81.68128498224542,5460.525078054052,5459.145054970402,5460.568086903542
1764847734.9831328,315.5671484111808,4992.850588595029,4999.907779811416,4994.045486630872
1764847734.9881327,364.1634084354155,4730.831327749416,4737.30135467276,4737.108749825042
1764847734.9931328,179.77886081999168,5207.638652900234,5206.329687915742,5208.339884141926
1764847734.9981327,67.85861474601552,5457.170387793798,5453.3893489385955,5453.529595186934
1764847735.0031328,304.92339313728735,4981.354136131238,4981.649588227738,4981.902031474747
1764847735.0081327,391.67411250947043,4744.5530206868425,4752.047780198045,4753.496991430875
1764847735.0131328,173.85859919013456,5204.586894536391,5203.636959947646,5209.170141932089
1764847735.0181327,66.66932656010613,5435.845478246454,5428.971542127896,5433.36779452581
1764847735.0231328,303.094582058955,4976.398768689949,4979.615082651842,4974.605486661196
1764847735.0281327,391.6965519092046,4737.51826887019,4742.881285406649,4745.239292328712
1764847735.0331328,149.76242377562448,5180.8198303179815,5175.651288579218,5179.718429781031
1764847735.0381327,83.43155816150829,5455.79784451006,5450.778898769524,5453.234143090434
1764847735.0431328,321.2517963438295,4967.980253889691,4970.796398556326,4970.2185840131715
1764847735.0481327,374.0479640183039,4717.214352010749,4725.905879507773,4725.7020549601875
1764847735.0531328,169.8045476381667,4246.964941432234,4244.4779079617,4246.675099185668
1764847735.058133,83.74570975778624,4483.919392774813,4480.501124215312,4475.925356619526
1764847735.0631328,308.3865404962562,3997.9306132327765,4002.0295435842127,3996.672136897687
1764847735.0681329,418.8370058876462,3779.0884973756038,3781.2651191498153,3780.2235570121557
1764847735.0731328,189.15479000890628,4241.777700193692,4239.496361220721,4241.431759447791
1764847735.0781329,67.62674094876274,4471.84325581789,4466.4241407820955,4467.013175025117
1764847735.0831327,309.47859128331766,3992.728412394412,3990.544310820289,3984.3641261435114
1764847735.0881329,380.0953822466545,3741.8129145172425,3746.895438557025,3750.7980241607875
1764847735.0931327,157.77702938066795,4216.110766797792,4213.447958029341,4218.210720622912
1764847735.0981328,66.24297796515748,4469.9097275407985,4463.196607120335,4469.249635198619
1764847735.1031327,325.1749513973482,3992.941586691886,4002.3436951804906,3992.3562923488207
1764847735.1081328,377.62330837594345,3752.8605789863504,3757.808466627728,3756.677146891132
1764847735.1131327,181.16636370355263,3270.067543956451,3270.2470591543242,3275.7578017390333
1764847735.1181328,79.39994600927457,3499.9648040826432,3495.518063035328,3495.8228648817167
1764847735.1231327,311.3186220615171,3964.035899934359,3965.0045340228826,3962.5829488015734
1764847735.1281328,402.6918577789329,3769.499393889215,3774.0022334358655,3770.4100595284253
1764847735.1331327,161.32993433857337,4248.558138813358,4244.836938357446,4249.969951046631
1764847735.1381328,69.69490562425926,4460.530058451928,4450.716560968198,4453.755229682196
1764847735.1431327,312.8258017436601,4948.072766425554,3968.318085383624,3965.6908056647517
1764847735.1481328,415.6954899248667,4766.012566632591,3788.326050266158,3787.262048728764
1764847735.1531327,168.1739512574859,5227.516221164726,4247.29779252829,4248.073821769096
1764847735.1581328,94.34084633225575,5450.210433976259,4467.007565175183,4470.322986485902
1764847735.1631327,295.06875675404444,5930.247162738815,4953.738714858424,4945.84565600194
1764847735.1681328,390.17815252719447,5721.005370067898,4747.84413264785,4743.919107644353
1764847735.1731327,176.1025391635485,5232.411750206724,5228.522254252806,5233.251357746776
1764847735.1781328,90.00630228361115,5442.132250071969,5434.955382057,5437.02915658243
1764847735.183133,326.8018078780733,4956.977468220051,4957.81146591017,4959.77304343693
1764847735.1881328,393.18503209156916,4741.37036582455,4746.198576667346,4746.114428918343
1764847735.1931329,180.31366651365533,5222.119545528665,5219.804547456093,5226.452219627332
1764847735.1981328,112.09041152196005,5454.541238124948,5453.553904536646,5456.132565556094
1764847735.2031329,365.31903752172366,4964.808818727266,4966.289819109719,5942.328909545671
1764847735.2081327,456.03031094698235,4771.973967161961,4775.702647417784,5756.861660893075
1764847735.2131329,222.26412431662902,5233.918929888867,5231.914343512617,6216.312110349536
1764847735.2181327,148.83866848656908,5458.153981482144,5459.64994146442,6436.313595192973
1764847735.2231328,387.18997246259823,4974.368003014009,4976.219253492076,5955.396119990852
1764847735.2281327,456.14624784560874,4753.783093777485,4762.665356172249,5741.81978327129
1764847735.2331328,259.30409347778186,4271.5248644412495,5251.705894078128,5257.620545858052
1764847735.2381327,168.81347414990887,4495.154052241705,5466.026470888872,5471.021107279696
1764847735.2431328,394.5052167759277,4981.799184225965,4983.403601306956,4982.803347364068
1764847735.2481327,456.95032633608207,4754.729288466275,4756.632897543721,4758.414959872607
1764847735.2531328,233.54740248294547,4275.833229190204,4273.776284214575,4276.074452737346
1764847735.2581327,148.26272389339283,4501.553021065891,4499.862586285919,4499.842016836163
1764847735.2631328,331.3532661241479,4959.767433586996,4961.484047666658,4958.243424355052
1764847735.2681327,423.2874868349172,4768.450981403701,4775.066864425316,4771.268996020313
1764847735.2731328,210.83499005204067,4279.083202251699,5259.320330387913,4283.685149147175
1764847735.2781327,84.48247004905716,4471.981632116251,5447.611203507055,4470.861532079522
1764847735.2831328,321.45375094143674,4955.795659834053,4958.619284300599,4953.145940715447
1764847735.2881327,374.6800071108155,4739.477976446971,4738.041854863986,4739.992212690879
1764847735.2931328,136.59049613168463,5218.622739070095,5214.849180014804,5220.116829102393
1764847735.2981327,64.57124268496409,5446.137682924513,5445.026932637673,5444.744570191018
1764847735.3031328,283.0524581964128,5936.152464768849,4959.782393186819,5934.826670234557
1764847735.308133,372.6043626354076,5710.780483589042,4733.3370607197285,5716.605377770029
1764847735.3131328,127.28562504192814,6195.389240047429,5212.784755239263,6193.719374717213
1764847735.3181329,50.79719114815816,6435.556265451945,5451.496959561016,6431.71725814743
1764847735.3231328,270.63973024347797,6905.143713738304,5928.710063857026,6902.3593582212925
1764847735.3281329,358.28428570507094,6685.213286994025,5707.773604024667,6686.8607129245065
1764847735.3331327,162.5454018241726,7168.221366271377,6182.942852994893,7169.700496703852
1764847735.3381329,82.55642157187685,7428.737187334802,6442.594757168554,7425.526483222842
1764847735.3431327,270.79306614166126,6941.697495905217,5965.596697119996,6939.032817186788
1764847735.3481328,346.2436777977273,-172.1924737598747,-168.64704860188067,-167.7083337130025
1764847735.3531327,151.8511579008773,298.01018806919456,296.15519769117236,300.6954362373799
1764847735.3581328,50.496129201725125,550.4179060286842,547.9346124581061,548.5404762509279
1764847735.3631327,234.46180802211165,62.98926500370726,64.5675027850084,63.75594449462369
1764847735.3681328,331.22049967572093,-161.30562498886138,-154.72714096680284,-154.87673696503043
1764847735.3731327,122.96791054308414,289.8385066660121,287.4973292937502,291.48032274656
1764847735.3781328,41.59142740722746,534.9459399119951,532.3205301431008,530.7684716614895
1764847735.3831327,258.976852231659,66.11208146670833,68.32984214043245,65.9026470691897
1764847735.3881328,352.9867174178362,-146.32358576636761,-144.56583278719336,-145.50080777611583
1764847735.3931327,151.24903400801122,296.8096801834181,292.59481293335557,293.9636163171381
1764847735.3981328,76.2939590960741,548.4768979516812,547.4259860641323,551.5772750149481
1764847735.4031327,238.12690997868776,59.75799144199118,60.02726423880085,1039.7969048805535
1764847735.4081328,349.4637316595763,-163.59070386178792,-154.08761807437986,824.3580979830585
1764847735.4131327,150.2243014201522,278.34205420222133,280.6907113743946,1263.4934108802117
1764847735.4181328,65.08173902891576,553.5743815912865,553.1293334965594,1534.1107017239556
1764847735.4231327,264.36230816785246,75.15889945952222,79.90109260333702,1050.8183900499716
1764847735.4281328,370.19025721400976,-165.1502421433106,-161.90026908181608,816.6838232739829
1764847735.433133,158.56801822129637,292.60977253317833,287.5010691937059,1278.565207701642
1764847735.4381328,50.462470102123916,538.9139737649821,532.993712135125,1515.7103939419612
1764847735.4431329,281.2068175682798,67.75015764730051,71.0150903086178,1050.5565970530733
1764847735.4481328,356.59198097512126,-157.10571733862162,-152.89832988847047,826.355204559397
1764847735.4531329,160.16121560242027,292.19090373814106,288.01343548763543,1272.2073777769692
1764847735.4581327,69.92864937148988,538.5736428690143,535.9370134002529,1517.7336798179895
1764847735.4631329,290.81836045440286,78.49489021999761,83.41285866172984,1058.159813662991
1764847735.4681327,387.3227389110252,-145.4447092767805,-146.00569427013397,833.7676862715743
1764847735.4731328,161.21586738992482,283.8733662366867,283.9855632353574,1271.2798825879581
1764847735.4781327,87.24812606628984,560.3735197107308,561.046701702755,1541.3361884383485
1764847735.4831328,288.89605187717825,76.89421303896233,80.00206990214065,1062.8421684075147
1764847735.4881327,366.45035725831985,-166.98653302155435,-156.97856074012816,822.0804989100434
1764847735.4931328,156.34277774766088,288.78385487850755,285.8742127129808,1274.6607521479018
1764847735.4981327,82.48723342269659,556.0501953619532,550.2309110308997,1530.5914558656514
1764847735.5031328,277.8072485085577,1045.7321261102334,66.41127346316352,1044.8943885201588
1764847735.5081327,367.3666327474639,817.5327805639245,-163.7814387595281,820.0534731340595
1764847735.5131328,160.2659328011796,1265.0267698620446,286.2407229086384,1269.8998595043086
1764847735.5181327,79.64116955641657,1527.4387202030048,542.4706186228432,1521.9560268679634
1764847735.5231328,310.5912115201354,1071.9376050997525,93.3572526439093,1072.0610217982903
1764847735.5281327,377.48680202756077,818.8417455484159,-158.09679082687944,823.3445850950666
1764847735.5331328,168.56851070281118,1269.3800134104677,283.6826313389465,1268.774149617646
1764847735.5381327,78.99790676403791,1535.6440607057884,549.3557744412683,1527.5135182021186
1764847735.5431328,292.41903763543814,1058.230871762149,77.66089252987877,1055.3548886962235
1764847735.5481327,372.4753360869363,816.8371591721661,-157.3749901354313,818.321899454575
1764847735.5531328,177.13288160134107,1275.1918179416098,294.31142701301724,1277.1029068189673
1764847735.558133,70.05206607002765,1522.068223866634,532.3429695428349,1515.8562500402331
1764847735.5631328,301.6341511262581,1065.5535958753899,85.85127343283966,1062.3485016133636
1764847735.5681329,380.93498978670686,814.294027202297,-157.9658943284303,821.2876401194371
1764847735.5731328,180.09862226620317,1270.666538995225,289.77866826672107,1269.4772508093156
1764847735.5781329,108.23270471766591,1547.5668617645279,566.8585062338971,1545.816588585265
1764847735.5831327,302.83091911207885,1072.4050925942138,93.06928034732118,1072.7267239904031
1764847735.5881329,364.9543972760439,817.3121264665388,-155.35544415935874,824.2907797838561
1764847735.5931327,168.59095010254532,1256.9485859577544,271.7299110805616,1259.5141573273577
1764847735.5981328,89.27515184227377,1529.49940507859,540.9783985405229,1519.2296398002654
1764847735.6031327,303.12637120857835,1071.9376050997525,91.52470166562125,1063.5078705996275
1764847735.6081328,371.40946459956467,814.6754969977774,-159.89942260552198,823.5315800928511
1764847735.6131327,176.91596740391105,1264.0282165738754,277.1415463164449,1266.6910253423266
1764847735.6181328,77.67024227976799,1521.7054535709321,533.5322577287443,1517.8944955160841
1764847735.6231327,300.0334739452228,1056.7498713796958,85.208010640461,1061.3162892255932
1764847735.6281328,381.97468197438866,825.1958355731331,-149.26688703149557,831.9762741927989
1764847735.6331327,171.63148876652122,1280.0761272837408,297.9989683693275,1284.089039936196
1764847735.6381328,87.4126816643402,1526.0325178196654,543.1998991142027,1518.9715867033228
1764847735.6431327,306.27162707131356,1059.0312103526667,77.49259703187272,1058.1037151636556
1764847735.6481328,401.3099647453055,846.1205758252181,-132.48221603035927,846.9321341156028
1764847735.6531327,179.25340487621725,1277.0879472191446,296.30479368939996,1277.263722517062
1764847735.6581328,71.4807078531012,1515.1606286484748,532.7169595384039,1514.2854920588434
1764847735.6631327,285.474043417722,1054.8350426023826,76.67355894157663,1054.3638152079657
1764847735.6681328,373.4065711759031,814.570779799018,-157.75645993091166,822.0318802106194
1764847735.6731327,175.73789891786873,1273.7556963586248,295.8747051944956,1274.7018910474144
1764847735.6781328,85.94290098175406,1530.6138952653855,548.5778752504848,1527.8388894982636
1764847735.683133,302.82343931216747,1063.8930802950636,84.60214684763923,1062.9768048059195
1764847735.6881328,397.3643702920526,832.0847312915139,-142.86417830735445,840.4022687929682
1764847735.6931329,161.10741029120982,1256.279143865686,277.0143897179514,1263.1979587837122
1764847735.6981328,82.32641772460192,1513.167261972092,525.708387021441,1510.20152130723
1764847735.7031329,296.2486951900646,1051.9777590362355,74.66897256532684,1051.2559583447874
1764847735.7081327,381.17060348391533,826.0186135633849,-154.45412827003747,826.7478940547444
1764847735.7131329,197.0216695657,1286.370378909167,303.9192299991846,1290.1514177643694
1764847735.7181327,89.0806770445779,1525.6099091246724,543.293396613095,1525.1985201295465
1764847735.7231328,304.52883369196206,1068.627793638967,87.75114261033013,1067.879813647829
1764847735.7281327,404.7095338050276,847.8072707052343,-132.51587512996048,851.0086250673048
1764847735.7331328,190.98547103721648,1284.0441611367278,296.2823542896658,1284.13765863562
1764847735.7381327,103.62888787221164,1529.71631927602,544.7257782961242,1527.8650687979534
1764847735.7431328,307.2926197592169,1057.471672071144,76.946571638342,1054.023484311998
1764847735.7481327,364.49064968153834,818.8716647480614,-157.64800283219665,822.9182365001179
1764847735.7531328,168.40395510476083,1268.6956117185764,290.2573754610494,1270.4458848978393
1764847735.7581327,80.97631384059787,1520.235672888346,539.4824385582469,1520.983652879484
1764847735.7631328,297.15375097934157,1057.2846770733595,77.70203142939135,1050.7024531513453
1764847735.7681327,385.2957131350413,825.9625150640495,-149.55859922803938,831.9052160936408
1764847735.7731328,185.37562110368162,1278.4530107029714,298.1111653679982,1280.581013777759
1764847735.7781327,91.46299331635237,1533.8227294273674,549.2248779428191,1533.4562192317098
1764847735.7831328,302.5616463152692,1049.5094250654802,73.00471708504483,1050.0741499587893
1764847735.7881327,386.87395091634244,829.6762357200496,-147.71482854988426,834.2463934659027
1764847735.7931328,189.7924429513514,1285.0950730242766,303.57141930330545,1283.9843227374367
1764847735.7981327,97.66374744288623,1538.1535335760564,552.1532196081243,1531.922860249877
1764847735.8031328,307.76384715363383,1065.130987180397,87.59780671214685,1061.776296920143
1764847735.808133,386.35410482250154,825.4725881698541,-150.9274026118219,832.3876631879248
1764847735.8131328,183.9806384202093,1267.4502250333317,286.9587837001309,1268.8639072165824
1764847735.8181329,94.5633703796193,1524.6898937355727,539.5684562572278,1519.5924100959674
1764847735.8231328,295.23518230207264,1054.3264162084088,73.49090407928452,1053.5298175178468
1764847735.8281329,380.8190528880805,823.9280094881542,-150.37389741837978,829.8781903176568
1764847735.8331327,184.2723506167531,1273.7444766587578,291.2559287492186,1278.7148036998697
1764847735.8381329,110.14753349497914,1540.8799206437543,560.8709264048375,1539.1520868642256
1764847735.8431327,294.1842704145238,1051.1549810459837,70.70093871233985,1049.8422761615366
1764847735.8481328,392.46510135009885,825.2706335722469,-148.82931873667985,832.4138424876146
1764847735.8531327,182.14808744192123,1281.7890014634468,298.4814154636115,1283.1952038467862
1764847735.8581328,97.03170435037464,1548.8010287499055,564.0199221675284,1544.6721791988239
1764847735.8631327,300.2541280426085,2029.350123806391,1051.0128648476675,2031.2761722835712
1764847735.8681328,401.72135374043137,1811.4055839385837,837.5188059271313,1820.9685081252828
1764847735.8731327,171.35099626984447,2252.6539403107017,1271.0928875901736,2251.9321396192536
1764847735.8781328,78.53415916953236,2509.3513235193677,1529.0206978842616,2508.6519622276537
1764847735.8831327,310.2247013244778,2041.8900083578192,1063.9903176939115,2042.1031826552935
1764847735.8881328,397.5663248896599,1811.5925789363682,832.3876631879248,1812.318119527772
1764847735.8931327,177.46199279744178,2266.435471647419,1286.9201442026533,2267.654679032974
1764847735.8981328,78.7061945674941,2503.270246191416,1514.1845147600397,2498.2101615513675
1764847735.9031327,295.2239626022056,2025.995433546137,1049.161614369601,2028.0635982216336
1764847735.9081328,383.19388935994357,1806.7157493941486,831.1534962025471,1809.9881618553773
1764847735.9131327,175.96229291521013,2262.878826789558,1278.0154424081556,2261.2706698086113
1764847735.9181328,73.26090023200959,2507.320557843428,1522.8573427572846,2499.074078441132
1764847735.9231327,282.59806035179645,2022.8501776834019,1048.6642076754943,2022.4911472876556
1764847735.9281328,380.3291259938851,1798.1925173951313,827.4921341459267,1802.7364958412945
1764847735.933133,169.24169269483536,2252.0892154173926,1271.0180895910598,2253.5963950995356
1764847735.9381328,100.0086647151038,2509.493439717684,1521.503498973325,2505.177595168818
1764847735.9431329,295.60917229764163,2029.0397121100686,1050.5266778534278,2027.8504239241593
1764847735.9481328,369.801307618618,1791.6364727728069,819.7767205373384,1799.9951491737738
1764847735.9531329,174.1147823370993,2261.476364306174,1277.443237714935,2261.7493770029396
1764847735.9581327,96.94942655134946,2509.8262908137403,1527.4424601029605,2505.9031357602216
1764847735.9631329,284.8457402251661,2023.6991349733435,1044.8046309212223,2022.8426978834905
1764847735.9681327,382.28135377075523,1814.3002665042877,832.0996908913366,1818.7918863510713
1764847735.9731328,176.94214670360088,2263.7913623787463,1280.4688167790882,2260.3244751198217
1764847735.9781327,89.79499793611467,2506.826891049277,1519.801844493486,2506.538918752689
1764847735.9831328,291.86179254204035,2022.764159984421,1044.9953658189625,2024.3723169653676
1764847735.9881327,385.94271582737565,1817.0640525715426,841.0717108850367,1821.5407128185034
1764847735.9931328,190.5740820420906,2273.08127386868,1289.4296170729212,2266.9029591418803
1764847735.9981327,77.99187367595732,2492.8583647147752,1511.8807363873348,2491.7550942278467
1764847736.0031328,302.7710807127878,2040.3042907766066,1063.8332418957725,2041.7628517593257
1764847736.0081327,374.31162696518004,1802.6878771418706,832.8177516828291,1814.3900241032243
1764847736.0131328,169.43990739248693,2262.478657494299,1283.1054462478496,2269.9173185061663
1764847736.0181327,105.49883785005659,2520.6420814855956,1534.2827371219173,2517.3771488242783
1764847736.0231328,326.2651322344318,2049.3137097698636,1076.9827301399782,2049.769977564458
1764847736.0281327,369.5133353220299,1800.4738563681021,822.0543196103536,1803.7126097297296
1764847736.0331328,179.5638165725395,2260.9153793128207,1275.7528029349633,2261.611000704579
1764847736.0381327,87.00129266921431,2511.1876143976115,1526.3466694159433,2506.875509748701
1764847736.0431328,297.8531122710556,2032.6374958674423,1050.137728258036,2027.9102623234503
1764847736.0481327,376.8435392351821,1803.5667536314577,827.548232645262,1808.4024442741647
1764847736.0531328,181.98727174382657,2256.786529761739,1275.4573508384638,2263.02468288783
1764847736.058133,104.13377436622977,2521.5695766746067,1532.693279640749,2517.380888724234
1764847736.0631328,303.5601996034384,2042.566930249799,1065.9575050706044,2043.1204354432411
1764847736.0681329,385.27327373530716,1806.035087602213,828.1017378387041,1810.1676770532504
1764847736.0731328,167.84671001136303,2265.421958759427,1286.4227375085466,2269.547068410553
1764847736.0781329,85.34825688879937,2503.8798498841934,1517.5392050202936,2496.0896382764913
1764847736.0831327,310.60617111995816,2029.2229672078975,1052.5163046298549,2027.9214820233174
1764847736.0881329,391.7732198582962,1813.7991199102253,838.7492330125533,1817.5390198659152
1764847736.0931327,169.68300088960677,2255.062435882166,1271.5005366853438,2252.8147560087964
1764847736.0981328,105.2370448531583,2508.0647979346104,1521.4623600738123,2498.8833435433917
1764847736.1031327,304.71208878979087,2020.6922554089688,1043.2862315392122,2019.3683308246545
1764847736.1081328,391.90411635674536,1816.8246989743784,845.4885327327065,1826.21184786316
1764847736.1131327,172.936713851057,2258.731277738698,1277.480636714492,2267.1647521387786
1764847736.1181328,93.3030240945518,2512.257225784939,1532.887754438445,2510.551831405144
1764847736.1231327,296.8508190829307,2035.161928337533,1059.6969125447795,2032.8282307651825
1764847736.1281328,375.4672560514882,1803.1628444362432,827.4996139458381,1808.3912245742977
1764847736.1331327,184.80341641046107,2261.2781496085227,1272.7945420700125,2262.0523088993505
1764847736.1381328,103.78222377039492,2517.754878719803,1533.9573658257723,2515.1893073501997
1764847736.1431327,306.4698417689651,2034.2755720480345,1052.4041076311842,2032.0914704739116
1764847736.1481328,400.46474735531956,1814.9285696968436,835.9143888461404,1816.817219174467
1764847736.1531327,178.69615978281945,2257.811262349598,1275.7116640354507,2264.965690964833
1764847736.1581328,103.02302407938987,2509.482220017817,1526.4850457143039,2506.176148456987
1764847736.1631327,307.8797840522602,2036.2577190245502,1063.4966508997604,2039.4291541869752
1764847736.1681328,389.7387142824009,1808.110732077621,831.8079786947928,1815.9346027849242
1764847736.1731327,193.37526710890234,2273.634779062122,1292.6721103345044,2273.260789066553
1764847736.1781328,108.3112426167354,2512.324543984141,1525.3219368280843,2512.848129977938
1764847736.183133,301.5967521267012,2031.24251318397,1049.9769125599414,2030.3449371946044
1764847736.1881328,391.6722425594926,1810.6987428469583,831.467647798825,1809.146684365347
1764847736.1931329,179.44787967391312,2250.5446367356926,1270.460844497662,2253.4991577006876
1764847736.1981328,95.9359136633575,2516.2514389376156,1530.1651072707027,2512.642435480375
1764847736.2031329,313.104424290359,2043.9207740337588,1065.044969481416,2042.9558798451908
1764847736.2081327,392.69323524739593,1834.678981362842,866.7386442809366,1838.7816516142339
1764847736.2131329,171.17522097192705,2249.7405582452193,1265.7298710537143,2247.088969176635
1764847736.2181327,84.33100410085171,2490.6368641410954,1506.764553247951,2483.2056829291396
1764847736.2231328,310.0788452262059,2034.7206201427616,1054.2852773088962,2028.9611742109992
1764847736.2281327,401.57923754211515,1824.2259609866887,847.0106720146723,1827.9434215426445
1764847736.2331328,180.0088646672666,2272.1350791798905,1288.8312330800109,2276.533201527782
1764847736.2381327,97.94423993956298,2501.9500615070574,1517.243752923794,2504.8185647730716
1764847736.2431328,311.94131540413946,2035.6144562321715,1054.7901638029143,2036.8561030174606
1764847736.2481327,405.98483968991786,1822.5729252062738,848.3383364989422,1829.0018132301047
1764847736.2531328,184.17511321790516,2259.52787642926,1276.2240303293802,2266.3195347487926
1764847736.2581327,83.09309721551836,2510.3573566074483,1518.2049072124064,2500.47280102456
1764847736.2631328,302.2250553192571,2030.7338867899962,1054.734065303579,2028.650762514677
1764847736.2681327,382.8909574635327,1803.44333693292,826.8077324540354,1807.2318555880338
1764847736.2731328,189.6465868530795,2271.8097078837454,1290.7198825576343,2274.034948357381
1764847736.2781327,106.58714873716235,2523.555463551078,1538.0675158770755,2519.815563595388
1764847736.2831328,321.0816308958456,2044.5004585268907,1069.0803215336055,2043.2588117416017
1764847736.2881327,383.7361748535186,1804.2324558235705,831.505046798382,1807.2729944875464
1764847736.2931328,174.6346284309402,2250.5109776360914,1268.265523223672,2253.289723303169
1764847736.2981327,87.5622776625678,2499.844497832004,1516.2900784350932,2499.2947325385176
1764847736.3031328,308.6015847437084,2042.9259606455453,1066.926139159128,2042.0321245561354
1764847736.308133,395.3373445160687,1818.9975808486342,848.0316647025757,1826.2679463624954
1764847736.3131328,181.65816054772586,2268.4811969231814,1284.4331107321195,2266.3195347487926
1764847736.3181329,82.1132434271276,2494.3505847970955,1509.4722408158705,2490.1394574469887
1764847736.3231328,299.8913577469066,2033.4640137576498,1055.1005754992366,2029.4473612052388
1764847736.3281329,389.83969158120453,1804.0192815260962,830.8094254066236,1810.2873538518324
1764847736.3331327,186.20961879380047,2268.174525126815,1288.9209906789474,2271.8321472834796
1764847736.3381329,97.90684094000608,2514.628322356846,1530.80089026317,2510.432154606562
1764847736.3431327,289.56549396924675,2029.7203739020042,1048.2079398809,2028.6881615142338
1764847736.3481328,384.46171544492245,1817.6773961642757,840.4695869921707,1824.1549028875306
1764847736.3531327,194.1886953492649,1296.9131568842568,1293.4443996753544,1295.293780203443
1764847736.3581328,95.88542501395568,1525.5388510255143,1517.9524639653973,1524.8133104341105
1764847736.3631327,301.88659437326714,1064.996350781992,1071.7113411524333,1064.1997520914301
1764847736.3681328,395.74312366126105,833.8537039705552,840.1535654459149,837.4963665273972
1764847736.3731327,179.96585581777617,1272.51030967338,1276.0351653816178,1276.90095222136
1764847736.3781328,89.2471025926061,1514.109716760926,1509.7882623621263,1512.419281980954
1764847736.3831327,320.48885675286874,1060.583268834278,1062.3129725637846,1056.891987578012
1764847736.3881328,399.2810690193437,836.0078863450326,839.0727343587205,843.1585750603117
1764847736.3931327,169.42681774264202,1271.8782665808685,1268.2561734737828,1276.407285427209
1764847736.3981328,99.53930727066472,1534.140620923601,1525.6080391746946,1529.6602207766846
1764847736.4031327,330.60902603296563,1067.0906947571784,1070.8025454632007,1063.982837894
1764847736.4081328,377.3727350789122,807.4574900832959,811.6555277835578,810.5092484471388
1764847736.4131327,179.1430778275244,1279.09627349535,1278.903668647632,1286.1721642115153
1764847736.4181328,97.61325879348442,1536.362121497281,1533.1439375854097,1529.9107940737158
1764847736.4231327,297.80262362165377,1055.3324492964894,1059.896997192409,1060.1195212397724
1764847736.4281328,377.7878639739938,816.3210529782809,824.9695716258138,822.5143273049034
1764847736.433133,174.8047938789241,1268.2879626234062,1264.6583897164091,1270.172872201074
1764847736.4381328,97.45992289530113,1522.0158652672544,1517.4550572712906,1519.8654227927327
1764847736.4431329,318.7722426732071,1078.5983669208363,1074.8790364149027,1074.1591056734324
1764847736.4481328,389.7929428317584,833.760206471663,840.127386146225,837.522545827087
1764847736.4531329,186.1105114449747,1275.7640226348303,1277.4600672647357,1276.0071161319502
1764847736.4581327,93.60034614102915,1526.615942212753,1518.4610903593712,1520.7742184819654
1764847736.4631329,315.4250322128646,1064.2408909909427,1064.9196828329004,1066.5484092636034
1764847736.4681327,388.9028466423042,824.642330379691,826.3159356098622,824.0963049861602
1764847736.4731328,171.14717172225937,1275.9472777326591,1274.9057155949995,1278.3108945046552
1764847736.4781327,81.77478248113766,1513.3467771699652,1512.6193666285835,1516.039505138062
1764847736.4831328,311.29992256173864,1072.752903290093,1074.1048771240748,1068.698851738125
1764847736.4881327,389.1197608397342,827.64547004411,832.5877478355542,831.1048775031231
1764847736.4931328,173.89599818969145,1278.060321207624,1275.189947991632,1280.375319280196
1764847736.4981327,96.90641770185903,1521.6979737710208,1522.6048995102756,1520.7592588821426
1764847736.5031328,306.4156132196076,1057.63996756915,1057.1481707249768,1052.3480091318488
1764847736.5081327,390.48856422351673,824.0813453863375,830.1119340648875,823.6662164912559
1764847736.5131328,187.63639062689617,1289.9232838670723,1287.6924335435033,1297.391864078585
1764847736.5181327,112.52050001686439,1526.8365963101387,1522.5600207108073,1522.8012442579493
1764847736.5231328,303.2441780571826,1051.1437613461167,1052.8248463761993,1049.898374660872
1764847736.5281327,389.3553745369427,840.0544580970891,838.6763049634174,842.8145042643882
1764847736.5331328,184.0647861692123,1294.762714409735,1286.4358271583915,1295.884684396442
1764847736.5381327,81.12777978880331,1507.8416444351897,1501.313649062533,1503.7053150841966
1764847736.5431328,294.83688295679167,1051.031564347446,1056.1271780370735,1053.1034689228982
1764847736.5481327,375.9366134959273,824.6086712800898,832.2062780400738,827.3387982477434
1764847736.5531328,170.36553263152018,1277.6414524125867,1278.2080472558737,1280.266862181481
1764847736.558133,94.62881862884387,1511.4282084926963,1510.1734720575623,1508.6195436259732
1764847736.5631328,314.30306222615764,1058.2645308617502,1063.898690144997,1056.6189748812467
1764847736.5681329,385.2078254860826,817.7721341610886,817.3551353160292,816.1976362797432
1764847736.5731328,193.17892236122862,1276.298828328494,1277.1346959685907,1285.5064620194025
1764847736.5781329,114.24459389643744,1527.8613288979977,1527.4405901529826,1524.794610934332
1764847736.5831327,338.08882594434544,1069.8731803242117,1073.6972280289046,1072.341514294967
1764847736.5881329,393.4356053886004,847.7100333063863,848.6655777450651,853.562976737041
1764847736.5931327,167.39979196665809,1283.5729337423109,1279.9471007352695,1281.5234685665928
1764847736.5981328,126.12625605566427,1539.2231449633837,1533.7460614782758,1534.394934120588
1764847736.6031327,293.80093066906556,2027.1099237329327,1045.6105793616734,1046.3492096029222
1764847736.6081328,400.8705265005119,1824.8767035789788,848.0933730518445,850.402761274483
1764847736.6131327,189.97756799915805,2276.4883227283135,1294.5027913628146,1298.8653846611269
1764847736.6181328,102.30683323787525,2498.2101615513675,1506.8786201965995,1508.8439376233146
1764847736.6231327,310.5743819703348,2041.9087078575976,1063.5957582485862,1060.437412736006
1764847736.6281328,402.70307747879997,1824.790685879998,849.9371437299997,853.5106181376614
1764847736.6331327,194.7384606427513,2272.7708621723577,1289.4539264226332,1293.9287167196162
1764847736.6381328,107.9241629713215,2507.6870680390857,1524.5309479874559,1526.6832604119554
1764847736.6431327,317.3847397896461,2052.780597028788,1075.4998598075472,1072.9398982878774
1764847736.6481328,382.96762541262433,1802.3737255455926,827.6959586935118,829.6126574208029
1764847736.6531327,186.74255453748628,2254.7520241858438,1270.3692169487476,1273.4303250624798
1764847736.6581328,112.04179282253608,2502.870076896157,1522.1448918157257,1518.354503210634
1764847736.6631327,322.7215770264156,2041.964806356933,1066.6400368125178,1061.076935628429
1764847736.6681328,424.9517423151992,1832.0273922942579,857.4842618405819,859.2962433691137
1764847736.6731327,167.89719866076484,2253.7534708976746,1271.5024066353217,1274.9898633440025
1764847736.6781328,109.11719105718657,2497.372423961293,1514.0143493120559,1515.7477929415181
1764847736.683133,325.56390099273995,2036.1081230263226,1058.3299791109748,1053.2119260216132
1764847736.6881328,430.9318423443474,1826.4212822606787,847.9138578539714,849.4453468858264
1764847736.6931329,226.7968830629252,2278.952916799113,1293.6201749732718,1298.9925412596203
1764847736.6981328,130.95072699850425,2508.468707129825,1526.1802438679151,1521.8475697692484
1764847736.7031329,387.73973775608465,2060.585768236313,1083.316250714939,1078.770402318798
1764847736.7081327,472.5718884509988,1830.6548490105197,858.8904642239213,859.4533191672526
1764847736.7131329,280.87583642220125,2276.4135247291997,1295.9426528457552,1298.5474931648932
1764847736.7181327,226.24711776943877,2531.4017736581154,1545.8446378349327,1545.962444683537
1764847736.7231328,446.69552065758035,2064.2695696926676,1087.202006768901,1088.625038702041
1764847736.7281327,541.8834543297999,1855.712178713642,883.5663241315633,881.2606758088805
1764847736.7331328,324.4793300055899,2298.1161641720682,1314.638412724249,1319.8574431124143
1764847736.7381327,232.1711192992516,2550.2284300350584,1559.5364115727134,1567.2948340307921
1764847736.7431328,423.0780524373986,2071.0275689125992,1093.604715493042,1088.1687709074467
1764847736.7481327,470.7281177728437,1852.7875769482926,877.5376054029912,875.6844849749468
1764847736.7531328,233.63342018192634,2283.418357346207,1300.0677624968812,1303.1999287097715
1764847736.7581327,130.640315302182,2512.50779908197,1526.6963500618003,1525.7034066235647
1764847736.7631328,322.7963750255294,2054.5981884072535,1077.0593980890699,1071.967524299398
1764847736.7681327,379.6054553524591,1821.2228213222697,848.497282247059,845.8475631284527
1764847736.7731328,158.19215827574953,2252.9232131075114,1269.1911484627053,1268.9125259160064
1764847736.7781327,67.09567515505478,2501.3067987146787,1513.1990511217155,1513.5524716675282
1764847736.7831328,284.3053246815689,2037.0356182153337,1058.5618529082276,1055.4147270955145
1764847736.7881327,356.13758313050494,1827.8013053443283,847.6483249571174,849.2658316879533
1764847736.7931328,126.20853385468945,2245.8697617910802,1261.0643458589911,1269.6081473077647
1764847736.7981327,44.222447026055306,2485.7749941986986,1504.4140261257999,1504.5767117738724
1764847736.8031328,238.51398962410167,2013.3508317959495,1031.649532827083,1030.8024454871193
1764847736.808133,331.3607459240593,1795.1070999316871,819.3372822925448,823.0827920981683
1764847736.8131328,121.67577510839328,2244.9048676025122,1257.9938879953697,1268.8115486172028
1764847736.8181329,26.484101536218077,2476.4514236091636,1494.7015059408732,1491.3823447301984
1764847736.8231328,247.8375602136366,2025.1090772566386,1047.6488248375244,1044.3633227264509
1764847736.8281329,317.63531308667734,1793.4278848515823,821.1137347714975,819.6233846391551
1764847736.8331327,126.08885705610737,2243.0536171244457,1262.0815986469388,1266.7022450421937
1764847736.8381329,51.23849934292957,2477.0946864015423,1488.2314790175296,1492.6726102149114
1764847736.8431327,252.22820276161656,2023.4897005758248,1042.6822376963682,1042.310117650777
1764847736.8481328,329.05322765139863,1798.532848291099,823.1931191468611,823.8868705886416
1764847736.8531327,147.21929180575535,2265.807168454863,1284.7715716781095,1288.8873315793462
1764847736.8581328,57.36071557039395,2493.1949557107873,1512.8213212261908,1511.589024190791
1764847736.8631327,268.4892877689563,2015.6172111690976,1039.6753581319936,1040.7991980686784
1764847736.8681328,358.01875280821696,1801.3976116571575,826.0952815124765,825.9512953641824
1764847736.8731327,136.80367042915896,2243.1396348234266,1258.412756790407,1265.1015678611584
1764847736.8781328,63.598868696484715,2483.516094625462,1499.7915097805671,1492.9493628116325
1764847736.8831327,271.50364713324234,2024.862243859563,1050.5397675032727,1044.8644693205133
1764847736.8881328,360.16545538278297,1817.4604819668457,841.6757047278807,841.3970821811818
1764847736.8931327,149.1677796826698,2260.634886816144,1274.0043997056782,1277.035588619765
1764847736.8981328,78.95115801459178,2499.047899141442,1519.766315443907,1519.9888394912705
1764847736.9031327,294.8892415561713,2048.962159174029,1071.8571972507052,1067.93965204712
1764847736.9081328,350.17244270117953,1797.8746258988976,821.7270783642307,822.3048929073848
1764847736.9131327,140.3453556871973,2237.6756409881637,1255.6601904230192,1257.9695786456577
1764847736.9181328,74.55677556665614,2476.3654059101827,1487.2291858294047,1492.074226222001
1764847736.9231327,287.1962673473172,2035.730393130798,1054.7770741530694,1049.172834069468
1764847736.9281328,382.2645242209546,1826.6045373585075,851.2797678140923,849.0115184909664
1764847736.933133,160.44357804907486,2256.5022973651066,1276.7345266733319,1280.5585743780248
1764847736.9381328,65.09108877880499,2485.5468603014015,1501.384707161691,1501.5922716092318
1764847736.9431329,283.6246628896333,2037.1702546137385,1053.3072934704833,1048.619328876026
1764847736.9481328,362.09898365987465,1795.8999587222934,820.8257624749094,823.5353199928068
1764847736.9531329,157.91914557898417,2258.3460680432618,1268.7199210682884,1275.8986590332352
1764847736.9581327,85.53712183656171,2486.672570188064,1504.8927333201282,1503.0957113914192
1764847736.9631329,299.3733816030435,2044.3209433290176,1064.8149656341411,1059.1209679516032
1764847736.9681327,376.748171786312,1814.9697085963562,842.0160356238484,838.9250083104707
1764847736.9731328,154.39615982072428,2258.0468760468066,1277.7480395613238,1278.808301198762
1764847736.9781327,88.31212760368362,2481.7733012461103,1499.698012281675,1502.1008980032057
1764847736.9831328,293.8308498687111,2045.4803123152815,1063.285346552264,1066.009863669984
1764847736.9881327,386.2063787742518,1835.8196508493274,855.2328420672566,858.1406142828055
1764847736.9931328,179.6928431210108,2279.921550887637,1298.6279010139406,1302.8296786141582
1764847736.9981327,96.41649080766365,2481.343212751206,1499.937365878839,1495.933802976273
1764847737.0031328,299.1938664051704,2030.868523188401,1052.0581668852828,1049.6365816639736
1764847737.0081327,380.1963595454581,1830.7520864093676,852.8804449951276,854.5802295249887
1764847737.0131328,173.16671769833192,2261.8615740016103,1281.9516871115193,1281.8600595626049
1764847737.0181327,81.9094188795425,2479.2264293762855,1497.996357801836,1501.7792666070163
1764847737.0231328,294.43671366153285,2021.81048549572,1049.017628221307,1042.2540191514418
1764847737.0281327,368.6101494827308,1811.6037986362353,836.8923726845533,835.9330883459188
1764847737.0331328,174.0306345880963,2274.5248752515763,1292.3673084881157,1296.5503865885548
1764847737.0381327,90.0960598825477,2491.6989957285114,1514.399559007492,1512.9578275745735
1764847737.0431328,304.70273903990164,2020.1798891150393,1046.5231149508618,1039.7370664812624
1764847737.0481327,388.7532506440766,1817.5352799659595,840.3143811440095,844.9986058385111
1764847737.0531328,202.1509423549287,2279.85797258839,1300.5464696912095,1301.928362724837
1764847737.058133,103.02489402936772,2495.3154789856635,1509.9677775599994,1508.0099399331957
1764847737.0631328,315.0547821172513,2040.4501468748786,1059.1938960007392,1060.089602040127
1764847737.0681329,392.9755976940505,1826.851370755583,852.2895408021286,849.6510413833894
1764847737.0731328,169.0603075469844,2249.673240046017,1266.8050922909752,1271.571594784502
1764847737.0781329,87.60902641201392,2485.3636052035727,1497.8692012033425,1501.1509634144604
1764847737.0831327,318.013042982202,2043.3971880399622,1066.9055697093718,1061.1405139276758
1764847737.0881329,388.6934122447856,1820.8002126272768,843.9981826003641,844.9200679394417
1764847737.0931327,175.21618287405,2263.8586805779487,1283.679520891048,1289.4595362725668
1764847737.0981328,95.56379361776635,2489.844005350489,1505.5621754121967,1504.5954112736508
1764847737.1031327,297.4922119253315,2025.8944562473334,1050.4948887038045,1043.9594135312364
1764847737.1081328,390.3875869247131,1816.5928251771256,839.7459163507447,844.5984365432523
1764847737.1131327,165.1371524934657,2260.717164615169,1277.0187590699643,1280.8876855741255
1764847737.1181328,77.52251623151824,2479.376025374513,1497.502691007685,1498.5666925450787
1764847737.1231327,293.57653667172417,2030.8722630883567,1051.4485631925054,1049.2289325688034
1764847737.1281328,392.9905572938733,1833.5270921764895,857.5179209401831,856.3192830043845
1764847737.1331327,186.3274256424047,2280.3591191824526,1298.5942419143394,1307.295119161252
1764847737.1381328,90.67200447572395,2487.4018506794237,1504.8927333201282,1510.1753420075402
1764847737.1431327,298.76377791026607,2024.5817513628863,1046.2688017538749,1041.453680560924
1764847737.1481328,379.8335892497562,1815.1155646946281,838.4145119665191,838.6893946132623
1764847737.1531327,174.59535948140547,2268.6756717208773,1278.914888347499,1285.427924120333
1764847737.1581328,94.30344733269885,2495.996140777599,1507.5293627888896,1513.1149033727124
1764847737.1631327,301.47520537814125,2031.8147178771906,1051.2054696953855,1048.088263082318
1764847737.1681328,389.0599224404432,1825.4264688724652,846.2570821736008,849.004038691055
1764847737.1731327,172.1719043101184,2270.3025282016024,1289.8092169184238,1291.8755116439424
1764847737.1781328,90.86273937346414,2500.5962177230977,1517.159605174791,1516.7463462296873
1764847737.183133,305.2001457340084,2033.9763800515793,1058.640390807297,1054.1356813106686
1764847737.1881328,372.3724888381548,1813.6158648123965,840.9426843365654,837.5412453268655
1764847737.1931329,168.4656634540297,2260.309515519999,1277.2618525670841,1276.792495122645
1764847737.1981328,95.44411681918427,2491.990707925055,1509.3768733670004,1507.800505535677
1764847737.2031329,301.9314731727354,2032.061551274266,1053.273634370882,1052.018897935748
1764847737.2081327,384.1980524980463,1834.028238770552,859.1447774209082,856.083669307176
1764847737.2131329,165.2493494921364,2253.6450137989596,1270.3430376490578,1278.3445536042564
1764847737.2181327,85.22297024028376,2476.7880146051757,1492.2705709696747,1494.8754112888128
1764847737.2231328,300.95909918425605,2026.0964108449407,1047.6226455378346,1047.9124877844006
1764847737.2281327,390.92613251833245,1821.9221826139838,846.2047235742211,846.1766743245535
1764847737.2331328,180.70261610904709,2265.7772492552176,1280.8409368246794,1290.4842688604258
1764847737.2381327,86.99568281928077,2490.109538247343,1505.4798976131715,1507.6583893373609
1764847737.2431328,311.4195993603207,2042.9259606455453,1063.23672785284,1061.450925623998
1764847737.2481327,375.09887590585276,1819.3715708442032,845.976589676924,845.2491791355424
1764847737.2531328,160.57073464756832,2255.7169183744118,1272.9273085184395,1274.406438950915
1764847737.2581327,92.69529035175219,2504.115463581402,1515.8880391898565,1514.1246763607487
1764847737.2631328,308.7680102917366,2058.0725554660894,1082.6468086228706,1074.4844769695774
1764847737.2681327,397.5868943394162,1831.1746951043606,857.2710875431076,860.3359355567954
1764847737.2731328,177.0674333521165,2259.1090076342225,1279.5282319402322,1283.3709791447036
1764847737.2781327,87.4295112141408,2495.8577644792385,1511.2842223444022,1513.2121407715604
1764847737.2831328,300.1213615941815,2028.5871842154302,1047.8171203355305,1045.447893713601
1764847737.2881327,375.1998532046564,1789.7740025948733,817.5159510141239,817.6038386630826
1764847737.2931328,176.52140795858577,2252.650200410746,1269.5426990585402,1272.8207213697024
1764847737.2981327,98.65295098116621,2501.101104217116,1516.606099981349,1516.9595205271617
1764847737.3031328,307.29822960915044,2040.9662530687638,1066.3857236155309,1057.314596273005
1764847737.308133,391.7526504085399,1824.5700317826122,851.3844850128517,848.2261395002715
1764847737.3131328,170.0962598347105,2261.4015663070604,1278.6156963510439,1284.706123428885
1764847737.3181329,89.78190828626975,2498.1503231520765,1514.5454151057638,1516.955780627206
1764847737.3231328,297.91482062032446,2044.6612742249854,1059.810979493428,1058.0326570644975
1764847737.3281329,381.8344357260503,1819.2331945458427,841.7617224268615,839.6019302024506
1764847737.3331327,174.79731407901272,2260.4965105177835,1276.9103019712493,1282.002175760921
1764847737.3381329,88.48042310168967,2498.3784570493735,1511.1159268463962,1510.1940415073186
1764847737.3431327,306.0528429239057,2037.503105709795,1057.0284939263947,1053.0959891229868
1764847737.3481328,376.1273483936675,1806.240782099776,832.8046620329842,833.6854084725492
1764847737.3531327,169.6512117399834,2257.186699056998,1277.7405597614124,1279.8779125860892
1764847737.3581328,93.88083863770589,537.4685024321079,536.6775135914795,536.0230310992338
1764847737.3631327,289.24947242299095,70.36995756626129,73.80879557551816,68.92074633343145
1764847737.3681328,392.07428180472925,-131.4930124920793,-129.86802596133202,-126.99204289540648
1764847737.3731327,181.17010360350832,299.608995300252,296.23373559024185,299.9848552457988
1764847737.3781328,91.8762522614561,528.952750233002,525.7457860209979,528.4983523883857
1764847737.3831327,310.92593256616965,83.65782210882753,82.95285096717998,79.65799910621718
1764847737.3881328,384.1344741987996,-149.36973428027704,-142.46774891205132,-145.5120274759829
1764847737.3931327,159.62080005882308,264.4875948163681,263.37123467959464,265.7647706512362
1764847737.3981328,97.2878874973394,543.5832388596609,537.9939583758824,542.328502424527
1764847737.4031327,311.7599302562885,85.50907258689404,91.53966126544401,86.68527112295851
1764847737.4081328,401.8728196886368,-134.1221621609293,-128.6562983756885,-128.17759118136019
1764847737.4131327,164.22461690427735,300.62250818824396,300.34014574158937,304.75696758925915
1764847737.4181328,92.86358584975824,534.7495951643214,532.6683408389799,530.267325067427
1764847737.4231327,303.8986605494283,66.79087330866605,68.22138504171744,61.00337812723592
1764847737.4281328,377.54851037682965,-146.66578661231324,-141.72724872082472,-139.68900324497372
1764847737.433133,176.67100395681337,297.4286336260848,299.6220849500969,304.4764750925824
1764847737.4381328,105.69144269777462,545.1053781416267,540.2603377490304,544.4677251991816
1764847737.4431329,305.14404723467305,71.4059098539874,71.25818380573764,63.65870709577575
1764847737.4481328,376.5948358881287,-147.8251555985771,-145.35121177788824,-147.83450534846634
1764847737.4531329,167.96825675992295,293.1875870763324,290.67624425608665,298.38791796471924
1764847737.4581327,82.6499190707691,527.3408533520997,523.6290026460774,526.407748313155
1764847737.4631329,296.69561323476955,79.65986905619502,84.07856085384265,81.23623688751832
1764847737.4681327,383.32665580837056,-140.84276238130406,-140.08169274032116,-135.38063849601895
1764847737.4731328,170.10747953457758,295.6746205468662,296.1103188917041,299.6258248500526
1764847737.4781327,91.22924956912175,531.1293720072135,525.8505032197572,529.9494335711934
1764847737.4831328,288.4453939325176,74.13603682164103,77.97878402611241,73.21041158260778
1764847737.4881327,387.9155130540021,-132.49530568020418,-129.6885107634589,-127.08180049434304
1764847737.4931328,186.17034984426573,316.2029314036481,313.0707651907578,317.43148853909224
1764847737.4981327,95.69843001617119,538.986901814118,534.5457706167363,534.5158514170907
1764847737.5031328,303.99589794827625,64.96954203024507,61.590542420279235,63.542770197149366
1764847737.5081327,381.11263503460214,-152.67206594115123,-144.70420908555388,-144.7004691855982
1764847737.5131328,176.11749876337126,287.4917194438167,286.5810538046062,285.956490512006
1764847737.5181327,87.56040771258995,532.9955820851028,528.4497336889617,531.6997067504562
1764847737.5231328,295.18095375271514,72.6999152386561,69.42563282744959,71.00761050870642
1764847737.5281327,384.10081509919837,-134.55225065583363,-127.4296111902222,-130.70950345136225
1764847737.5331328,182.38931098906323,303.7266251514666,300.0259941453114,303.7359749013558
1764847737.5381327,93.21887634554878,533.2012765826657,525.3979753251188,526.9126348071732
1764847737.5431328,291.51211189618334,62.157137263566256,63.06032310286537,59.43636004580185
1764847737.5481327,385.118067887146,-136.0781298377551,-131.05357424728572,-129.92412446066737
1764847737.5531328,185.3662713537924,305.89202722581103,305.6956824781373,308.26873364765197
1764847737.558133,88.17749120527878,541.387917585671,539.0224308636971,538.6222615684383
1764847737.5631328,308.36410109652206,87.68943426106125,93.49188904231414,87.33601371524855
1764847737.5681329,379.9345665485598,-140.45007288595662,-136.3230932848528,-134.35216600820422
1764847737.5731328,176.4690493592061,292.1516347886063,295.07810650393367,298.41783716436476
1764847737.5781329,84.2057174523361,542.4575289729983,538.8391757658683,539.9536659526639
1764847737.5831327,303.62564785266295,86.12241617962718,83.51383596053347,80.10678710089996
1764847737.5881329,379.91586704878137,-141.80017676996067,-140.33600593730807,-139.44216984789819
1764847737.5931327,184.7716272608377,306.22113842191175,304.50265439227223,306.9148898636922
1764847737.5981328,93.45449004275724,535.0450472608209,530.0691103697754,525.4204147248529
1764847737.6031327,302.8664481616579,65.97931501828134,72.14827999519184,69.30221612891182
1764847737.6081328,381.29589013243094,-149.83722177473828,-146.45448226481676,-145.46714867651463
1764847737.6131327,179.71154262078926,288.83808342786506,286.9064251007512,290.48924925830215
1764847737.6181328,91.47608296619728,537.756474728696,533.958606323693,536.1389679978602
1764847737.6231327,293.65133467083797,63.380084549076855,67.91097334539518,61.598022220190614
1764847737.6281328,383.236898209434,-135.16559424856678,-130.63844535220414,-132.03342803567648
1764847737.6331327,177.5872794459574,312.5340895471163,311.4775678096339,312.9286489924416
1764847737.6381328,85.34638693882152,530.7479022117332,523.513065747451,528.8835620838217
1764847737.6431327,307.43660590751097,62.576006058603525,61.616721719969064,58.69211995461956
1764847737.6481328,389.47505133552477,-153.74541722843423,-146.68261616211385,-144.91364348307252
1764847737.6531327,184.9997611581348,313.177352339495,307.49457435682416,312.8837701929733
1764847737.6581328,93.27497484488413,550.3187986798584,547.2315112664364,548.6825924492441
1764847737.6631327,307.73579790396616,85.01914569269866,91.84633306181058,88.55522110080346
1764847737.6681328,386.1278408751823,-137.69002671865746,-136.36797208432108,-134.49054230656475
1764847737.6731327,171.47628291836008,296.7517117341049,293.6980834202841,294.64801800902933
1764847737.6781328,81.2437166874297,528.3356667403132,524.7584524326958,527.0136121059768
1764847737.683133,292.4508267850615,67.39673710148782,70.89541351003572,59.64953434327617
1764847737.6881328,376.0413306946866,-155.12170041212812,-150.15324332099408,-147.07904555741698
1764847737.6931329,182.24719479074702,308.5997147937305,306.8849706640467,312.5509190969169
1764847737.6981328,95.78444771515206,536.6606840416789,530.0242315703072,529.5567440758459
1764847737.7031329,305.32730233250186,70.78134656138718,72.19689869461581,68.57293563755229
1764847737.7081327,385.18912598630413,-153.51354343118146,-148.5899651395157,-147.621331050992
1764847737.7131329,171.67823751596734,291.4896724964492,289.22516307327896,295.30624040123075
1764847737.7181327,91.11705257045105,533.7697413759306,531.0489641581662,532.9974520350806
1764847737.7231328,304.4596455427818,85.06402449216694,86.90218532038853,85.11077324161306
1764847737.7281327,395.7580832610838,-135.8200767408125,-130.30933415610343,-128.58898017648607
1764847737.7331328,172.79272770276293,298.73759861057624,292.19838353805244,292.9575832290575
1764847737.7381327,83.31188136292621,538.8223462160677,530.3944816659205,529.242592479568
1764847737.7431328,297.6118887239136,63.26788755040616,66.3476951639168,64.234651688952
1764847737.7481327,388.88788704248145,-155.52560960734263,-150.2916196193546,-149.26688703149557
1764847737.7531328,171.76051531499252,299.9455862962641,299.9250168465078,301.20406263135374
1764847737.7581327,90.78420147439465,539.734881805256,539.1608071620576,539.3926809593104
1764847737.7631328,289.1185759245418,72.4418621417135,73.03463628469035,72.40633309213445
1764847737.7681327,386.55418947013095,-144.69111943570897,-138.57077315822244,-140.08917254023254
1764847737.7731328,180.38098471285775,297.80262362165377,300.23168864287436,302.67384331393987
1764847737.7781327,76.31078864587471,529.4763362267986,529.085516681429,531.3444162546657
1764847737.7831328,303.40125385532156,80.81175824254751,84.12717955326661,83.10992676531896
1764847737.7881327,384.0970751992427,-154.99454381363466,-153.1825622851029,-153.88192357681692
1764847737.7931328,172.15694471029565,289.200853723567,285.34688681922853,287.63196569215506
1764847737.7981327,100.34712566109374,554.3915497316048,548.7087717489339,551.8390680118464
1764847737.8031328,298.24767171638086,77.8497574776411,80.5032164962031,76.80445544002578
1764847737.808133,388.3456015489064,-148.345001692418,-142.44904941227287,-144.25916099082679
1764847737.8131328,171.92507091304287,297.17432042909786,300.38876444101334,300.7814539363608
1764847737.8181329,79.50840310798958,538.2464016228914,528.2664785911329,533.3564824308269
1764847737.8231328,307.47774480702356,84.66385519690812,88.27846850408241,85.40622533811256
1764847737.8281329,384.10829489910975,-143.5280105494894,-134.4344438072294,-135.8817850900814
1764847737.8331327,168.33102705562487,288.94654052658007,287.2579756965861,292.9987221285701
1764847737.8381329,84.4675104492344,537.8611919274554,532.0699568460695,533.6706340271048
1764847737.8431327,297.06586333038285,75.67313570342958,76.23599064676091,73.58814147813246
1764847737.8481328,375.831896297168,-159.7255172575824,-157.28523253649473,-160.10137720312923
1764847737.8531327,156.81587509205565,280.53550552623346,280.07736778166145,282.63545935135335
1764847737.8581328,89.29198139207438,544.8435851447284,541.6702800323255,540.3313958481885
1764847737.8631327,296.02991104265675,90.17272783163935,93.78360123885795,89.284501592163
1764847737.8681328,393.14763309201226,-137.17766042472795,-131.09097324684262,-130.99747574795038
1764847737.8731327,172.63191200466827,287.32342394581065,280.8477871725336,284.6624851273373
1764847737.8781328,79.60190060688183,521.1513189254329,519.9601607895456,522.3611765610985
1764847737.8831327,298.2813308159821,85.53151198662817,84.19075785251334,82.97155046695843
1764847737.8881328,383.610888205003,-147.65686010057107,-141.33829912543297,-141.31959962565452
1764847737.8931327,172.01856841193512,299.7249321988784,298.60109226219356,303.7284951014444
1764847737.8981328,96.85779900243506,554.810418526642,551.2631234186701,549.2099183429964
1764847737.9031327,303.22173865744844,82.41617532353848,84.54978824825957,90.01378208352253
1764847737.9081328,386.55792937008664,-162.54914172412828,-156.45871464628726,-151.34627140685916
1764847737.9131327,178.8064868315123,293.0529506779276,291.6224389448762,294.5395609103143
1764847737.9181328,90.1708578816615,536.6158052422106,538.2557513727807,532.7917575375177
1764847737.9231327,310.9034931664355,89.17791444342583,96.82413990283385,89.8006077860482
1764847737.9281328,380.36091514350846,-146.04122331971303,-143.1783299036324,-136.2894341852516
1764847737.933133,171.59595971694216,279.3387375404127,274.66947244573385,282.8299341490492
1764847737.9381328,98.93344347784296,542.3490718742833,533.1881869328208,536.9430464883335
1764847737.9431329,302.95994566055015,92.39796830527484,100.88567125471309,93.37969204364344
1764847737.9481328,390.9149128184654,-160.17804515222088,-157.00847993977368,-156.49237374588847
1764847737.9531329,170.46277003036812,289.32427042210475,283.1403458453715,291.1437317505479
1764847737.9581327,107.61375127499923,556.7813458032906,553.1068940968253,551.7530503128655
1764847737.9631329,298.37108841491863,1045.4086247640662,68.70009223604575,64.6423007841222
1764847737.9681327,393.6113806865178,840.972603536211,-128.25238918047398,-129.6585915638134
1764847737.9731328,183.50380117585883,1285.826223465614,303.5190607039258,303.2460480071604
1764847737.9781327,97.98724878905341,1525.4360037767328,538.252011472825,543.521530510392
1764847737.9831328,340.56463971501216,1092.060136811342,114.89159658877179,109.40890325373039
1764847737.9881327,400.7171906023286,789.0253931516781,-188.66299316473305,-195.1666791876778
1764847737.9931328,171.56604051729664,1237.716150435619,261.2020927052945,260.8281027097255
1764847737.9981327,109.86143114836887,1529.5162346283905,545.223184990231,551.5249164155684
1764847738.0031328,346.05481284996495,1078.2374665751122,104.19548271549866,96.10981901129708
1764847738.0081327,420.7705341647379,840.875366137363,-134.9131510015577,-136.20341648627073
1764847738.0131328,207.0838703964837,1281.738512814045,297.56140007451177,302.6551438141614
1764847738.0181327,115.16086938558146,1536.7267617429607,551.6595528139733,546.1058013797738
1764847738.0231328,330.8035008306615,1084.8421298968606,101.82438614359125,95.6198921171017
1764847738.0281327,425.6922425064258,855.3450390659273,-123.53263543639332,-121.75618295744061
1764847738.0331328,188.3282721186988,1263.925369325094,281.92861825972795,284.6587452273816
1764847738.0381327,107.33699867827818,1525.8660922716372,534.4073943183757,539.3328425600193
1764847738.0431328,326.8840856770985,1061.6884092711844,86.46087712561712,81.87575977994129
1764847738.0481327,382.4627389186062,817.6992061119527,-158.43712172284722,-161.32806438859552
1764847738.0531328,199.1178834908642,1280.724999926053,298.27946086600423,306.20056897215545
1764847738.058133,125.03046536864713,1550.2726793824695,564.966116856318,567.7822615229525
1764847738.0631328,305.33478213241324,2034.584113794379,78.84270091587678,1051.3831149432808
1764847738.0681329,390.36514752497897,1813.5990352625959,-149.8503114245832,834.8784365584143
1764847738.0731328,188.7770601133816,2261.0743250609376,298.78434736002237,1284.1825374350883
1764847738.0781329,114.80931878974661,2522.1025124182925,560.3249010113068,1540.9173196433112
1764847738.0831327,330.4407305349596,2052.905883677304,96.26315490948036,1069.615127227269
1764847738.0881329,396.0610151574947,1815.6372807384469,-139.59550574608147,839.2055008071475
1764847738.0931327,173.96705628884956,2240.433817205485,274.43759864848107,1260.9315794105642
1764847738.0981328,111.26389363175258,2503.040242344141,539.8564285538159,1522.6030295602977
1764847738.1031327,304.650380440522,2043.7693080855533,85.37630613846704,1058.9751118533313
1764847738.1081328,387.73599785612896,1822.7730098539032,-138.20052306260914,843.6223226548173
1764847738.1131327,192.46460146969184,2263.6062373309396,303.97532849851996,1289.818566668313
1764847738.1181328,110.64681013906375,2522.9963485077024,553.2415304952301,1536.3284623976797
1764847738.1231327,312.3433546493761,2034.5093157952651,72.2754365936853,1056.77231077943
1764847738.1281328,388.7943895435892,1798.774071838241,-151.4098497061059,827.4996139458381
1764847738.1331327,189.7419543019496,2263.131270036567,304.57745239138603,1283.5392746427096
1764847738.1381328,102.9949748297222,2497.5126702096313,539.5759360571392,1517.1801746245474
1764847738.1431327,300.09892219444737,2039.805014132522,83.59237385960296,1059.8876474425197
1764847738.1481328,393.89187318319455,1825.68265201943,-129.8418466616422,845.772765129339
1764847738.1531327,174.26998818526044,2261.1715624597855,295.3212000010535,1283.1802442469634
1764847738.1581328,96.32673320872709,2522.315686715767,556.596220755484,1540.8687009438872
1764847738.1631327,308.1247474993579,2045.2241291683167,85.31272783922032,1062.984284605831
1764847738.1681328,369.8667558678426,1803.7182195796631,-154.6261636679992,827.2490406488068
1764847738.1731327,171.0611540232785,2244.5028283572756,279.44532468914986,1266.470371244941
1764847738.1781328,86.39729882637039,2501.207691365853,533.2442854321562,1516.54439163208
1764847738.183133,309.5085104829632,2029.6474458528683,73.68911877693608,1054.0534035116434
1764847738.1881328,386.70004556840286,1819.676372690592,-136.50260848272592,848.5664703962393
1764847738.1931329,168.51428215345368,2261.238880658988,296.64138468541205,1281.3065543691628
1764847738.1981328,72.85138118686154,2474.4412273829803,504.1777829765342,1486.6289318865165
1764847738.2031329,305.0468098358251,2038.611986046657,76.28460934618488,1054.7864239029586
1764847738.2081327,388.14364695129916,1821.3368882709183,-137.59465926978737,841.8496100758202
1764847738.2131329,185.50464765215293,2276.651008376386,310.9614616157487,1293.7866005213
1764847738.2181327,72.94861858570948,2473.9176413891837,513.1909418697469,1489.6657306505367
1764847738.2231328,304.55314304167405,2036.6896774694324,83.15854546474293,1058.4103869600222
1764847738.2281327,387.74721755599603,1821.7333176662214,-133.45085011888295,849.7183595825918
1764847738.2331328,185.72530174953863,2273.0008660196327,312.28538620006293,1296.8645381848328
1764847738.2381327,96.6184454052709,2517.633331971243,550.7731965244748,1529.2413519816473
1764847738.2431328,293.32970327464864,2036.9215512666851,73.85367437498644,1051.0016451478004
1764847738.2481327,377.54851037682965,1795.5689775762148,-161.6683952845633,821.1829229206778
1764847738.2531328,181.25986120244488,2268.823397769127,308.1153977494687,1290.5927259591408
1764847738.2581327,102.98375512985513,2520.6663908353075,558.8364208289422,1537.5588894831017
1764847738.2631328,311.92074595438316,3006.6495605274104,1047.703053386882,1047.5123184891418
1764847738.2681327,394.3892798773013,2787.44093447458,830.2596601131372,827.4696947461925
1764847738.2731328,201.24588656565174,3243.4057971723378,1282.3986051562242,1286.1310253120027
1764847738.2781327,82.99772976664826,3497.8891596072353,1527.629455100745,1533.972325425595
1764847738.2831328,294.2684181635268,3010.1575866858475,1049.8310564616695,1049.378528567031
1764847738.2881327,388.5288566467352,2771.6099379621446,812.7307490208186,809.8510260549374
1764847738.2931328,184.48365496424958,3240.713069204241,1277.7012908118777,1283.5804135422222
1764847738.2981327,92.86358584975824,3493.165665963199,1532.7119791405275,1532.9139337381348
1764847738.3031328,305.566655929666,3013.299102648627,1058.1747732628137,1050.9979052478448
1764847738.308133,381.8306958260946,2786.812631282024,829.4443619227968,828.3373515359126
1764847738.3131328,177.63589814538136,3237.0891061471775,1279.3281472926028,1282.1405520592816
1764847738.3181329,104.27028071461245,3513.9370703171007,1549.4068925427273,1548.6289933519438
1764847738.3231328,324.67754470324144,3039.4746624385007,1083.5686939619482,1078.4973896220326
1764847738.3281329,422.6292644427158,2791.734339623712,833.820044870954,836.9279017341323
1764847738.3331327,208.28063838230446,3252.8976632598788,1290.4917486603372,1297.0515331826173
1764847738.3381329,83.48765666084364,3504.5461815283634,1536.5341568952426,1541.6092011351138
1764847738.3431327,315.71300450945273,3015.879633618053,1058.6833996567875,1055.3773280959576
1764847738.3481328,405.3883256469853,2769.1977024907246,818.8791445479728,820.6331576271914
1764847738.3531327,225.54401657776907,3245.6272977460176,1283.3036609455012,1286.2095632110722
1764847738.3581328,165.241869692225,3502.560294651892,1539.170786364004,1530.3371426686645
1764847738.3631327,403.6230928678997,-873.4162356518209,-875.1552891312167,-881.615966304671
1764847738.3681328,520.7081407806836,-1099.7718105199747,-1096.1777666625567,-1095.6149117192253
1764847738.3731327,279.6042704372667,-654.0580136007629,-659.2938735387288,-653.4091409584507
1764847738.3781328,206.47800660366192,-389.30862578749657,-393.6319501362741,-390.1968520269729
1764847738.3831327,398.4321117294021,75.88070015097037,79.10449391277507,75.60207760427147
1764847738.3881328,476.7269173017703,-134.23622910957783,-131.92123103700578,-130.87966889934614
1764847738.3931327,265.9536355989985,340.1962595693767,335.28203102760017,344.9141433634795
1764847738.3981328,140.72682548267767,562.9465708802454,560.9270249041729,559.8256243672222
1764847738.4031327,329.8049475424923,85.93355123186484,85.05467474227771,77.26633308455348
1764847738.4081328,402.2131505846046,-154.5588454687968,-152.38222369458526,-150.8694341625087
1764847738.4131327,191.36133098276332,308.64272364322096,305.6283642789349,310.29388947365806
1764847738.4181328,94.00425533624366,561.6189063959755,556.7607763535343,556.1268633110449
1764847738.4231327,276.50015347404405,77.36170053342357,80.1703654001467,75.79281250201166
1764847738.4281328,371.94988014316186,-149.16964963264763,-144.3975372891873,-144.1226546424441
1764847738.433133,152.08116174815223,295.182823702693,299.0984989563003,304.0071176481433
1764847738.4381328,70.62988061318174,544.968871793244,539.1757667618804,543.6804762585089
1764847738.4431329,283.568564390298,93.46570974262431,93.26749504497275,93.94628688693047
1764847738.4481328,350.0752053023316,-170.1168292844668,-165.38585584051907,-163.56265461212024
1764847738.4531329,138.62874160753563,284.3558133309707,285.5151823172346,288.0078256377019
1764847738.4581327,48.261538978200406,527.0323116057552,521.7927117678337,527.7746817469597
1764847738.4631329,268.65010346705094,58.95017305156216,66.29533656453714,62.29177366197109
1764847738.4681327,350.0078871031292,-170.43472078070045,-165.6326892375946,-169.5390147413127
1764847738.4731328,138.14629451325163,289.8497263658792,289.1690645739436,295.7868175455369
1764847738.4781327,56.66509417863563,537.130041486118,532.9525732356124,534.8954512625933
1764847738.4831328,264.3342589181848,57.35323577048257,59.615875243674964,56.83525962661952
1764847738.4881327,354.30877205217257,-173.49769884441048,-170.75635217688978,-174.7711347793229
1764847738.4931328,144.17127334186807,295.1678641028702,290.1451784623787,299.3472023033537
1764847738.4981327,68.71505183586851,553.9446316868998,552.6431465023197,548.8490179972723
1764847738.5031328,272.4909807215445,75.49175055557862,79.08579441299662,73.19732193276286
1764847738.5081327,366.930934402626,-181.80401664599776,-176.54197740834206,-177.3292263490148
1764847738.5131328,151.03024986060336,279.0862942934036,277.6501727104187,280.4906267267652
1764847738.5181327,56.90444777579978,535.8061169018038,532.4663862413727,528.0551742436364
1764847738.5231328,285.25151937035844,82.07397447759286,84.47873014910147,78.4070025710389
1764847738.5281327,364.0399917368777,-167.6671948134899,-163.7440397599712,-165.53358188876882
1764847738.5331328,135.3002306469716,280.6607921747491,280.6121734753251,281.4443012154661
1764847738.5381327,62.67511340742931,536.0903492984362,529.134135380853,534.0240545729175
1764847738.5431328,289.7169599174522,77.645932930056,80.08808760112152,78.0367524754256
1764847738.5481327,383.2705573090352,-149.4015234299004,-147.11270465701818,-142.37238146318123
1764847738.5531328,157.4591378844343,293.41011112369597,287.26545549649745,295.9289337438531
1764847738.558133,64.0476566911675,530.2037467681803,531.8904416481964,530.6020461134613
1764847738.5631328,278.02229275600985,64.45156588638201,62.14030771376565,56.498668630607426
1764847738.5681329,376.6434545875527,-160.0377989038825,-149.89145032409579,-156.56530179502442
1764847738.5731328,167.31377426767722,290.86697915382683,284.6101265279576,291.81130389263853
1764847738.5781329,80.80614839261398,552.1307802083902,544.1984524023719,550.143023381941
1764847738.5831327,282.05764480819926,85.02849544258788,89.26580209238455,83.50448621064425
1764847738.5881329,374.5341510125436,-161.0026930924505,-154.73088086675853,-158.67086547007784
1764847738.5931327,166.64059227565303,296.581546286121,295.5044550988823,297.8549822210334
1764847738.5981328,84.30669475113973,554.8646470759995,550.4216459286399,550.5394527772442
1764847738.6031327,286.6352823539637,1037.100437012501,64.9751518801786,1039.4846232342534
1764847738.6081328,379.9794453480281,817.0428536697291,-161.56741798575968,822.5498563544825
1764847738.6131327,171.5772602171637,1276.2950884285383,289.52061516977847,1276.285738678649
1764847738.6181328,76.01159664941952,1520.3590895868838,534.7963439137675,1523.491255799774
1764847738.6231327,277.2294339654036,1037.3210911098868,63.37447469914332,1039.8286940301768
1764847738.6281328,383.8315423023887,819.0736193456687,-154.65234296768904,825.5081172194332
1764847738.6331327,175.5452940701507,1276.2913485285826,294.75273520778865,1279.169201544486
1764847738.6381328,83.25204296363518,1525.4565732264891,545.5896951858886,1529.643391226884
1764847738.6431327,289.50378561997786,1069.1065008332953,93.01692174794152,1068.0163199962117
1764847738.6481328,382.5637162174098,826.041052963119,-147.9990609465167,831.8322880445048
1764847738.6531327,170.3243937320076,1273.6061003603972,291.78325464297086,1277.4600672647357
1764847738.6581328,88.68237769929692,1538.3704477734864,551.831588211935,1535.638450855855
1764847738.6631327,291.39991489751264,2022.7342407847755,61.84485561726615,2015.8247756166384
1764847738.6681328,372.2677716393955,1780.4167729057372,-177.6452478952706,1786.2229675869457
1764847738.6731327,167.2838550680317,2263.8848598776385,299.52858745120466,2264.0662450254895
1764847738.6781328,76.80071554007009,2512.8144708783366,550.6123808263801,2514.0916467132047
1764847738.683133,294.1113423653878,2037.5666840090416,77.13730653608218,2035.5415281830356
1764847738.6881328,379.5792760527693,1784.590501256287,-173.68469384219497,1788.4407282606699
1764847738.6931329,180.93075000634417,2262.299142296426,298.30190026573837,2262.1626359480433
1764847738.6981328,95.66851081652567,2522.758864860516,556.1661322605796,2517.610892571509
1764847738.7031329,302.58221576502547,2046.258211506065,88.52904180111364,2044.3302930789068
1764847738.7081327,397.0184295461513,1807.3814515862614,-152.4383221939206,1811.2915169899352
1764847738.7131329,162.74735642177984,2245.8697617910802,285.0701342225075,2248.538180409465
1764847738.7181327,86.5431549246423,2514.72929965565,552.7216844013892,2512.038441637531
1764847738.7231328,281.5153593146242,2029.4959799046628,72.76536348788068,2027.721397375688
1764847738.7281327,390.44742532400414,1809.5842526601627,-147.34083855431527,1816.804129524622
1764847738.7331328,185.75148104922846,2267.280689037405,304.42785639315844,2267.174101888668
1764847738.7381327,70.3119891169481,2503.786352385301,543.6262477091514,2499.853847581893
1764847738.7431328,302.6794531638734,2035.1469687377103,77.71699102921411,2032.3700930206105
1764847738.7481327,375.91417409619316,1805.298327310942,-159.42819521110505,1807.2075462383218
1764847738.7531328,160.29398205084726,2257.100681358017,296.01308149285614,2260.0720318728127
1764847738.7581327,62.1590072135441,2496.6543631698005,535.6864401032217,2493.5446363566443
1764847738.7631328,293.99914536671713,2014.899150377605,51.04028464527801,2015.5106240203604
1764847738.7681327,401.52500899275765,1788.9923635041341,-173.1162290489301,1792.7416132097133
1764847738.7731328,164.00396280689165,2251.0757025294006,286.6483720038086,2251.1112315789796
1764847738.7781327,66.37761436356232,2509.960927212145,545.3017228893004,2506.974617097527
1764847738.7831328,286.9232546505518,2039.34687638795,81.96551737887785,2042.710916398093
1764847738.7881327,381.3856477313675,1797.8447066992521,-160.72220059577376,1804.2081464738585
1764847738.7931328,158.6072871708311,2254.1499002929777,289.6253323685378,2255.169023030903
1764847738.7981327,90.62338577629998,2528.6866062902845,565.1082330546342,2527.428129955195
1764847738.8031328,288.36685603344813,3009.875224239193,1051.1736805457622,3010.793369678315
1764847738.808133,382.51883741794154,2762.9427198148333,809.6565512572415,2768.797533195466
1764847738.8131328,176.8467792547308,3243.1907529248856,1280.3454000805505,3241.8499987907708
1764847738.8181329,78.01244312571362,3486.9742615865543,1527.6855536000803,3490.8095289911143
1764847738.8231328,289.7805382166989,3017.9870672430843,1057.108901775442,3013.564635545481
1764847738.8281329,382.40290051931515,2777.8948398376815,820.0572130340151,2781.460834445432
1764847738.8331327,176.46530945925042,3238.179286984261,1271.6837917831726,3242.1529306871817
1764847738.8381329,76.36314724525437,3498.2126609534025,1537.495311183855,3495.5816413345747
1764847738.8431327,310.59308147011325,3047.5322768930346,1093.2176358476281,3050.941195702646
1764847738.8481328,376.7855707858689,2770.134547429625,818.3742580539547,2774.4709614282474
1764847738.8531327,161.74132333369926,3197.500395166222,1238.1892477800138,3201.249644871801
1764847738.8581328,83.5026162606664,3492.3896367223933,1527.7042530998588,3492.3241884731688
1764847738.8631327,302.081069170963,3024.348637067713,1069.48423072882,3021.740056848619
1764847738.8681328,389.77050343202427,2779.7161711161025,822.3535116068088,2781.7525466419756
1764847738.8731327,162.2088108281605,3245.3898140988313,1280.6782511766069,3248.409783313051
1764847738.8781328,74.8335281633772,3474.1127456389368,1509.8200515117496,3470.142841835972
1764847738.8831327,295.5362442485057,3017.037132654339,1061.8436151193455,3016.010530116502
1764847738.8881328,380.18513984559104,2776.286682856735,818.3518186542206,2778.805505476892
1764847738.8931327,160.23414365155622,3222.7708991668187,1262.0124104977585,3225.252322787419
1764847738.8981328,97.31406679702923,3510.445873708464,1550.8168348260224,3513.510721722152
1764847738.9031327,299.934366596397,3037.9581330064684,1078.4300714228302,3036.2546085766517
1764847738.9081328,380.4656323422678,2775.800495862495,822.3497717068531,2777.76581328921
1764847738.9131327,169.0603075469844,3247.3196024759673,1287.0473008011468,3245.3991638487205
1764847738.9181328,89.31068089185283,3494.371783698909,1530.1576274707913,3493.779009555932
1764847738.9231327,311.30366246169433,3023.4622807782143,1061.1779129272327,3018.7443969841115
1764847738.9281328,382.14858732232824,2772.4308460024185,815.1429844922386,2775.899603211321
1764847738.933133,175.48919557081535,3248.9314993568696,1285.6074393182062,3249.5990714989603
1764847738.9381328,74.58669476630166,3498.425835250877,1531.2384585579857,3493.5209564589895
1764847738.9431329,310.30136927356943,3036.215339627117,1074.8210679655895,3038.03480095556
1764847738.9481328,385.44343918329105,2757.0935162841342,800.8378671617247,2762.510761369951
1764847738.9531329,175.2461020736955,3235.7857510126196,1270.5057232971303,3234.0373477833346
1764847738.9581327,97.85635229060426,3504.308697881177,1538.579882171005,3501.606620163191
1764847738.9631329,322.6243396275677,3044.4580791294575,1087.5217682151124,3045.2752472697757
1764847738.9681327,392.6128273983486,2778.444605131168,822.7275016023777,2780.952208051458
1764847738.9731328,171.85401281388476,3211.899009995628,1249.3977279472165,3212.5329230381176
1764847738.9781327,92.6541514522396,3501.2382400175557,1539.6943723578006,3503.9664970352314
1764847738.9831328,305.1253477348946,3027.336817132309,1063.7098251972347,3024.432784816716
1764847738.9881327,390.26417022617534,2788.284281914588,832.6681556846015,2790.9414808331057
1764847738.9931328,187.26614053128287,3238.407420881558,1277.8209676104598,3242.3960241843015
1764847738.9981327,79.99085020227358,3474.6849503321573,1510.7475467007607,3471.7285594171844
1764847739.0031328,285.68534776521847,3003.820326210931,1044.9542269194499,3003.2686909674667
1764847739.0081327,401.67086509102955,2777.7527236393653,824.690949079115,2785.2643127003685
1764847739.0131328,183.477621876169,3240.7074593543075,1282.0358348605223,3248.2714070146903
1764847739.0181327,97.45618299534544,3496.701741371304,1538.3854073733091,3497.1748387156986
1764847739.0231328,322.48222342925146,3045.2658975198865,1084.2306562541053,3045.308906369377
1764847739.0281327,396.59956075111404,2789.380072601605,830.2147813136689,2794.5654438901693
1764847739.0331328,191.1855556848459,3259.5677748308517,1293.001221530605,3255.1303835334256
1764847739.0381327,89.40417839074507,3473.8359930422157,1510.863483599387,3471.4144078209065
1764847739.0431328,302.1147282705642,3017.736493946053,1063.3545347014442,3016.556555510033
1764847739.0481327,384.8974137897603,2769.109814841766,813.8788983072154,2771.3593646651134
1764847739.0531328,185.5495264516212,3231.2866513659246,1266.3544343463145,3232.006582107395
1764847739.058133,88.55896100075915,3498.582911049016,1530.1164885712788,3493.8014489556663
1764847739.0631328,308.33044199692085,3031.065497388132,1074.2937420718372,3032.271615123842
1764847739.0681329,391.5656554107554,2775.4713846663944,821.5382134164684,2781.782465841621
1764847739.0731328,172.49353570630774,3237.408867593389,1274.211964153219,3237.081626347266
1764847739.0781329,93.86961893783882,3484.9434959106147,1525.3817752273753,3485.4165932550095
1764847739.0831327,328.67175785591826,3031.4918459830806,1068.2687632432207,3030.319387346972
1764847739.0881329,410.72142298379913,2792.697363862302,837.1896947310306,2798.342742845416
1764847739.0931327,180.93448990629986,3241.735931842122,1275.9285782328807,3241.270314297639
1764847739.0981328,95.12622532295063,3500.1686286302283,1532.8615751387551,3498.016316205729
1764847739.1031327,295.21087295236066,3012.3622577097267,1053.8103100145236,3012.188352361787
1764847739.1081328,382.3019232205115,2775.512523565907,817.4280633651651,2781.96572093945
1764847739.1131327,178.26046143798158,3228.6350622973405,1266.855580940377,3224.6090599950403
1764847739.1181328,100.61639845790341,3513.5312911719084,1550.5026832297444,3510.9750695521943
1764847739.1231327,310.1929121748544,3034.2070133509114,1074.6527724675834,3026.3064746945165
1764847739.1281328,397.6168135390617,2773.5266366894357,815.4421764886938,2774.7851130245253
1764847739.1331327,180.16407051542774,3232.8349699475802,1267.5624220320024,3234.2318225810304
1764847739.1381328,73.34130808105692,3480.41821696423,1518.3320638108999,3480.356508614961
1764847739.1431327,294.59004955971614,3023.189268081449,1066.8737805597484,3024.372946417425
1764847739.1481328,379.91586704878137,2763.694439705927,810.1539579513483,2767.6905228085816
1764847739.1531327,188.5863252156414,3253.797109199222,1286.3890784089454,3254.2028883444145
1764847739.1581328,96.18087711045519,3508.938694026321,1547.9371118601412,3507.2089902968146
1764847739.1631327,291.8599225920625,3996.103672104422,1060.149440439418,3020.883619758766
1764847739.1681328,379.0444703591056,3744.544911434874,811.9191907304339,2772.09986485634
1764847739.1731327,168.14777195779607,4218.076084224507,1265.7747498531826,3230.3385867271572
1764847739.1781328,93.76116183912382,4470.8503123796545,1523.5193050494418,3487.55955592962
1764847739.183133,289.8702958156355,3993.4109441363253,1052.8005370264873,3015.3410880244337
1764847739.1881328,385.7912498791702,3761.853168429807,820.2591676316224,2782.519226132892
1764847739.1931329,168.8733125491999,4206.392636762932,1268.2804828234948,3230.7462358223274
1764847739.1981328,85.21549044037238,4470.984948778059,1529.136634782888,3487.3089826325886
1764847739.2031329,286.7923581521027,3994.9293435183354,1057.3706947723404,3010.307182684075
1764847739.2081327,382.2383449212648,3755.652414303273,819.7804604372941,2775.7836663126945
1764847739.2131329,178.1071255397983,4218.008766025305,1272.1774585773237,3242.0220341887325
1764847739.2181327,97.72171589219943,4487.388149983715,1545.8390279849991,3508.6077128802426
1764847739.2231328,278.044732155744,4967.350080747157,2027.3530172300525,3988.158254648559
1764847739.2281327,390.66807942138985,4750.362955268007,1813.4587890142575,3771.608697464224
1764847739.2331328,185.033420257736,5220.1617079018615,2275.407491641119,4243.550412772689
1764847739.2381327,92.61301255272701,5455.81467405986,2511.7897382904775,4470.796083830297
1764847739.2431328,292.3423696863465,5944.909440515097,2025.0978575567715,3984.45201379247
1764847739.2481327,374.1863403166644,5694.1547583360225,1778.127954132855,3741.659578619059
1764847739.2531328,168.79477465013042,6166.803314736113,2244.751531704329,4208.61600728659
1764847739.2581327,82.08893407741562,6445.5885470830835,2518.0503308163024,4479.207118830644
1764847739.2631328,292.5966828833334,5970.819467408117,2050.951785950456,4008.8473812034354
1764847739.2681327,396.67061885027215,5728.715173826553,1812.9127636207268,3771.485280765686
1764847739.2731328,175.541554170195,6174.279374747537,2254.5762488879263,4218.249989572447
1764847739.2781327,88.63749889982864,6438.542575566564,2515.5894766454585,4475.751451271586
1764847739.2831328,292.9818925787695,5960.4524647309445,2036.7027671192773,3998.1475274302065
1764847739.2881327,380.21131914528087,5710.673896440305,1784.8635139530525,3751.682510500308
1764847739.2931328,202.92136174580082,6200.380136538297,1295.8510252968408,4239.911490115803
1764847739.2981327,68.63651393679902,6432.356781039853,1530.8457690626383,4467.920100764371
1764847739.3031328,293.4830391728319,5976.313380443025,1077.3081014361233,4013.219324251637
1764847739.308133,390.73913752054796,5718.172395851463,817.8207528605126,3762.8835108675994
1764847739.3131328,159.10095396498218,6142.045177029446,1241.9702866352163,4183.35672298586
1764847739.3181329,95.37679861998186,6426.4365194099955,1520.1945339888334,4460.9713666467
1764847739.3231328,298.3449091152288,5960.53474252997,1062.8459083074704,4002.399793679826
1764847739.3281329,388.74577084416524,5719.040052641183,819.8963973359205,3763.3883973616175
1764847739.3331327,182.12751799216494,6186.08623890765,1283.3821988445707,4226.331913376693
1764847739.3381329,100.71363585675135,6459.923583613243,1549.578927940689,4491.35805378668
1764847739.3431327,290.4537202087231,6944.279896824621,1060.2616374380887,4977.285124979448
1764847739.3481328,383.8951206016354,6677.335187737364,801.6120264525525,4719.215198487043
1764847739.3531327,182.44540948839858,7158.592993835453,1270.4234454981051,5194.706078853458
1764847739.3581328,90.66826457576826,7424.142720239237,1539.5485162595287,5456.755258898716
1764847739.3631327,285.6629083654843,6939.025337386876,1062.3111026138067,4984.4133742949925
1764847739.3681328,393.3738970393315,-171.10790277272463,-166.23481313046068,-163.62249301141128
1764847739.3731327,173.27704474702477,291.63739854469895,291.4728429466486,288.4154747328721
1764847739.3781328,77.84227767772973,549.9130195346661,545.017490492668,548.8228386975825
1764847739.3831327,299.910057246685,79.43734500883147,79.97963050240651,80.78931884281337
1764847739.3881328,388.5980447959155,-165.83464383520186,-163.51216596271843,-160.2752825510688
1764847739.3931327,182.33508243970573,304.12866439670324,305.4077101815492,306.99155781278387
1764847739.3981328,78.74733346700668,555.2535966713913,555.3732734699734,556.2278406098485
1764847739.4031327,288.96337007638067,73.0533357844688,73.08699488407001,72.59519803989679
1764847739.4081328,396.5266327019781,-166.3769293287769,-163.119476467371,-164.78186199767515
1764847739.4131327,183.34111552778631,281.4985297648236,282.86359324865043,284.13702918356284
1764847739.4181328,81.45128113497049,547.743877560366,543.1587602146901,545.849618232809
1764847739.4231327,315.09405106678605,108.47392826480791,106.58153888722882,103.83458236977458
1764847739.4281328,387.2554207118228,-175.7865176172927,-168.53111170325428,-172.9572833008133
1764847739.433133,188.5021774666384,296.9480564817786,295.9121041940525,298.10181561810896
1764847739.4381328,90.74119262490422,560.7400299063884,556.3942661578767,555.4574212189764
1764847739.4431329,292.4302573353052,77.94138502655551,80.21524419961497,75.73297410272062
1764847739.4481328,377.78973392397165,-182.96712553221732,-179.6797534711659,-177.33296624897048
1764847739.4531329,176.65791430696845,287.138298898004,283.327340843156,287.66001494182274
1764847739.4581327,92.19975360762328,567.1763977301307,571.0509340842254,570.4207609416917
1764847739.4631329,300.56827963888645,78.54350891942158,86.92836462007836,86.84795677103102
1764847739.4681327,390.7372675705701,-166.43302782811224,-164.1180297555402,-164.0189224067144
1764847739.4731328,175.0123583264649,293.94117691740394,289.33736007194966,299.36590180313215
1764847739.4781327,98.41172743402421,588.893996772822,585.5916651119478,579.6695335321128
1764847739.4831328,299.741761748679,1064.6261006863788,1061.4322261242196,1059.2761737997644
1764847739.4881327,384.78708674106747,775.4439464625902,782.7928498755209,779.1445774687454
1764847739.4931328,176.69531330652535,1263.0296632857062,1264.7163581657223,1267.8971430780366
1764847739.4981327,90.8197305239737,1556.669778256677,1551.7218906152993,1555.23552662367
1764847739.5031328,294.63679830916226,2037.82847700594,2040.2444523773156,2040.6539714224637
1764847739.5081327,393.98724063206464,1781.8117555892095,1783.326415071264,1786.8138717799447
1764847739.5131328,180.83912245742977,2253.0279303062707,2250.6904928339645,2255.4046367281117
1764847739.5181327,85.47915338724852,2528.234078395646,2524.797110336367,2530.0049210246652
1764847739.5231328,286.9887028997764,2040.192093777936,2044.4555797274224,3019.7915689717047
1764847739.5281327,390.7784064700827,1798.0204819971696,1799.5501010790467,2782.4406882338226
1764847739.5331328,160.6698419963941,2243.629561717622,2243.1770338229835,3227.4551238613203
1764847739.5381327,75.78159280214459,2526.7119391136803,2517.9306540177204,3497.4029726129957
1764847739.5431328,293.7728814193979,2045.8991811103188,2047.294163793791,3029.0291218622588
1764847739.5481327,392.4538816502318,1782.7205512784421,1784.8709937529638,2768.999487793073
1764847739.5531328,176.49709860887378,2250.8737479317933,2245.8174031917006,3230.753715622239
1764847739.558133,90.28492483031005,2545.7517697880976,2543.0740014198236,3518.0547001683153
1764847739.5631328,297.82693297136575,2062.5716551127844,2061.1205739299767,3038.5022884500213
1764847739.5681329,386.80289281718433,1783.1057609738782,1786.8905397290364,2766.8714847182855
1764847739.5731328,173.8268100405112,2226.2203274238855,2226.672855318524,3212.0242966441438
1764847739.5781329,81.21192753780633,2521.0160714811645,2514.340350060258,3496.2323839268647
1764847739.5831327,298.0625466685742,2042.9259606455453,2046.4526863037609,3024.829214212019
1764847739.5881329,388.28389319963753,1789.0933408029377,1800.2906012702733,2774.609337726608
1764847739.5931327,170.46463998034596,2241.0639903480187,2240.61146245338,3218.4457048680633
1764847739.5981328,100.14704101346433,2541.970730932895,2539.91004605731,3520.0069279451855
1764847739.6031327,306.5969983674586,2057.1674996768124,2058.9402122558095,3039.3549856399186
1764847739.6081328,384.7309882417321,1790.3649067878723,1794.4750568391755,2780.6417963551357
1764847739.6131327,180.2669177642092,2248.1249214643613,2248.1099618645385,3235.660464364104
1764847739.6181328,88.23919955454767,2545.3067216933705,2539.91004605731,3518.832599359099
1764847739.6231327,294.26280831359327,3015.0026270784438,3018.510653236881,3989.9571465272456
1764847739.6281328,375.63555154949427,2751.1882142541,2753.215240030084,3735.7916755885817
1764847739.6331327,177.28995739948004,3229.678494384978,3221.6638887799345,4206.278569814283
1764847739.6381328,92.84675629995763,3511.9268740909174,3509.3912219209597,4488.642886418849
1764847739.6431327,298.11864516790956,4000.326019154396,3025.736139951274,4000.084795607254
1764847739.6481328,374.1059324676171,3739.6680818926543,2764.4985181964003,3746.9365774565376
1764847739.6531327,174.81788352876902,4208.004533643834,3229.289544789586,4208.877800283488
1764847739.6581328,126.75268929824233,4511.177653601859,3533.2256043385714,4512.387511237524
1764847739.6631327,308.7100418424234,4999.677775964141,4022.2829717942514,5000.079815209378
1764847739.6681328,443.3539200471714,4737.632335818838,3758.161887173541,4739.347079948522
1764847739.6731327,215.56409354601055,5192.146117333788,4207.652983047999,5192.5556363789365
1764847739.6781328,135.174943998456,5493.625062611885,4508.462486234028,5494.285154954065
1764847739.683133,325.03096524905413,5975.378405454103,4996.569919100963,5976.476066091098
1764847739.6881328,420.36849491950125,5708.1083250707015,4734.154228860047,5712.007170774508
1764847739.6931329,215.93060374166816,6187.750494387932,5204.633643285837,6190.231918008532
1764847739.6981328,107.35756812803447,6463.562506270129,5478.557005690411,6460.2732642591
1764847739.7031329,317.58108453731984,5985.730448531453,5004.247933709994,5984.262537798844
1764847739.7081327,398.7892721751705,5724.646162674762,4745.9274339205585,5726.016836008523
1764847739.7131329,193.47998430766165,6184.956789121032,5201.035859528463,6186.058189657982
1764847739.7181327,95.84989596437663,6474.583991439547,5491.179168040864,6473.6658460004255
1764847739.7231328,305.16461668442935,6963.678757894784,5009.438914848492,5985.7435381812975
1764847739.7281327,393.19812174141407,6681.198504391592,4725.6908352603205,5707.904500523116
1764847739.7331328,171.99799896217883,7121.7175802723505,5155.899006963242,6142.933403268922
1764847739.7381327,95.58062316756696,7423.0020507527515,5458.387725229375,6442.1272696740925
1764847739.7431328,294.2441088138148,6940.390400870703,4983.450350056402,5960.914342375472
1764847739.7481327,402.1177831357345,6689.650678291451,4733.080877572764,5713.761183853727
1764847739.7531328,182.50711783766747,7143.367861115839,5183.959476330783,6163.917981920298
1764847739.7581327,86.03265858069062,7447.696610160172,5482.981307337992,6461.275557447225
1764847739.7631328,295.44835659954697,7935.57590912981,5972.364046089817,5971.831110346131
1764847739.7681327,366.89540535304695,7652.377594835125,5695.373965721577,5697.391641747672
1764847739.7731328,164.65657534915954,8122.707413262688,6165.614026550204,6167.010879183654
1764847739.7781327,60.8070333795622,8410.808736399282,6441.654172329698,6449.812764083035
1764847739.7831328,269.88240050245076,7935.205659034196,5978.587239616085,5970.959713656455
1764847739.7881327,383.90447035152465,7665.654239677824,5706.006501295604,5707.586609026883
1764847739.7931328,162.47247377503663,8118.021318618208,6158.209024637938,6160.065884965938
1764847739.7981327,81.14086943864822,8425.218570928555,6458.749255027156,6457.0831295968965
1764847739.8031328,280.6607921747491,8911.751505914144,6947.174579390325,5968.712033783086
1764847739.808133,362.1719117090106,8612.063972714823,6661.507931124885,5677.4392754840665
1764847739.8131328,161.79555188305676,8123.107582557946,7137.664513683412,5188.116375131533
1764847739.8181329,73.78074632585049,8410.453445903491,7425.859334318899,5464.425793707836
1764847739.8231328,284.6213462278247,8899.215361262672,6940.629754467867,4977.920907971915
1764847739.8281329,377.19882973097265,8633.482379761059,6677.144452839624,4715.767010727897
1764847739.8331327,186.5013309903443,9111.497692597564,7146.56921547791,5188.770857623778
1764847739.8381329,89.94833383429796,9409.894960312173,7442.382212323137,5485.746963355225
1764847739.8431327,295.6951899966225,9897.44514808571,6956.685144977644,5969.351556675509
1764847739.8481328,389.79481278173625,9618.686095038429,6683.1095932689495,5702.934173482005
1764847739.8531327,167.64849531371146,10084.868364415132,7138.666806871537,6166.049724895041
1764847739.8581328,81.02119264006615,10393.516697908286,7451.761881412007,6470.883360433392
1764847739.8631327,287.48610959388316,10859.091233542189,7923.574570172001,6937.157257359009
1764847739.8681328,381.86622487567365,10597.06075299671,7658.15200036671,6678.369270075113
1764847739.8731327,172.20369345974177,11057.367639543023,8114.93964105472,7138.096472128294
1764847739.8781328,86.57868397422135,11354.691555970348,8408.265604429413,7433.44198147906
1764847739.8831327,291.5102419462055,10866.30924045667,7926.79462403385,7922.2263362379745
1764847739.8881328,384.09520524926484,10594.016474432778,7659.8237356469035,7656.197902639862
1764847739.8931327,180.3117965636775,11071.194049679209,8129.11760178674,8133.715808782261
1764847739.8981328,79.0353057635948,11360.028393207118,8416.332568633836,8413.312599419616
1764847739.9031327,294.23662901390344,10879.959875294939,7944.544189223554,7939.934762528166
1764847739.9081328,377.08289283234626,10591.83611275861,7657.205805677921,7658.5577795119025
1764847739.9131327,184.0180374197662,11058.35123323137,8114.588090458885,8118.860926158261
1764847739.9181328,90.47565972805023,11367.751286615618,8421.628266971093,8425.022226180881
1764847739.9231327,301.23024193104357,10888.292372396216,7950.1577790570445,7946.034539355896
1764847739.9281328,393.1121040424332,10588.847932694014,7654.187706413679,7650.595532506239
1764847739.933133,180.7194456588477,11072.899444059003,8129.218579085544,8131.471868808847
1764847739.9381328,79.68230845592916,11362.26485338062,8413.333168869372,8417.000140775926
1764847739.9431329,290.67250435613096,11851.3222208363,7927.931553620379,7930.267121142708
1764847739.9481328,376.1404380435124,11583.62579185795,7664.360234293155,7665.020326635335
1764847739.9531329,178.73729868233204,12046.139219378121,8121.293731079437,8124.257601794321
1764847739.9581327,118.48751039616764,12374.631462036166,8444.198563203681,8446.549090325832
1764847739.9631329,283.5068560410291,12836.166905717924,8918.20283333771,8912.722009952646
1764847739.9681327,386.72435491811484,12526.662135134917,8608.088459061924,8606.145581034943
1764847739.9731328,174.86650222819299,13009.449560314883,9090.08676535124,9095.612467535771
1764847739.9781327,101.6018620962277,13332.687243535183,9410.040816410445,9407.121824495029
1764847739.9831328,305.8527582762763,13822.208358585369,9900.096737154294,8921.60427234741
1764847739.9881327,381.3987373812124,13542.230098152533,9628.510812222026,8644.157924184576
1764847739.9931328,175.2704114234075,14012.597315579653,10088.70550176967,9110.665564857423
1764847739.9981327,92.13617530837655,14323.702763343696,10400.551449724939,9418.932428555097
1764847740.0031328,315.93926845677197,14808.69485954754,9910.392681732308,9907.477429716848
1764847740.0081327,382.72266196552664,14501.9613548317,9598.03436748311,9604.543663355988
1764847740.0131328,169.88121558725834,14978.521846585441,10076.333912716247,10080.872281312477
1764847740.0181327,84.21132730226964,15285.244131601416,10382.685947636608,10385.01029545907
1764847740.0231328,305.2094954838976,14804.337876099162,9903.578584013041,9900.842847195454
1764847740.0281327,403.1088566239923,14525.739638749976,9625.432874558493,9627.35331318574
1764847740.0331328,173.0788300493732,14985.48180040298,10079.804539875127,10087.791096230503
1764847740.0381327,89.77629843633622,15301.93530510366,10399.313542839605,10395.39599763602
1764847740.0431328,299.63704454991966,15782.59285725886,10886.946008412167,10879.393280451652
1764847740.0481327,394.0732583310455,15489.562345980667,10592.385878052097,10589.470626036637
1764847740.0531328,174.7543052295223,15957.42757033743,11052.647885798942,11051.239813465625
1764847740.058133,81.83275093045086,16266.453633726109,11357.806892633438,11360.179859155323
1764847740.0631328,285.1299726217985,16753.52137440536,10876.06289954111,10873.974165415857
1764847740.0681329,400.6667019529268,16477.241875028703,10601.455135444645,10601.064315899275
1764847740.0731328,165.59155033808202,16924.328215231653,11038.35024826834,11046.669655719772
1764847740.0781329,79.1475027622655,17247.446221653372,11362.6463231761,11363.040882621426
1764847740.0831327,301.01332773361355,16769.52440631576,10892.00235315226,10896.473403549287
1764847740.0881329,397.36063039209694,16490.567138570827,10612.177428617608,10615.313334730454
1764847740.0931327,179.8293494693935,16937.956410670187,11054.386939278338,11059.822883863933
1764847740.0981328,86.1523353792727,17240.29927283805,11355.473195061088,11353.691132732201
1764847740.1031327,306.64935696683824,16756.965822264552,10880.416143089533,10875.189632901456
1764847740.1081328,408.65886815823615,16483.637103952933,10606.870510580484,10605.518536746502
1764847740.1131327,181.3477488514036,16953.72008898342,11067.32325322507,11074.161660294048
1764847740.1181328,83.48952661082149,17259.541058110073,11372.396242360584,11368.32162135886
1764847740.1231327,293.72052282001823,17741.758148546796,11858.345752953086,11855.523998436518
1764847740.1281328,382.64412406645715,17442.90835293755,11566.19411816448,11565.739720319863
1764847740.1331327,185.44293930288404,16954.445629574824,12050.413925027475,12054.08837673394
1764847740.1381328,89.88849543500692,17250.47554061748,12341.129438233096,12344.332662545145
1764847740.1431327,293.1071792272851,17736.873839204665,11851.711170431692,12829.994200841058
1764847740.1481328,382.76380086503923,17450.44799124822,11575.38305235561,12558.935601802543
1764847740.1531327,172.7908577527851,17920.826428375207,12038.042335974053,13021.18349642586
1764847740.1581328,80.7407001433894,18221.332999664824,12338.126298568677,13319.8313374375
1764847740.1631327,295.05566710419953,17740.10511276638,11863.518034591805,12842.750999589916
1764847740.1681328,391.6722425594926,17451.996309829876,11574.616372864693,12551.49320089072
1764847740.1731327,180.77554415818304,17935.05300780665,12051.88370571006,13035.978540650569
1764847740.1781328,105.06126955524087,18242.295138916466,12360.995786797721,13339.18905960815
1764847740.183133,312.670595895499,18724.84134054929,12848.433777572587,13823.530413219705
1764847740.1881328,367.871519241482,18429.68282619631,12547.676632985938,13527.29106777953
1764847740.1931329,166.68734102509916,18908.12822752772,13019.453792696353,14005.05954721896
1764847740.1981328,95.25525187142193,19228.994814176112,13345.904049978592,14327.926980343647
1764847740.2031329,298.559953362681,19695.193913102616,13811.691759909969,14793.811927673873
1764847740.2081327,389.06179239042103,19418.155214034952,13539.470051985234,14519.56693387311
1764847740.2131329,181.04107705503702,19885.882062093355,14005.775738060474,14985.861400248483
1764847740.2181327,93.17960739601403,20217.60183841316,14331.496714851353,15314.413481305819
1764847740.2231328,300.3962442409247,20659.33451182954,14777.930442512035,15752.193080469035
1764847740.2281327,376.9931352334097,20368.058013630565,14491.803786552045,15473.852896216791
1764847740.2331328,189.63162725325674,19895.5085645793,14012.39162108209,14996.25084232539
1764847740.2381327,93.67701409012079,20194.620153185446,14309.046095417347,15292.871657561045
1764847740.2431328,297.86059207096696,20681.055850772187,14798.350296270102,15773.925639111549
1764847740.2481327,389.6265172837302,20392.07191124605,14513.637322493363,15493.831441780087
1764847740.2531328,190.55912244226784,20882.22319943877,14999.173574140761,15981.405938903335
1764847740.2581327,97.5665100440383,21187.423345172778,15295.304462482221,16280.588585608639
1764847740.2631328,293.1483181267977,21646.527853883337,15766.399090450723,16745.172047754284
1764847740.2681327,377.2474484303966,21368.490601527505,15488.208502196707,16464.356049731374
1764847740.2731328,177.62654839549214,21858.017326427624,15970.71169498004,15977.396766150836
1764847740.2781327,86.43282787594944,22148.89365533134,16262.751132769976,16260.093933851458
1764847740.2831328,312.68929539527744,21677.213733019773,15796.423007295001,15790.534534814768
1764847740.2881327,403.28463192190975,21388.27841219306,15515.786524469964,15510.986362876836
1764847740.2931328,190.0953748477623,21867.793424911797,15985.55909780413,15991.447570284363
1764847740.2981327,78.69871476758271,22158.007791523356,16270.268331680913,16273.3331796946
1764847740.3031328,293.1782373264432,22618.668098615482,16730.438711878844,16734.326337882783
1764847740.308133,391.9676946559921,22352.05998052424,16476.146084341686,16468.69059378002
1764847740.3131328,168.9312809985131,22821.52214216208,16938.50991586363,16943.3063375568
1764847740.3181329,72.15014994516969,23126.352037800476,17238.193709162995,17244.433732239064
1764847740.3231328,269.4971908070147,22650.008460244164,16765.234741066583,16760.913286667783
1764847740.3281329,378.48535531573,22348.79504786292,16471.52730789641,16472.81196353119
1764847740.3331327,185.95156569685787,22820.774162170943,16933.86870001862,16936.754032834433
1764847740.3381329,97.36829534638673,23144.984219379723,17259.948707205243,17258.55559447175
1764847740.3431327,287.04854129906744,23612.312768092845,17733.362073146272,17732.9039354017
1764847740.3481328,371.45060349907726,23324.17778585665,17449.157725763507,17443.70682157809
1764847740.3531327,174.8253633286804,23808.621986716986,17928.811114780605,16953.994971630163
1764847740.3581328,79.65612915623933,24130.445987754036,18244.21744749369,17264.442197002005
1764847740.3631327,316.02154625579715,24616.425417546183,17756.085705277044,17750.86667488888
1764847740.3681328,390.9541817680001,24323.761416463647,17469.90295081772,17464.84473612765
1764847740.3731327,173.03582119988278,1242.650948427152,1237.5759041872807,1238.5912870252505
1764847740.3781328,75.77598295221105,1558.0984200397506,1553.6367193926126,1560.721959858667
1764847740.3831327,297.0471638306044,2042.43603375135,1068.1004677452147,2044.9024977721274
1764847740.3881328,387.0889951637946,1764.245445497334,787.2321111229248,1766.996141914744
1764847740.3931327,180.76245450833812,2247.0627898769453,1265.6812523542903,2254.7052754363976
1764847740.3981328,81.88323957985267,2551.428937920835,1564.9274773588404,2546.8718698248267
1764847740.4031327,303.3937740554102,3038.1974866036326,1080.1616451023147,3032.9672365156002
1764847740.4081328,396.3564672539942,2739.598264291417,785.5304566430859,2746.5825274586678
1764847740.4131327,182.97647528210655,2261.068715211004,299.9137971466407,2263.4416817328893
1764847740.4181328,88.0989533062093,2565.995848248247,600.0201991409995,2560.436486964114
1764847740.4231327,288.3032777342014,3019.8570172209293,1060.3925339365378,3019.653192673344
1764847740.4281328,373.46827952517197,2718.755801838357,764.3177440944128,2724.038410525769
1764847740.433133,178.60079233394936,2241.2809045454487,1254.5101711866446,2243.57907306822
1764847740.4381328,83.29692176310346,2537.4043130869977,1548.625253451988,2525.868591673672
1764847740.4431329,292.87343548005447,2056.135287289042,1075.2324569607154,2052.8610048778355
1764847740.4481328,376.20962619269267,1755.0714709060267,778.570502825547,1762.4072846691124
1764847740.4531329,172.79272770276293,1265.9954039505683,1265.1277471608482,2246.0474070389755
1764847740.4581327,100.07037306437269,1572.9495627637953,1571.1170117855072,2550.1442822860554
1764847740.4631329,292.88465517992154,2048.8350025755353,2055.9744715909474,3030.4764631451108
1764847740.4681327,391.2776831141673,1768.5799895459786,1770.9473462179303,2755.1955170566216
1764847740.4731328,172.71044990373775,2243.206953022629,2243.5360642187297,3225.697370882146
1764847740.4781327,81.46063088485971,2549.4542707442306,2540.15313955443,3524.053499697242
1764847740.4831328,304.7214385396801,2062.1714858175255,2065.3915396793745,3041.7335620117374
1764847740.4881327,397.11940684495494,1764.9709860887378,1764.3726020958275,2750.5543012116104
1764847740.4931328,183.72445527324453,2242.904021126218,2242.2495386339724,3227.6944774584845
1764847740.4981327,91.41624456690624,2551.2905616224743,2548.8297074516304,3529.9101830278523
1764847740.5031328,292.0132584902458,3033.717086456716,3036.144281527959,4011.925318866968
1764847740.5081327,377.7242856747471,2726.344058848452,2730.6748629971407,3713.8534224485047
1764847740.5131328,169.62877234024927,3212.6432500868104,3206.872584455181,4191.21799269272
1764847740.5181327,106.42072318913415,3534.534569323063,3532.903972942382,4516.13115109317
1764847740.5231328,282.65602880110964,4006.1453034854494,4010.8613173295744,4991.459345811512
1764847740.5281327,386.18019947456196,3712.766981511377,3720.9087437149137,4699.812597516924
1764847740.5331328,170.5787069289945,3224.7156471437775,4203.78218659386,5186.833589446731
1764847740.5381327,69.38823382789269,3523.4644654542208,4498.615329650696,5475.409879877698
1764847740.5431328,296.13836814137176,3044.4356397297233,4023.3077043821104,4995.120707868133
1764847740.5481327,397.7551898374222,2750.0737240673043,3735.584111141041,4716.86654131487
1764847740.5531328,185.54204665170982,3224.236939949449,4205.225787976757,5184.892581369728
1764847740.558133,87.19015761697665,3527.2679437091574,4503.899808288086,5486.8577136420645
1764847740.5631328,283.0150591968559,3045.2023192206398,4025.1739144599997,5002.9632780752145
1764847740.5681329,380.32725604390725,2730.3868907005526,3717.9467429500073,4700.5082189086825
1764847740.5731328,176.70840295637026,3207.4186098487116,4186.832959994674,5168.448241264559
1764847740.5781329,75.49549045553431,3527.439979107119,4505.216253072489,5488.073181127664
1764847740.5831327,300.77958398638293,4015.6970079722814,4022.043618197087,4998.191165731754
1764847740.5881329,397.9571444350295,3704.008135815151,3713.1821104064584,4692.493613303639
1764847740.5931327,177.6957365446724,3220.3624035953544,4198.0900588613,4204.322602137458
1764847740.5981328,87.23503641644493,3533.240563938394,4507.897761340719,4506.5009087072685
1764847740.6031327,302.66449356405064,4018.307458141353,4023.6779544777237,4028.1789240743965
1764847740.6081328,384.2391913975589,3726.4587552491575,3731.746973786503,3727.5339764864184
1764847740.6131327,163.5028162128292,4182.281501748599,4183.339893436059,4186.66279454669
1764847740.6181328,81.19135808805004,4504.008265386801,4497.22408686718,4500.292674780823
1764847740.6231327,299.8371291975491,4031.4980852850713,4032.586396172177,4030.2882276494056
1764847740.6281328,391.78630950814113,3736.2647729329765,3740.6554154809564,3735.8814331875183
1764847740.6331327,189.43528250558302,4202.353544810787,4199.170889948495,4204.965864929836
1764847740.6381328,79.7963754045777,4517.617761325557,4511.0243177036755,4511.998561642133
1764847740.6431327,307.7544974037446,5002.090011435561,4027.025164938066,5000.913812899496
1764847740.6481328,387.0628158641048,4704.4033247125335,3726.6981088463217,4704.061123866588
1764847740.6531327,186.94450913509354,5189.980715259444,4206.938662156463,4215.31416810723
1764847740.6581328,95.3207001206465,5488.366763274185,4506.188627060968,4507.712636292912
1764847740.6631327,303.0833623590879,5975.2026301561855,4018.546811738517,4985.928033777047
1764847740.6681328,395.140999768395,5682.153419378214,3725.5312600601465,4707.943140020594
1764847740.6731327,184.06104626925662,6166.388185841031,4201.39613042213,5184.802823770791
1764847740.6781328,91.55462086526677,6488.5487778740935,4522.300116070081,5508.399537386838
1764847740.683133,309.1382603873499,6967.467276549898,5009.6446093460545,5986.263384275138
1764847740.6881328,392.21639800304547,6656.679720282089,4695.49488301808,5679.552318959031
1764847740.6931329,189.18844910850748,7140.031870355364,5176.9247245141305,6164.965153907891
1764847740.6981328,93.03936114767566,7464.4551018616185,5497.286424668506,6476.205238070339
1764847740.7031329,305.58535542944446,6979.255441210233,5020.284624719992,5997.243730545044
1764847740.7081327,400.025309110526,6650.950193549972,4693.535175441299,5678.538806071039
1764847740.7131329,198.98698699241504,7134.736172018107,5166.041615643073,6155.14417662425
1764847740.7181327,61.71021921886131,7441.062027638778,5481.638683253899,6462.913633627817
1764847740.7231328,274.7124812952243,6952.915325822309,4993.63035773579,6948.60135122342
1764847740.7281327,410.8149204826914,6665.176772981416,4710.5666798395105,6667.7928330004215
1764847740.7331328,198.2651863009669,7149.961304737721,5185.844385908451,7153.669415543787
1764847740.7381327,112.50180051708594,7469.754540098831,5506.935366554186,7470.665205738042
1764847740.7431328,317.313681690488,7948.441164977383,5989.616204585414,7952.762619376183
1764847740.7481327,405.3584064473398,7639.456240488216,5686.214950730093,7645.4718695669435
1764847740.7531328,184.9212232590653,8120.628028887324,6156.855180853978,8122.750422112178
1764847740.7581327,84.29547505127266,8429.942064572591,6464.639597457368,8428.332037641667
1764847740.7631328,301.76691757468507,7943.762550132815,5986.482168422546,7947.171468942426
1764847740.7681327,396.67061885027215,7644.082496733405,5692.494242755696,7645.247475569602
1764847740.7731328,189.35674460651353,8124.480125841685,6163.826354371384,8124.4819957916625
1764847740.7781327,88.32708720350638,8454.797439678106,6490.5907632499,8452.203819058836
1764847740.7831328,300.54771018913016,8941.199478165247,6002.126169937197,8938.579678246286
1764847740.7881327,392.3809536010958,8612.277147012297,5676.001283951104,8616.927712607197
1764847740.7931328,197.01231981581077,9100.910035823006,6154.674819179811,9097.848927709274
1764847740.7981327,72.91495948610827,9389.086156958714,6439.799181951676,9383.84842707077
1764847740.8031328,288.90914152702317,8913.943087288179,5975.127832157072,8916.24125581095
1764847740.808133,397.22412404371426,8620.430128915701,5683.30156866461,8623.296762231737
1764847740.8131328,184.2592609669082,9095.580678386148,6151.95965181198,9099.696438287385
1764847740.8181329,82.71723726997152,9413.840554765426,6473.319905254524,9410.158623259049
1764847740.8231328,288.3705959334038,9899.498353161383,6956.557988379151,9897.046848740429
1764847740.8281329,380.3197762439959,9599.33585266769,6661.72858522227,9607.950712215621
1764847740.8331327,182.98769498197362,10082.295313245617,7135.517811108846,10079.17810663255
1764847740.8381329,90.20451698126271,10414.149725963827,7466.560665536672,10406.870010700077
1764847740.8431327,288.28083833446726,10879.552226199768,7944.4656513244845,10879.4905178505
1764847740.8481328,383.0910421111621,10575.993896546308,7639.07103079278,10579.313057756983
1764847740.8531327,183.2532278788276,10087.400276685134,8125.018671435304,11067.47097927332
1764847740.8581328,91.5060021658428,10404.089395083021,8439.561087258626,11379.963929920923
1764847740.8631327,306.0565828238614,10885.375250430778,7949.80622846121,11866.50808460638
1764847740.8681328,407.07502052700147,10587.669864207972,7650.5375640569255,11572.097550244536
1764847740.8731327,192.60297776805237,11073.04156025732,8126.690406715497,12056.332316707354
1764847740.8781328,81.93559817923233,11373.62292954605,8426.852907209191,12345.974478625692
1764847740.8831327,303.6742665520869,11855.9559568814,8916.916307752952,12834.055732192937
1764847740.8881328,382.1298878225498,11545.418973910622,8609.39368414646,12533.537941203453
1764847740.8931327,171.9175911131315,11058.586846928578,9096.92330247024,13022.664496808313
1764847740.8981328,105.06313950521871,11406.612587055191,9444.186103005894,13365.731129593682
1764847740.9031327,292.5555439838208,11838.864614083897,9878.41653711116,13799.21358370781
1764847740.9081328,382.3168828203343,11547.700312883593,9588.321847298183,13515.443064719904
1764847740.9131327,190.81904548918828,11070.449809588026,9114.568150461186,13034.475100868382
1764847740.9181328,95.44411681918427,11380.870855660178,9414.831628253683,13335.557616751175
1764847740.9231327,309.160699787084,11869.741228118073,8930.694099189714,12846.752692542505
1764847740.9281328,389.77798323193565,11561.601521018893,8622.991960385349,12543.972262079827
1764847740.933133,178.5147746349685,12043.416572210379,9096.762486772146,13022.64953720849
1764847740.9381328,99.1765369749628,12384.534717118833,9441.347518939525,13360.368113057222
1764847740.9431329,304.7513577393256,12836.488537114114,9898.051011878531,13823.339678321965
1764847740.9481328,389.2506573381834,12527.858903120738,9590.36383267399,13515.461764219683
1764847740.9531329,189.98504779906943,12052.680304400623,9109.163995025214,13032.261080094613
1764847740.9581327,96.49502870673314,12387.646313881967,9442.331112627871,13367.12985217711
1764847740.9631329,284.27914538187906,12840.437871467322,9909.109896047506,13821.492167743854
1764847740.9681327,349.28234651172534,12509.46981503861,9569.98885771539,13492.92138718674
1764847740.9731328,142.54815676109865,12978.872138277162,10037.955059370957,13962.630382221658
1764847740.9781327,93.7649017390795,13330.196470164694,10382.192280842457,14308.10551057849
1764847740.9831328,313.0875947405584,12862.02831391152,9924.914713260252,13844.099862976
1764847740.9881327,396.93615174712613,12553.241604120005,9619.026425934397,13539.718755332287
1764847740.9931328,166.56205437658355,13035.718617603648,10093.189641816542,14016.208188986871
1764847740.9981327,84.71808374626562,13364.409074959345,10415.35397374956,14336.756884139031
1764847741.0031328,299.5341973011382,13824.594414757099,10887.28259940818,14807.013774517458
1764847741.0081327,398.93699822342023,13520.594776908867,10584.393711846787,14506.810135124251
1764847741.0131328,194.08023825054988,14007.843902735971,11063.033587975893,14986.231650344096
1764847741.0181327,89.77816838631406,14325.393198123667,11385.915980700403,15309.577790663112
1764847741.0231328,291.6691876943223,14811.37636781577,11871.08011230221,15787.935304345563
1764847741.0281327,381.18743303371593,14503.621870412026,11569.051401730627,15488.801276339684
1764847741.0331328,185.2166753555648,14980.533912761603,12033.778850024566,15957.855788882356
1764847741.0381327,89.07506719464436,15298.857367440127,12355.81602535909,16280.53622700926
1764847741.0431328,290.47615960845724,14814.59642167762,11874.55073946109,15794.076220072806
1764847741.0481327,385.6865326804109,14512.635029305238,11572.439751090482,15496.15391965257
1764847741.0531328,182.79696008423343,14961.370665388647,12015.819850437343,15943.932141347323
1764847741.058133,83.70083095831797,15298.251503647305,12356.317171953153,16277.155357449315
1764847741.0631328,292.44334698515013,15785.87274952,11871.102551701944,15791.60788610205
1764847741.0681329,396.77533604903147,15483.597205551341,11562.207384811714,15485.970172073226
1764847741.0731328,181.34213900147006,15965.056966247037,12038.7304775659,15961.67048683716
1764847741.0781329,77.89276632713154,16284.711825309787,12362.854517075699,16284.384584063664
1764847741.0831327,276.46649437444285,16757.93071645312,12840.602427065372,16752.865021963138
1764847741.0881329,385.14424718683586,16457.880412958097,12537.391908107791,16460.29077847954
1764847741.0931327,178.15948413917795,16943.90659149969,13019.442572996486,16945.19124713447
1764847741.0981328,92.96830304851755,17266.64312812593,13341.356331632473,17268.9749557483
1764847741.1031327,297.5632700244896,17745.52796770213,13828.356754112523,17746.505951540545
1764847741.1081328,386.48687127092853,17431.916786967777,13510.534446028061,17431.926136717666
1764847741.1131327,181.13270460395142,16954.741081671324,13031.98619744787,16953.475125536323
1764847741.1181328,87.23503641644493,17284.807822210714,13355.81478486117,17282.621850686613
1764847741.1231327,297.0920426300727,17750.56187304249,13833.282202354167,17744.995031958446
1764847741.1281328,380.46937224222347,17416.13066925481,13495.960055900738,17419.431130965706
1764847741.1331327,186.5854787393473,16931.1610124507,13984.839778108522,17907.970522277523
1764847741.1381328,76.30330884596333,17254.630569468252,14308.500070023816,18232.734084679745
1764847741.1431327,307.7170984041877,16774.73782685399,13835.219470531214,17753.020857263356
1764847741.1481328,393.9741509822197,16457.887892758008,13522.401148587465,17445.17286236072
1764847741.1531327,192.71143486676738,16945.282874683384,13999.406688435934,17927.455401046667
1764847741.1581328,77.91146582690999,17270.192293183878,14323.732682543341,18248.034015398473
1764847741.1631327,280.8646167223342,17745.860818798188,14806.570596372709,18725.740786488634
1764847741.1681328,400.30206170724705,17444.011623424478,14508.693174751941,18428.73476155754
1764847741.1731327,175.48171577090397,17915.915939733386,14971.262700771447,18897.7481352007
1764847741.1781328,86.19908412871882,18249.65152212931,15310.189264305867,19230.773136605043
1764847741.183133,296.3066636393778,18726.752429426648,15788.774911885615,19705.790919627063
1764847741.1881328,391.715251408983,18411.394715412986,15474.976736153476,19395.38857305469
1764847741.1931329,179.16925712721422,18894.926380684134,15950.239482622594,19874.697891275864
1764847741.1981328,81.3559136861004,19234.956214705482,16288.945392059628,20211.97889882978
1764847741.2031329,291.3026774986647,19714.293582176324,16772.355510582216,20688.773134330753
1764847741.2081327,380.4244934427552,19379.615544991568,16446.447538793553,20365.827163306996
1764847741.2131329,172.01482851197943,18899.960286024492,15956.544953947887,19883.269741974305
1764847741.2181327,78.76416301680729,19225.958015412092,16280.182806463446,20205.11618241109
1764847741.2231328,290.24428581120446,19698.066156268585,16761.521020410582,20683.200683396775
1764847741.2281327,378.62560156406835,19387.921862793155,16451.63104013214,20372.779637324624
1764847741.2331328,190.72554799029604,18908.2142452267,15968.153603410348,19890.656044386793
1764847741.2381327,78.72676401725039,19241.18688803166,16294.73101729108,20218.804216248915
1764847741.2431328,283.64710228936747,19713.57552138483,16776.237526736222,20692.27368068928
1764847741.2481327,388.8654476427473,19395.85793049913,16459.791501835454,20383.270056700334
1764847741.2531328,186.23018824355677,18912.215938179288,16947.908284452278,20871.300821618177
1764847741.2581327,93.51058854209259,19254.347595975734,17291.412485532463,21212.703198923264
1764847741.2631328,299.66509379958734,19723.576013866346,17766.00765985949,21684.927276678383
1764847741.2681327,374.0816231179051,19361.0357220117,17406.960434563458,21327.4882083633
1764847741.2731328,176.1735972627066,18872.913329544943,17889.295331848785,21816.042559274938
1764847741.2781327,82.7621160694398,19235.67053559702,18251.77578530414,22171.67899581138
1764847741.2831328,286.61284295422956,19700.321315941866,18720.869566796347,22644.542596458923
1764847741.2881327,401.1024002977647,19397.484786979854,18423.829882765654,22340.92442840617
1764847741.2931328,180.1378912157379,19873.12152344454,18892.323410314973,22814.36584359687
1764847741.2981327,87.40707181440666,20219.0416998961,19233.090004627593,23156.703195890877
1764847741.3031328,307.89287370210513,20697.320675679483,19719.14797231881,23638.983864626847
1764847741.308133,391.92842570645735,20382.669802757446,19405.963140179403,23325.08845149586
1764847741.3131328,191.2977526835166,20867.050425318535,19880.668641555123,23807.640262978617
1764847741.3181329,85.21175054041669,21194.289801491424,20212.332319375593,24131.37909279298
1764847741.3231328,295.29315075138584,21662.545845393557,20688.023284389637,24604.66156223556
1764847741.3281329,388.6896723448299,21354.49963579327,20376.570025929715,24301.91105097253
1764847741.3331327,199.36097698798403,20880.734719256405,19894.99619828537,23819.65656153625
1764847741.3381329,95.59371281741187,21200.890724913217,20211.44222318614,24136.076407137327
1764847741.3431327,310.0545358764939,21675.908507935237,20698.79045636207,24616.82745679142
1764847741.3481328,401.2145972964354,21360.576973221265,20381.33839837322,24299.147264905274
1764847741.3531327,189.4016234059818,21836.3446061844,20854.910710062366,24784.350665456615
1764847741.3581328,93.34229304408655,22175.50678341603,21193.99808929488,25117.308348661754
1764847741.3631327,298.0120580191724,22621.809614578262,21647.05517977709,25562.152618841268
1764847741.3681328,388.9140663421713,22322.2604576773,21351.290801631287,25275.195705091115
1764847741.3731327,198.39608279941604,21850.268253719434,20872.159128658008,24796.759653509595
1764847741.3781328,95.93778361333534,617.8296027299948,613.6988832289353,611.989748949185
1764847741.3831327,303.3750745556317,1072.8987593883649,1075.8925493028946,1070.6454696650617
1764847741.3881328,394.4640778764151,755.9515878935345,765.2059703338891,764.3682327438146
1764847741.3931327,188.74340101378039,272.67236586939543,1252.2568814633414,275.5539587852545
1764847741.3981328,94.81207372667268,616.7786908424459,1594.1753649623133,613.8821383267641
1764847741.4031327,296.8190299333073,1085.2030302425846,2064.192901743576,1080.9601137428544
1764847741.4081328,386.73370466800407,755.656135797035,1737.9969576583244,759.0874940063804
1764847741.4131327,179.91349721839651,274.583454746753,1249.7137494934723,274.75362019473687
1764847741.4181328,99.49442847119644,627.620660813991,1603.7046300494112,621.7284484338015
1764847741.4231327,293.9355670674704,1084.066100656055,2069.462420781143,1081.809071032796
1764847741.4281328,388.14738685125485,747.8023458900861,1726.4144874955527,746.4765513557941
1764847741.433133,184.92870305897668,263.3039164803922,1242.443383979611,268.3658710704185
1764847741.4381328,92.51951505383477,627.9535119100474,1605.5820598271675,624.4697951013222
1764847741.4431329,303.14320075837895,1105.3536112038419,2087.4962183674797,1105.7070317496546
1764847741.4481328,385.3162825847976,767.6948737544008,1752.859320082236,772.7381288446486
1764847741.4531329,173.0993994991295,1235.2160273152404,2218.2001119689085,1242.7276163762435
1764847741.4581327,91.77527496265247,1565.813833648339,2543.77149276156,1563.6615212238394
1764847741.4631329,290.0049322140403,1084.462530051358,2062.7380806608126,1081.218166839797
1764847741.4681327,382.89282741351053,744.8590446249582,1729.196973062586,751.0167899020016
1764847741.4731328,169.59511324064806,257.3873947504908,2217.770023474004,264.2968599186279
1764847741.4781327,98.85864547872916,622.422199875582,2578.2421506531537,616.8590986914933
1764847741.4831328,302.2044858695008,1091.9460698626935,3057.6617959230207,1094.8314026785083
1764847741.4881327,388.4577985475771,761.8007914242335,2724.3675217218697,768.1343119991943
1764847741.4931328,180.3286261134781,272.4591915719211,2234.2555024786852,278.0297725559212
1764847741.4981327,92.6204923526384,617.1564207379706,2576.607814372517,613.8260398274288
1764847741.5031328,292.66026118258014,1087.3833919167519,3046.4121768563055,1086.9925723713823
1764847741.5081327,396.0909343571402,758.4311415641569,2721.816909952089,763.53049515374
1764847741.5131328,198.4110423992388,280.3653400782496,2241.327653294895,282.2371600060724
1764847741.5181327,103.67563662165776,629.4232925926335,2582.4308386035264,623.0037543186918
1764847741.5231328,305.084208835382,1085.2516489420086,3046.311199557502,1081.7155735339038
1764847741.5281327,376.69207328697667,749.4179826709442,2713.1889607543126,751.6488329945132
1764847741.5331328,177.07865305198357,260.17362021747977,3196.9263205230236,262.2885336424224
1764847741.5381327,98.57067318214104,632.9911571503617,3573.9624646059237,636.5234926585108
1764847741.5431328,314.0524889291264,1110.9821606371552,4052.693968283944,1113.3775665587746
1764847741.5481327,397.85616713622585,772.1490946016274,3714.575223139953,770.815820267424
1764847741.5531328,178.3614387367852,1232.3774432488717,4173.1467961068265,1237.7797287348658
1764847741.558133,79.1680722120218,1575.93026302848,4511.901324243285,1573.3665616088547
1764847741.5631328,291.84496299223974,2056.5167570845224,5000.184532408137,2055.123644351028
1764847741.5681329,399.38204631814733,1747.902082690969,4691.177168519236,1751.5802742973901
1764847741.5731328,175.11520557524636,2229.8405505809933,5171.410242029466,2230.313647925388
1764847741.5781329,72.22681789426133,2573.0231202649884,5508.145224189851,2565.8705615997314
1764847741.5831327,298.8273562095128,3042.958379247226,5986.005331178196,3044.826459275093
1764847741.5881329,395.68328526197,2736.546505927574,5680.805185444187,2740.3481142325327
1764847741.5931327,198.69901469582692,3207.2652739505284,6146.235734929796,3212.0542158437893
1764847741.5981328,86.96950351959094,3551.367859023623,6488.000882530585,3543.0185323725455
1764847741.6031327,307.51888370653614,4022.6158228903078,6967.11011610413,4021.757515850477
1764847741.6081328,411.7798146712594,3708.735369359143,6657.24257522542,3714.9267737357877
1764847741.6131327,192.920869264286,3222.299671772402,7137.225075438619,4199.696345892269
1764847741.6181328,84.86393984453753,3552.699263407849,7467.269376578275,4530.44000832364
1764847741.6231327,300.0877024945803,4019.392029128503,7942.066505502909,5001.362600894179
1764847741.6281328,398.8659401242621,3699.8643266642466,7626.256263594609,4684.957714892924
1764847741.6331327,194.1475564497523,3221.136562886182,7140.901397095062,4204.423579436261
1764847741.6381328,86.69649082282558,3565.5981783550233,7481.533355009276,4542.291751283221
1764847741.6431327,298.76377791026607,4019.608943325933,7947.448221539147,4999.844201512169
1764847741.6481328,394.9390451707877,3691.154099667445,7622.213431742508,4680.937322440557
1764847741.6531327,187.4007769296877,3212.347797990311,8110.992176651489,4195.3019634443335
1764847741.6581328,97.80025379126891,3575.0489055430517,8474.976069889031,4553.919100245461
1764847741.6631327,304.36240814393386,4038.521617401857,8946.10809685709,5022.077906748746
1764847741.6681328,387.8257554550655,3706.9327375805005,8611.934946166351,4688.267526353709
1764847741.6731327,176.00904166465625,4188.448596775532,9087.287450234406,5167.165455579758
1764847741.6781328,85.69793753465638,4539.72430996364,9436.86524884263,5512.614404636901
1764847741.683133,310.5033238711767,4993.099291942082,9902.084493980743,5972.2350195413455
1764847741.6881328,385.3910805839114,4665.02965797903,9571.60262454627,5651.304854593705
1764847741.6931329,186.4022236415185,4181.888812253252,9086.63296774216,5171.357883430086
1764847741.6981328,75.20751815894619,4530.389519674238,9426.28881176794,5509.5439467732795
1764847741.7031329,277.94749475689605,5000.923162649386,9902.623039574362,5976.169394294731
1764847741.7081327,390.267910126131,4677.012297437061,9584.815691089723,5659.790687593166
1764847741.7131329,184.07600586907938,4193.99486840982,9094.976684543304,5177.453920357861
1764847741.7181327,91.19559046952054,4547.510781671386,9451.054429274518,5529.537451936398
1764847741.7231328,298.66280061146244,5012.890842507593,9917.066533203237,5989.015950642526
1764847741.7281327,397.51957614021376,4686.676198922563,9594.812443671282,5670.08663217118
1764847741.7331328,183.05501318117604,4201.096938425675,10077.708325949963,5182.555143897422
1764847741.7381327,75.27109645819291,4524.992844038177,10404.99258092232,5499.902484687511
1764847741.7431328,299.392081102822,5009.502493147738,10890.609240418766,5987.018844066188
1764847741.7481327,388.59617484593764,4671.578222801443,10557.819852711633,5659.113765701186
1764847741.7531328,187.93184272339568,4194.230482107028,10077.618568351027,5176.9004151644185
1764847741.7581327,89.40417839074507,4548.8945446549915,10425.906101474538,5526.653989070561
1764847741.7631328,288.1088029365055,4994.269880628213,10874.75206460664,5971.82363054622
1764847741.7681327,393.70861808536574,4674.166233570781,10559.40183039289,5655.392565245274
1764847741.7731328,177.05995355220512,4205.244487476535,10080.086902321782,5188.53524392657
1764847741.7781327,83.88782595610246,4543.41185131995,10422.932881009765,5528.153688952792
1764847741.7831328,282.02772560855374,4973.307741376571,10854.964253941085,5951.6842692848295
1764847741.7881327,392.1042010043748,4666.226425964851,10556.660483725369,5650.706470600795
1764847741.7931328,180.4408231121488,4197.959162362851,10078.142154344823,5179.581923432648
1764847741.7981327,70.74581751180813,4534.5295889251865,10416.99391988013,5510.946409256663
1764847741.8031328,288.7445859289728,5002.991327324882,10885.148986483458,5979.699859852903
1764847741.808133,380.3758747433312,4665.456006573979,10552.991641868837,5653.507655667607
1764847741.8131328,166.15814518136904,4180.022602175362,11042.492187469266,6142.970802268479
1764847741.8181329,83.45399756124243,4548.04558736505,11405.956234612968,6504.647177233361
1764847741.8231328,308.7156516923569,5017.576937152073,11880.95531813521,6974.462759417016
1764847741.8281329,391.43849881226197,4688.968757595401,11553.652363663074,6651.071740298532
1764847741.8331327,213.11258912505582,4202.7237949064,11066.82771648094,6166.939821084496
1764847741.8381329,96.16965741058812,4559.848711625207,11416.902921783272,6514.456934817135
1764847741.8431327,315.33901451388374,5026.881808241829,11890.780035318807,6986.497757474426
1764847741.8481328,403.7988681658171,4687.667272410821,11555.896303636488,6653.061367074959
1764847741.8531327,173.82494009053335,5143.6134356088005,12005.821227905806,7109.029969672672
1764847741.8581328,88.18497100519016,5529.801114883274,12384.742281566374,7488.616725525353
1764847741.8631327,288.69222732959315,5987.405923711602,12846.603096544277,7942.548952597193
1764847741.8681328,397.88608633587137,5668.360668341629,12535.456509880722,7629.509976556059
1764847741.8731327,180.19772961502895,6136.56622359436,12998.878733090125,8102.266990054864
1764847741.8781328,79.90109260333702,6502.760397705715,13363.763942216989,8460.083788265474
1764847741.8831327,295.44274674961343,6968.091839842498,13832.977400507778,8928.665203463752
1764847741.8881328,386.5354899703525,6629.58040520316,13498.467658821028,8602.229905781336
1764847741.8931327,190.41513629397377,6150.890040424652,13013.797194013372,8117.645458672661
1764847741.8981328,98.85864547872916,6513.363014080096,13372.807020309847,8473.046281511895
1764847741.9031327,296.2056863405742,6984.487561248243,13848.763518220745,8939.080824840348
1764847741.9081328,399.5017231167294,6644.139835730661,13507.256423716899,8601.339809591882
1764847741.9131327,182.2135356911458,7105.860404460225,13967.30525716627,9068.90584195219
1764847741.9181328,87.63894561165944,7490.836356149055,14346.45070482418,9452.191358861048
1764847741.9231327,301.92025347286835,7970.925443510991,13859.134260797873,9932.336544722319
1764847741.9281328,401.8017615894787,7627.30530553218,13514.313614933286,9592.796637595166
1764847741.933133,196.08108472684398,7138.045983478893,13993.413498756941,10077.895320947748
1764847741.9381328,89.82678708573803,7488.891608172096,14346.31980832573,10423.089956807904
1764847741.9431329,288.75954552879557,7940.40038007265,14810.364724877756,10880.911679833662
1764847741.9481328,395.70198476174846,7607.745628763922,14473.652182117105,10550.441030099057
1764847741.9531329,178.64567113341764,7121.680181272794,14962.898414520547,10064.517698806245
1764847741.9581327,95.98640231275931,7493.895594312809,15334.896913363133,10429.990072226152
1764847741.9631329,299.02931080712005,7941.110961064231,15783.862553293817,10876.098428590689
1764847741.9681327,391.80874890787527,7605.034201296046,15451.559352580924,10554.027594156563
1764847741.9731328,196.56727172108367,7137.522397485096,14973.089641899802,10076.223585667554
1764847741.9781327,93.75742193916813,7488.412900977768,15329.272103829775,10429.57494333107
1764847741.9831328,283.3666097926907,7945.752176909242,15797.902137727477,10890.57932121912
1764847741.9881327,399.5129428165965,7613.549953495152,15464.93323482247,10558.201322507113
1764847741.9931328,194.84317784151062,7128.288584494498,15951.91682775272,10073.92728709476
1764847741.9981327,83.53253546031192,7488.592416175641,16304.318250827491,10425.782684776
1764847742.0031328,294.10386256547645,7964.272161489818,16788.008861846756,10903.743769063149
1764847742.0081327,386.95435876538977,7606.358125880361,16439.73254842311,10552.670010472648
1764847742.0131328,178.810226731468,7116.803351730574,16920.691162524745,10062.617829628754
1764847742.0181327,101.0651864525862,7501.711985220201,17298.49398609856,10436.62091484759
1764847742.0231328,306.81952241482213,7960.94739042921,17762.99517044518,10902.513341977727
1764847742.0281327,392.89705979498103,7609.604359041899,17420.874732348602,10559.745901188813
1764847742.0331328,187.87574422406033,7124.12981574377,17903.85289242631,10070.209826538805
1764847742.0381327,75.13272015983239,7491.7114927386865,18268.65208385419,10432.245231899433
1764847742.0431328,283.2319733942859,7944.06174212927,18730.81209082855,10881.90275332192
1764847742.0481327,391.9770444058813,7602.93985732086,18393.29920947738,10550.7327422956
1764847742.0531328,191.8101189774461,7131.871408652049,17912.82491242001,10076.06276996946
1764847742.058133,81.07542118942365,7492.4108540304005,18272.040433214046,10426.429687468335
1764847742.0631328,289.8328968160786,7959.926397741307,18747.48830473097,10905.318266944494
1764847742.0681329,386.6102879694663,7602.333993528038,18389.678986320272,10545.107932762243
1764847742.0731328,173.93339718924835,8092.201049324125,18873.93245228287,11034.814172860235
1764847742.0781329,80.23768359934911,8452.916270000394,19235.53028934868,11391.875511279795
1764847742.0831327,294.39931466197595,8936.072075325996,19723.435767618008,11873.819589019753
1764847742.0881329,386.1727196746506,8594.953930417541,19385.320762373973,11542.339166297112
1764847742.0931327,185.04837985755876,8112.216993886977,18899.090759284794,11056.879582598805
1764847742.0981328,90.2119967811741,8468.751006412786,19250.78534126794,11404.564991829451
1764847742.1031327,272.52089992119,8924.92717345804,19712.186148551293,11864.567076529376
1764847742.1081328,392.4295723005198,8595.24190271413,19387.377707349602,11541.43785040779
1764847742.1131327,187.08662533340976,9081.051167058293,19860.80042304052,12021.109938924666
1764847742.1181328,81.99169667856768,9450.248480834067,20229.73220391944,12387.928676328622
1764847742.1231327,295.4165674499236,9923.639407375362,20707.528732608538,12860.825936075766
1764847742.1281328,401.6933044907637,9591.807434056886,20380.438952433877,12538.048260550015
1764847742.1331327,187.08288543345407,9102.170382108074,20864.785915895365,13023.087105503306
1764847742.1381328,85.54834153642878,9431.388165357523,21196.378535616677,13356.10088720778
1764847742.1431327,302.88514766143635,9913.451919896062,21680.891924626194,13838.306757944636
1764847742.1481328,398.19649803219363,9577.565895025618,21342.380489986856,13500.042156702373
1764847742.1531327,203.112096643541,9102.518192803953,20866.33423447702,13025.925689569674
1764847742.1581328,74.47075786767527,9438.220962576568,21198.94410698628,13355.79795531137
1764847742.1631327,316.03463590564206,9911.78766441578,21678.270254757255,13833.029759107158
1764847742.1681328,388.33438184903935,9569.76446371805,21341.87186359288,13499.398893909995
1764847742.1731327,206.80337789980695,9082.951036235783,21830.972239898052,13010.457463352941
1764847742.1781328,87.76984211010858,9450.742147628218,22192.932847259566,13368.319140363019
1764847742.183133,310.18917227489874,9924.22283176845,22671.63443173794,13848.034237729385
1764847742.1881328,389.2843164377846,9558.208172854967,22307.83005369827,13481.974700016435
1764847742.1931329,226.04516317183152,9096.769966572057,21837.70779971825,13018.142957761884
1764847742.1981328,108.53750656405464,9459.91238231957,22202.95951904077,13377.104165358935
1764847742.2031329,318.04670208180323,9919.929426619317,22669.61488576187,13839.395068831742
1764847742.2081327,441.65039561735466,9600.192289757542,22345.20287395548,13523.397831925657
1764847742.2131329,262.9654555344023,10089.838691456243,22830.881241801195,14011.896084337961
1764847742.2181327,181.52913399925455,10456.17872166587,23195.88612772664,14372.824479311705
1764847742.2231328,395.3242548662238,10913.334742499515,23657.832960403524,14833.110796408262
1764847742.2281327,517.1066171233542,10595.70690921275,23350.76286469167,14519.73148947116
1764847742.2331328,339.76056122453883,10125.89506692905,22867.704296764918,14051.213652572129
1764847742.2381327,237.82958793221042,10463.92779437406,23203.17519274028,14384.055398878641
1764847742.2431328,437.0727580715902,10922.310502393171,23662.620032346807,14833.443647504319
1764847742.2481327,507.90272333240137,10572.882299783174,23325.00991359679,14502.273636478
1764847742.2531328,281.1525890189223,10092.101330929436,22835.559856645763,14012.696422928479
1764847742.2581327,168.23378965677693,10475.113835141528,23211.743303538766,14392.006426184438
1764847742.2631328,351.481407685671,10921.902853298001,23672.945896124467,14844.932620168198
1764847742.2681327,419.9178369748406,10564.441345583182,23313.958509227727,14488.873574936762
1764847742.2731328,216.5607768842019,10084.78234671615,22825.73139956221,14011.308920044918
1764847742.2781327,87.9867563075386,10449.009333450813,23188.5634036134,14364.55930040963
1764847742.2831328,291.5569906956516,10897.099836791866,23649.990390196443,14818.22225468466
1764847742.2881327,355.09789094282314,10527.820245217066,23282.07586210547,14453.329565757886
1764847742.2931328,167.1679181694053,10067.40303162206,22809.49649385456,13988.2262575184
1764847742.2981327,53.83772981213406,10429.030787887517,23174.000233185943,14350.168165380135
1764847742.3031328,261.2862404542975,10888.056758699007,23635.44217936881,14809.21657559136
1764847742.308133,355.39708293927833,10537.181214806158,23283.904673183803,14462.309065551497
1764847742.3131328,143.27743725245818,10063.47239676863,22805.629437300377,13987.758770023938
1764847742.3181329,18.75372832780704,10408.895166526083,23149.2907141787,14328.547803736292
1764847742.3231328,237.69869143376127,10869.547993818298,23622.08699662704,14792.689957687166
1764847742.3281329,331.207410025876,10531.25347337639,23284.90322647197,14461.89019675646
1764847742.3331327,144.18997284164652,10062.30928788241,22802.506620837376,13985.454991651233
1764847742.3381329,46.56736429827288,10421.846440072637,23163.87632400589,14335.358161555603
1764847742.3431327,266.42112309345976,10886.463561317883,23634.462325580418,14805.125125039835
1764847742.3481328,349.34592481097206,10535.688994723838,23282.479771300685,14458.206395300105
1764847742.3531327,145.7195919235237,10068.424024309963,22812.79508561548,13993.854806951713
1764847742.3581328,62.432019910309464,10436.648964097258,23176.801418252755,14355.04873482231
1764847742.3631327,246.53607502905652,10852.61746671889,23601.08745837584,14777.782716463786
1764847742.3681328,340.1794300195761,10510.02954112785,23264.67036771169,14437.046041350812
1764847742.3731327,155.73504400486127,10060.701130901463,22804.223234917037,13984.340501464438
1764847742.3781328,63.583909096661955,10442.531826727558,23178.701287430245,14360.770781754516
1764847742.3831327,270.3947667963803,-870.8001756328158,-868.7077016076073,-870.5402525858954
1764847742.3881328,363.4659170936793,-1236.8784128455445,-1234.460567524191,-1234.569024622906
1764847742.3931327,159.80592510662973,-1706.66781572951,-1710.9032524293289,-1699.6910323621705
1764847742.3981328,51.655498187989,-1332.6235916111618,-1336.2606443180703,-1335.0040379329585
1764847742.4031327,257.095682553947,-876.1145734698512,-870.9778208807111,-877.0551583087072
1764847742.4081328,361.5810075160116,-1217.6889861728996,-1210.7084629056044,-1212.0623066895641
1764847742.4131327,153.05540568660945,-1701.1140642953105,-724.2559357690625,-1697.020743793808
1764847742.4181328,62.534867159090936,-1347.8936031302437,-370.96815640479326,-1352.0804211306386
1764847742.4231327,267.612281229347,-903.0268935509957,78.84270091587678,-904.6070012822747
1764847742.4281328,369.90602481737733,-1230.1017141258344,-245.27759869396687,-1228.6300634932704
1764847742.433133,159.54787200968713,-1704.7791662518866,-727.120699135121,-1704.6090008039027
1764847742.4381328,67.30323960259557,-1330.3085935385898,-355.425132188946,-1335.131194531452
1764847742.4431329,271.44567868392915,-873.0590752060525,107.01910718204454,-876.2099409187213
1764847742.4481328,383.9568289509043,-1227.524923056364,-242.45771412737668,-1222.0478395712562
1764847742.4531329,174.08860303740948,-1705.0334794488735,-725.3330269563012,-1700.9476387472823
1764847742.4581327,81.4438013350591,-1335.346238778904,-353.88803330715746,-1333.2687243535183
1764847742.4631329,291.08015345130116,-862.4340194319375,122.46489399904385,-858.8381056245416
1764847742.4681327,389.94440877996385,-1215.5946421977133,-229.08383188582957,-1208.8646922274493
1764847742.4731328,185.648633800447,-1704.7567268521525,250.64809503033757,-722.5879403888248
1764847742.4781327,75.80029230192304,-1326.5462541831657,633.5259628440253,-350.7128582447767
1764847742.4831328,286.71569020301104,-874.3867396903224,1084.522368450649,101.5476335468702
1764847742.4881327,390.31091897562146,-1225.2996825827286,733.4411300602369,-248.68464755360037
1764847742.4931328,192.0214233249426,-1685.1671308842488,273.0949745643884,-699.501537962351
1764847742.4981327,87.15836846735328,-1310.55070207268,645.2393295052461,-333.0081718545407
1764847742.5031328,289.6889106677845,-857.373934791889,1105.4097097031772,120.36307022394612
1764847742.5081327,383.2873868588358,-1249.2874008985236,708.6642928537913,-268.1583066228777
1764847742.5131328,188.3899804679677,-1700.9083697977476,259.0890492303297,-718.4291716380976
1764847742.5181327,75.06727191060781,-1332.6909098103642,624.1163745555095,-354.47893750015646
1764847742.5231328,283.5517348404974,-875.8340809731744,1091.156950972043,101.67853004531935
1764847742.5281327,398.3442240804434,-1214.9027607059106,750.4127960591577,-228.90057678800076
1764847742.5331328,181.74043834675103,-1694.1578503777273,262.36146169155836,-709.2477172468789
1764847742.5381327,94.89248157572001,-1319.5975200654939,639.535982072819,-340.4879717659205
1764847742.5431328,280.33542087860405,-873.7434768979438,1085.6667778370902,98.66417068103328
1764847742.5481327,387.4536354094744,-1223.0333032095805,744.4476556298323,-240.53540555015206
1764847742.5531328,180.2669177642092,-733.9927653037012,1227.0630454118364,-727.2852547331713
1764847742.558133,84.31604450102895,-343.8445319761522,1606.3917481675744,-345.4620387069881
1764847742.5631328,299.2069560550153,119.06345498934388,2086.4135173303075,122.16570200258866
1764847742.5681329,389.2300878884271,-242.5418618763797,1723.686230477877,-237.37892998754978
1764847742.5731328,170.4870793800801,-727.4329807814211,1235.3731031133793,-726.6419919407926
1764847742.5781329,81.55225843377411,-338.56379323871806,1614.5447300709784,-342.7655708389357
1764847742.5831327,292.6920503322035,114.83736803941429,2077.748169132974,114.88411678886041
1764847742.5881329,389.3647242868319,-250.64996498031542,1717.3844990525395,-244.8549899989739
1764847742.5931327,190.20757184643298,-712.3163051605225,1248.836742953863,-707.5011839675717
1764847742.5981328,81.8925893297419,-353.3700571632944,1600.149855141528,-358.1739586563781
1764847742.6031327,289.63655206840485,103.78596367035061,2070.646099117119,105.48948810016736
1764847742.6081328,385.5500263320282,-261.94072294654325,1702.0658688340336,-260.0090646194294
1764847742.6131327,188.2029854701832,-723.887555623427,1232.4372816481628,-720.9236849085428
1764847742.6181328,81.35778363607824,-338.19354314310476,1619.7394511094317,-339.7848705742508
1764847742.6231327,303.61255820281804,134.101592711173,2095.4977343226783,129.87363581126556
1764847742.6281328,399.2305803699419,-237.85576723190024,1727.3625521343201,-233.97562102787197
1764847742.6331327,179.79943026974797,-727.3245236827061,2211.96008889284,255.97371256724
1764847742.6381328,83.42968821153045,-341.8436854998581,2593.914201417472,630.18997208355
1764847742.6431327,278.41311230137944,98.860515428707,3042.259017955512,1077.5025762338191
1764847742.6481328,395.35604401584715,-245.23832974443212,2700.5163097544573,740.0570130818523
1764847742.6531327,200.99718321859837,-709.717074691318,2229.4777802852914,273.07253516465425
1764847742.6581328,83.1491957148537,-330.90073822950944,2608.5297304443084,647.7525422754698
1764847742.6631327,295.4745358992368,112.54480936657637,3058.4714842634276,1093.9244769392535
1764847742.6681328,397.13249649479985,-258.470095787663,2685.998018126469,725.0637541594915
1764847742.6731327,183.50193122588098,-723.8202374242246,2217.046352832578,259.0105113312602
1764847742.6781328,98.31449003517628,-328.56704065715894,2608.6120082433335,644.6559051121585
1764847742.683133,295.2090030023828,117.3543207095936,3065.162165284157,1099.9232764681801
1764847742.6881328,393.0672252429649,-260.882331259083,2688.7281450941227,724.551387865562
1764847742.6931329,197.23484386317432,-714.1825152384117,2222.487907268107,266.8979603378102
1764847742.6981328,94.32401678245515,-339.3566520293243,2594.460226811003,633.1108339489438
1764847742.7031329,282.2801688555628,99.64589441940188,3047.188206097111,1080.7637689951807
1764847742.7081327,394.9259555209428,-242.6877179746516,2703.018302824814,741.2874401672743
1764847742.7131329,194.50845679547638,-703.6434771632776,2237.6868606880307,277.77358940895647
1764847742.7181327,80.45272784680128,-324.6962442030199,2611.465551909525,649.125085559208
1764847742.7231328,299.633304649964,131.55846074130386,3075.2262360649183,1110.7091479403898
1764847742.7281327,392.34542455151677,-251.23712927335873,2694.7980027222075,734.3499257494695
1764847742.7331328,182.50337793771178,-730.1631077490747,2205.5461604688317,249.58596344292164
1764847742.7381327,78.55285866931081,-354.75382014689967,2585.387229518499,624.1163745555095
1764847742.7431328,274.4338587485254,100.39013451058418,3042.4310533534735,1079.4435843108222
1764847742.7481327,397.9590143850073,-253.26041514938697,2690.822489069309,734.4658626480959
1764847742.7531328,205.51498236507177,-713.6103105451912,2227.6190500073135,274.4712577480823
1764847742.7581327,74.76807991415262,-341.1069252085872,2595.9150478937663,641.6864245473407
1764847742.7631328,299.87265824712813,130.83292014990002,3070.5102222207934,1111.7525800280273
1764847742.7681327,404.0363518130034,-235.47345096012577,2712.7794417091645,751.433788747061
1764847742.7731328,196.25125017482787,254.49832203472033,3195.944596784655,1233.880883031059
1764847742.7781327,89.4509271401912,638.3897027364001,3573.672622359358,1614.2193587748334
1764847742.7831328,285.96771021187305,1087.5161583651789,4033.0763230663724,2066.158219170291
1764847742.7881327,381.2454014830291,727.8892485760152,3673.45689307712,1713.9512708932161
1764847742.7931328,189.47829135507345,277.68196186004207,3212.067305493634,1260.3518949174322
1764847742.7981327,66.05037311743945,631.4746277183294,3568.3806639220566,1610.6477543171495
1764847742.8031328,266.1686798464507,1075.645715905819,4016.5796243618242,2051.912940239068
1764847742.808133,382.3636315697804,725.0656241094694,3674.496585264802,1709.2277772491798
1764847742.8131328,205.7618157621473,265.4749284046702,3204.9988945773803,1249.0237379516475
1764847742.8181329,87.49869936332107,646.2995911426842,3584.3014180334285,1622.9108862718567
1764847742.8231328,285.52640201710165,1095.9346731654368,4034.538623949047,2072.25051619811
1764847742.8281329,391.42166926246136,730.6268553435802,3675.1772470567375,1714.2878618892282
1764847742.8331327,198.16233905218542,256.9928353051655,3196.284927680623,1242.8080242252909
1764847742.8381329,75.93866860028356,641.3030848018825,3574.9815873438492,1619.4140798132867
1764847742.8431327,273.3118887618184,1089.8498559375294,4033.7607247582637,2067.231570457574
1764847742.8481328,385.1797762364149,720.8320573596284,3668.5052655357867,1703.9283390119672
1764847742.8531327,178.07907629013062,252.63959175674245,3195.884758385364,1235.3319642138667
1764847742.8581328,89.63044233806431,654.2468785485253,3594.5076050125062,1634.4783968348056
1764847742.8631327,305.20201568398625,1117.424138310831,4057.707304174546,2094.7983730309643
1764847742.8681328,399.9785603610799,727.2385059837252,3671.9085744954646,1714.8675463823602
1764847742.8731327,190.19261224661022,261.8509653476067,3198.633584852796,1241.9815063350834
1764847742.8781328,85.01540579274297,649.957213299349,3592.521718136035,1628.2589432084933
1764847742.8831327,302.4344897167757,1106.7579436372034,4051.3008555504493,2089.5512933931313
1764847742.8881328,396.06662500742823,715.4279019236565,3658.321517956443,1701.2430908437818
1764847742.8931327,179.533897372894,231.50915700709447,3175.04603583226,1218.6146114119329
1764847742.8981328,75.91996910050511,651.3933348823339,3589.8589093675837,1632.013802764006
1764847742.9031327,283.6115732397884,1097.101521951612,4042.392413855996,2076.2933480502106
1764847742.9081328,400.6255630534142,706.2726268321276,3652.7079281229526,1690.5955956699327
1764847742.9131327,189.77000355161726,247.45983031811193,3184.474323620554,1232.4896402475424
1764847742.9181328,81.82153123058379,638.6963745327666,3577.6219567125663,1616.672733145766
1764847742.9231327,304.24086139537394,1107.7976358248852,4045.6910056169145,2088.8033134019934
1764847742.9281328,396.91558229736984,725.4134348053485,3668.838116631843,1705.9591046879068
1764847742.933133,186.25075769331306,272.4161827224307,3207.691622545477,1250.1344882384874
1764847742.9381328,82.10576362721622,657.4557127105072,3593.3444961262867,1637.863006294705
1764847742.9431329,275.2042781393975,1089.0195981473662,4036.4983315258287,2071.693271104712
1764847742.9481328,391.1037777662277,727.3207837827504,3675.775631049648,1709.6316864443943
1764847742.9531329,170.5955364787951,243.92562485998496,4164.88348715473,1225.4174894313328
1764847742.9581327,87.1508886674419,656.4122806228697,4576.12475623237,1632.784222154878
1764847742.9631329,277.8820465076715,1089.4945654417388,5019.933074124157,2070.5750410179608
1764847742.9681327,389.21886818856,714.9940735287964,4642.01805355167,1701.4263459416106
1764847742.9731328,182.14434754196554,250.93793727690354,4173.055168557912,1235.0701712169684
1764847742.9781327,95.31135037075728,657.9082406051457,4571.678015185054,1628.0831679105759
1764847742.9831328,287.22805649694055,1095.1754734744318,5018.45581364166,2071.2145639103837
1764847742.9881327,384.49911444447935,720.6263628620654,4646.6817087964155,1707.103514074348
1764847742.9931328,189.55308935418725,273.8523043054156,4190.09041285608,1255.422706775833
1764847742.9981327,81.24932653736323,650.0320112984627,4568.054052127991,1628.034549211152
1764847743.0031328,294.63679830916226,1102.0755888926797,5023.9123276770115,2081.6227054870687
1764847743.0081327,395.7375138113275,719.3959357766435,4645.021193216089,1705.8431677892804
1764847743.0131328,197.36200046166778,256.2485952139832,4177.341093907133,1243.4512870176695
1764847743.0181327,79.23352046124637,641.5199989993125,4563.913982877042,1621.025976694189
1764847743.0231328,276.2738895267248,1099.188386126887,5022.315390395932,2072.7217435925268
1764847743.0281327,396.05166540760547,722.5561512392014,4646.917322493624,1704.8296549012884
1764847743.0331328,194.96098469011486,263.97522852243856,4183.395991935395,1245.025784899015
1764847743.0381327,81.14086943864822,634.9265553774312,4546.437430384103,1607.349162556231
1764847743.0431328,287.34773329552263,1098.4067470361479,5019.031758234836,2077.434017536696
1764847743.0481327,400.6442625531927,716.9350816057995,4641.199015461374,1701.3702474422753
1764847743.0531328,198.55876844748855,259.6631238735281,4181.724256655201,1241.8954886361025
1764847743.058133,100.58086940832436,668.3537811813876,4586.315983611625,1646.1805437961593
1764847743.0631328,296.6675639851019,1103.9717181702144,5028.7966370191425,2080.9009047956206
1764847743.0681329,386.215728524141,706.6466168276966,4634.893544136081,1694.716965421103
1764847743.0731328,208.68641752749681,259.3714116769843,4180.886519065127,1241.1475086449645
1764847743.0781329,91.13014222029597,657.6913264077157,4575.758246036712,1635.0356419282034
1764847743.0831327,284.9504574239254,1104.3232687660493,5025.161454262212,2082.112632381264
1764847743.0881329,392.2594068525359,711.3888099715114,4635.256314431783,1695.150793815963
1764847743.0931327,192.5337896188721,255.16028432687744,4175.822694525123,1238.6604751744308
1764847743.0981328,89.54816453903913,670.3434079578146,4588.084956290666,1650.4702090453357
1764847743.1031327,286.37535930704325,1107.1169740329497,5028.59094252158,2091.1070917746983
1764847743.1081328,387.5471329083666,728.5848699677736,4654.0268723093905,1709.2539565488696
1764847743.1131327,179.3095033755526,245.1747514451854,4168.522409811616,1233.978120429907
1764847743.1181328,74.06123882252723,630.6294103283435,4552.855098708067,1611.5303707066923
1764847743.1231327,289.6963904676959,1107.3862468297593,5034.148433855735,2087.8720783130266
1764847743.1281328,403.90919521450996,722.8067245362327,4647.036999292206,1711.456757622771
1764847743.1331327,188.22542486991733,253.70546324411407,4170.048288993537,1231.9735340536572
1764847743.1381328,86.42534807603806,655.6156819323078,4574.7522129486315,1631.7557496670634
1764847743.1431327,302.3671715175733,1113.1120336619206,5038.56899560336,2093.3697312478907
1764847743.1481328,402.47681353148073,722.0811839448288,4645.443801911082,1705.1512862974778
1764847743.1531327,211.39036519546062,259.00490148132667,4175.875053124502,1238.682914574165
1764847743.1581328,81.66071553248912,661.3788677640259,4576.169635031838,1634.9010055297986
1764847743.1631327,291.057714051567,1096.559236458037,5020.019091823138,2073.4360644840635
1764847743.1681328,413.55065730027854,720.9218149585649,4644.310612224508,1708.1357264621183
1764847743.1731327,199.29178883880377,259.79402037197724,4179.977723375894,1242.7743651256897
1764847743.1781328,90.0418313331902,655.4361667344347,4570.772959395777,1631.520135969855
1764847743.183133,299.12467825599015,1112.1920182728209,5034.06615605671,2093.9905546405353
1764847743.1881328,385.3742510341108,701.5977518875152,4635.375991230365,1688.9687391892076
1764847743.1931329,194.33268149755895,246.3939588307403,4168.791682608426,1227.6763890045695
1764847743.1981328,75.95736810006201,663.8098027352244,4578.813744300511,1638.1734179910272
1764847743.2031329,291.6149591449648,1107.3002291307785,5028.527364222333,2087.890777812805
1764847743.2081327,386.7355746179819,708.4978673057631,4634.171743444633,1693.5052378354594
1764847743.2131329,197.34330096188933,264.46141551667824,4182.401178547181,1244.5358580048196
1764847743.2181327,75.80403220187873,652.1076557738706,4569.852944006678,1628.1579659096897
1764847743.2231328,284.19499763287604,1075.3540037092753,4998.649303476326,2058.0089771668427
1764847743.2281327,391.23467426467687,702.1101181814447,4627.795214020181,1688.3292162967846
1764847743.2331328,190.07293544802815,249.64393189223483,4171.948158171028,1232.8823297428899
1764847743.2381327,99.38410142250359,682.6588985119015,4602.218038223218,1660.1453302307054
1764847743.2431328,298.12612496782094,1114.989463439677,5040.670819378458,2100.4905007635243
1764847743.2481327,405.1246627001092,715.1399296270683,4637.758307502139,1697.7575040850788
1764847743.2531328,195.32375498581678,261.2974601541646,4177.318654507399,1239.296258166898
1764847743.2581327,76.79510569013655,650.1442082971334,4562.8481113896705,1626.2618366321549
1764847743.2631328,288.66791797988117,1094.7902637789957,5019.357129530981,2076.8992118430324
1764847743.2681327,409.9379139430821,720.4730269638821,4647.870996982325,1703.70020511467
1764847743.2731328,214.88717165403068,264.0687260213308,4187.820293582976,1250.403761035297
1764847743.2781327,94.20433998387307,671.255943547003,4585.549304120708,1648.4095241697505
1764847743.2831328,289.08304687496275,1104.0390363694169,5030.053243404254,2087.483128717635
1764847743.2881327,406.8524964796379,723.4799065282568,4649.086464467924,1707.3166883718222
1764847743.2931328,178.25111168809235,1208.0400442872196,5129.712227473501,2189.7974417554215
1764847743.2981327,83.06317801587284,1647.0687700356357,5564.593404171057,2624.8917927504517
1764847743.3031328,273.85043435543776,2078.026791679673,6006.068024490494,3064.6011802908033
1764847743.308133,387.12452421337366,1677.96408356959,5601.711911231279,2658.92488234723
1764847743.3131328,203.07282769400626,1241.7739418875426,5163.461084673647,2222.304652170278
1764847743.3181329,94.18190058413893,1659.4814979885705,5575.356836243533,2637.7159096985124
1764847743.3231328,289.34109997190535,2093.102328401059,6016.722999464255,3072.133338801563
1764847743.3281329,403.486586519517,1697.3367653400637,5618.833173228428,2678.0357711208053
1764847743.3331327,191.81198892742395,1228.5795748438686,5148.441646451596,2210.666083508171
1764847743.3381329,75.8863100009039,1645.9617596487515,5566.081884353422,2623.2088377703913
1764847743.3431327,280.97494377102703,2090.4993580318987,6016.853895962704,3067.32008755859
1764847743.3481328,400.3450705567375,1681.8311401237734,5609.947170933709,2670.006205915939
1764847743.3531327,214.85351255442947,1236.620359748602,5155.001430973876,2214.2825667653233
1764847743.3581328,86.98259316943586,1639.1027831300162,5551.694489223883,2614.1508000777103
1764847743.3631327,286.04250821098685,2081.437580439262,6001.381929846015,3060.659325737506
1764847743.3681328,394.64546302426606,1672.4252917352132,5598.667632667348,2659.478387540672
1764847743.3731327,219.06090000458062,1242.2825682815164,5161.5836548958905,2224.634609842673
1764847743.3781328,95.04955737385899,1667.2567499964498,5583.577136346139,2648.034293676261
1764847743.3831327,295.38851820025593,2108.114286823198,6029.808909409214,3088.0054742135108
1764847743.3881328,394.76139992289245,-304.0800456972793,-298.02701761899516,-300.7739741364494
1764847743.3931327,196.44572497252375,-739.7316417857073,-739.1276479428634,-739.8363589844666
1764847743.3981328,88.5982299502939,-309.79087292961776,-314.48257742403075,-319.43607491534203
1764847743.4031327,292.41529773548245,120.7071410198696,120.79502866882831,117.79749885434285
1764847743.4081328,389.7349743824452,-292.4676563348621,-287.83953013969585,-290.6650245562196
1764847743.4131327,193.8689339030534,-727.7078634281643,-728.6858472665772,-723.5416148775257
1764847743.4181328,88.40375515259802,-298.6272715618834,-299.9717655959539,-301.8510653236881
1764847743.4231327,289.5393146695569,135.09453614940867,135.51527489442378,131.88570198742673
1764847743.4281328,396.8931428976357,-268.44253901951015,-267.105524785351,-267.6160211293027
1764847743.433133,189.9009000500664,-729.4282174077816,-733.1961666131392,-727.9995756247081
1764847743.4381328,76.43233539443463,-300.31396644189954,-308.92882598983124,-311.9637548038736
1764847743.4431329,284.0902804341167,123.54198518628255,126.5432549007237,117.90969585301355
1764847743.4481328,404.68709440529346,-279.0114962942898,-271.50738703319803,-274.44507844839245
1764847743.4531329,190.76481693983078,-728.953250113409,-730.2341658482328,-726.1146660470404
1764847743.4581327,89.89971513487399,-286.74560940265656,-291.3774754977785,-286.44641740620136
1764847743.4631329,278.70482449792325,88.73099639872089,92.96269319858402,92.85610604984686
1764847743.4681327,396.3732968037948,-288.56320078112185,-280.61404342530295,-279.23215039167553
1764847743.4731328,190.25619054585695,-735.6027922346257,-738.3684482518584,-733.4598295600154
1764847743.4781327,73.88172362465411,-326.46708683203906,-327.63580556819215,-328.46793330833316
1764847743.4831328,294.11695221532136,129.0059790215455,129.6137127643451,128.08970353240147
1764847743.4881327,398.69577467627823,-269.67296610493213,-265.8451785002835,-265.3795609558001
1764847743.4931328,191.67361262906343,-734.7613147445954,-733.5215379092842,-729.7872478035279
1764847743.4981327,81.71681403182447,-302.50180791597813,-306.85318151442334,-305.46754858084023
1764847743.5031328,288.37620578333735,132.8917350755073,132.75522872712463,129.91477471077815
1764847743.5081327,397.90665578562766,-283.63027273956686,-273.1080642142333,-276.6852785218507
1764847743.5131328,190.85083463881165,-743.4827614412643,-744.0867552841082,-735.2774209384806
1764847743.5181327,99.10360892582685,-292.8827852299437,-296.09722924185917,-297.71099607273936
1764847743.5231328,287.01488219946623,130.57299710297957,137.80035376735032,131.96049998654053
1764847743.5281327,402.27859883382916,-275.3127352381125,-270.63973024347797,-273.6409999579191
1764847743.5331328,205.11481306981295,-721.0508415070362,-725.383515605703,-720.4861166137271
1764847743.5381327,88.84132344741374,-293.89629811793566,-302.84026886196807,-298.9526428580284
1764847743.5431328,286.56983410473913,118.21262774942443,117.96018450241536,118.02189285168424
1764847743.5481327,400.91353535000235,-281.63690606318414,-281.17128851870075,-277.9082258073613
1764847743.5531328,189.22771805804223,-738.2095025037415,-742.437459403649,-729.3571593086235
1764847743.558133,70.72524806205183,-303.7471946012229,-307.77693680347875,-305.41518998146057
1764847743.5631328,279.6884181862697,126.68350114906207,129.15370506979525,122.91742189368233
1764847743.5681329,396.3695569038391,-288.2378294849768,-279.20410114200786,-282.66911845095456
1764847743.5731328,191.4192994320765,-743.2321881442331,-742.6730731008574,-739.3987906896509
1764847743.5781329,74.25197372026742,-307.49083445686847,-314.85656741959974,-314.8509575696662
1764847743.5831327,270.241430898197,127.0799305443652,127.3211540915072,125.08656386798248
1764847743.5881329,401.4408612437546,-273.2034316631034,-270.856644440908,-269.3438549088314
1764847743.5931327,184.24991121701896,-745.8613378130831,-745.6836925651878,-742.147617157083
1764847743.5981328,79.39433615934104,-294.5769599098712,-293.47929927287623,-296.9293569820002
1764847743.6031327,277.6576525103301,139.50387819716707,139.04200055263937,134.9748593508266
1764847743.6081328,382.09435877297074,-308.1415770491585,-301.99505147198215,-300.4037240408361
1764847743.6131327,189.67276615276933,-755.4205220998265,-758.743423210457,-752.4136425354518
1764847743.6181328,76.57071169279516,-307.56563245598227,-313.2147513390519,-313.6691491836682
1764847743.6231327,288.3986451830715,135.5657635438256,140.6950363330543,132.51400517998263
1764847743.6281328,394.1817154297605,-291.6598379444331,-283.5162057909183,-281.15819886885583
1764847743.6331327,186.63596738874912,-745.9810146116652,-746.1698795594275,-740.5394601761363
1764847743.6381328,69.2928663790226,-294.8050938071683,-302.0848090709187,-302.7673408128321
1764847743.6431327,254.8218233808875,123.48962658690289,126.05706790648401,124.05435148021206
1764847743.6481328,388.23527450021356,-303.6985759017989,-301.912773672957,-303.5415001036599
1764847743.6531327,223.6572370501235,-733.3775517609902,-735.851495581679,-727.5433078301139
1764847743.6581328,102.48073858581483,-270.43964559584856,-281.54153861431405,-274.8377679437399
1764847743.6631327,299.27053435426205,134.33159655844793,133.38353191968054,127.90644843457267
1764847743.6681328,408.7224464574829,-281.506009564735,-274.94809499243274,-278.15131930448115
1764847743.6731327,205.04749487061054,-737.588679111097,-737.7102258596569,-736.4367899247445
1764847743.6781328,87.40520186442882,-303.3582450058311,-307.3767675082199,-303.5078410040587
1764847743.683133,295.9644627934322,143.77484394656494,147.06034605763853,136.06317023793235
1764847743.6881328,411.10850262921304,-272.1749591752887,-266.7352746897377,-270.18907229881734
1764847743.6931329,205.82913396134973,-732.7492485684343,-732.4519265219569,-727.1094794352539
1764847743.6981328,89.36864934116602,-300.3364058416337,-305.96682522492483,-300.60193873848766
1764847743.7031329,288.93719077669084,117.88351655332372,120.59307407122105,119.75346653116867
1764847743.7081327,402.6039701299742,-284.18751783296466,-277.3678102637641,-284.7185836266726
1764847743.7131329,188.65551336482167,-735.6775902337395,-737.2726575648412,-736.3619919256307
1764847743.7181327,89.6005231384188,-288.85865287762135,-289.99745241412893,-292.01138854026794
1764847743.7231328,278.7908421969041,114.08751809829846,120.34250077418983,117.5581452571787
1764847743.7281327,390.61385087203234,-292.445216935128,-292.25635198736563,-292.08244663942605
1764847743.7331328,192.4215926202014,-734.5219611474313,-733.8282097056508,-731.20840978669
1764847743.7381327,78.37708337139338,-303.87435119971633,-305.8209691266529,-307.83490525279194
1764847743.7431328,280.2419233797118,132.8917350755073,134.71119640395045,126.53764505079016
1764847743.7481327,398.1609689826146,-278.95913769491017,-277.3715501637198,-272.4217925723642
1764847743.7531328,209.25488232076168,-717.5615148483776,-719.545531774871,-715.9009992680512
1764847743.7581327,68.95253548305482,-302.0044012218714,-308.2107651983388,-305.87519767601043
1764847743.7631328,287.6095262924209,131.87074238760397,131.363985943608,129.76891861250624
1764847743.7681327,407.76503206882626,-290.5416078576818,-283.03749859659,-282.205370856449
1764847743.7731328,202.8035548971966,-735.3260396379046,-734.1835002014413,-730.243515598122
1764847743.7781327,84.92190829385072,-299.82029964774847,-308.06864900002256,-303.72101530153304
1764847743.7831328,296.52544778678566,137.4170140218921,143.43264310061932,131.07414369704202
1764847743.7881327,402.2636392340064,-289.19898377358913,-284.0771907842718,-281.45365096535534
1764847743.7931328,212.55347408168018,-732.547293970827,-736.4012608751655,-729.0430077123456
1764847743.7981327,88.05968435667455,-286.44641740620136,-287.77221194049343,-285.0177756231278
1764847743.8031328,290.49298915825784,136.03699093824252,136.37545188423246,132.3457096819766
1764847743.808133,401.46330064348876,-298.64971096161753,-292.5929429833777,-291.22974944952875
1764847743.8131328,198.15111935231835,-735.1465244400315,-737.8635617578402,-729.1365052112378
1764847743.8181329,90.20264703128487,-281.85756016056985,-283.61718308972195,-284.400692130439
1764847743.8231328,290.6650245562196,129.60810291441157,131.6145592406392,133.10864927293733
1764847743.8281329,396.1489028064534,-301.60797182656825,-302.87766786152497,-304.5250937920064
1764847743.8331327,201.69654451031238,-747.9519418883137,-749.3226152220741,-743.8941504363902
1764847743.8381329,96.35104255843908,-292.1834239382297,-296.87886833259836,-294.5021619107574
1764847743.8431327,289.8871253654361,138.46418600948527,140.9231702303514,137.42449382180348
1764847743.8481328,398.7855322752148,-290.14891836233437,-288.16864133579656,-285.5077025173232
1764847743.8531327,204.4341512778774,-721.7689022985287,-728.0201450744644,-725.5312416539527
1764847743.8581328,92.24463240709156,-284.4231315301731,-285.21038047084585,-286.0612077107653
1764847743.8631327,297.53148087486625,135.44608674524352,139.2925738496706,128.88256232300773
1764847743.8681328,416.91656726039946,-313.16800258960575,-311.4308190601878,-306.75033426564187
1764847743.8731327,198.15485925227404,-748.0192600875162,-748.1669861357659,-746.489641005639
1764847743.8781328,72.04917264636606,-294.6180988093838,-295.3903881502338,-295.3623389005661
1764847743.8831327,283.7237702384591,131.8931817873381,130.82170045003295,127.9288878343068
1764847743.8881328,402.9966596253216,-289.64403186831623,-287.6375755420886,-288.63425888027996
1764847743.8931327,243.43382801581174,-739.7279018857516,-741.0910954196006,-732.764208168257
1764847743.8981328,124.1347593292594,-276.57308152318,-280.8982758219354,-279.23215039167553
1764847743.9031327,349.18697906285524,164.74072309816256,168.80786429997534,163.29712171526626
1764847743.9081328,468.28035325184464,-285.6161596160382,-281.1488491189666,-281.2778756674379
1764847743.9131327,276.7525967210531,-731.3280865852721,-733.1512878136709,-728.4670631191693
1764847743.9181328,166.39936872851104,-258.5953824361786,-263.1075717327185,-263.5619695773348
1764847743.9231327,393.50479353778064,154.41859922045842,155.65463615581393,152.61970734177157
1764847743.9281328,528.1075328430161,-277.6426929105073,-274.4357286985032,-269.41117310803384
1764847743.933133,311.0026005152613,-713.4064859976061,-713.5729115456343,-709.4122728449292
1764847743.9381328,190.4656249433756,-253.68489379435778,-254.40482453582808,-256.03355096653104
1764847743.9431329,392.2145280530676,170.93773732474074,175.2292725238949,173.1704575982876
1764847743.9481328,473.0001069959253,-283.5704343402758,-278.4561211508699,-281.44991106539965
1764847743.9531329,272.0552823767066,-718.3992524384521,-720.8470169594511,-718.6760050351731
1764847743.9581327,125.97479010745883,-257.6828468469903,-261.79860674822703,-261.54990340117365
1764847743.9631329,309.65249663125724,155.51065000751987,159.73112710751593,157.36564038554206
1764847743.9681327,417.14844105765224,-285.4029853185639,-280.35973022831604,-280.7281103739515
1764847743.9731328,196.56914167106152,-747.1366436979733,-747.6770592415705,-743.389263942372
1764847743.9781327,78.6313965683803,-265.574035753496,-270.35549784684554,-268.3191223209724
1764847743.9831328,260.4129738146439,132.3793687815778,132.18302403390408,133.36296246992424
1764847743.9881327,368.2866481365636,-300.13071134407073,-295.7157594463788,-297.3370060771704
1764847743.9931328,160.02657920401543,-753.4645544230007,-753.1410530768335,-750.9588214526884
1764847743.9981327,49.85660630930215,-291.4616232467815,-299.3509422033094,-298.12612496782094
1764847744.0031328,234.21497462503612,124.49565967498347,125.45120411366224,124.90330877015367
1764847744.0081327,365.7285565668717,-309.35704453475773,-304.1342742466368,-302.2250553192571
1764847744.0131328,147.05660615768284,-757.3016917775385,-755.0184828545898,-752.2191677377559
1764847744.0181327,33.94707189779729,-286.29682140797377,-290.10590951284394,-286.2893416080624
1764847744.0231328,236.09614430274814,129.83623681170866,130.12233915831894,125.64006906142458
1764847744.0281327,355.8440009839833,-314.0767982788384,-308.48377789510414,-314.21143467724323
1764847744.0331328,160.25471310131252,-759.7214070488699,-767.1881173104048,-759.3137579536997
1764847744.0381327,42.096313901245594,-294.61061900947243,-297.6081488239579,-297.5875793742016
1764847744.0431328,253.7148129940033,143.67386664776132,139.9171371422708,137.92564041586593
1764847744.0481327,363.79128838982433,-320.8572368985042,-319.4267251654528,-321.4481410915032
1764847744.0531328,166.7509193243459,-773.5627767848782,-772.9999218415469,-770.466139621567
1764847744.058133,37.0923277605325,-303.1824697079137,-307.0588760119863,-305.0711191855371
1764847744.0631328,252.66016120649874,138.25101171201095,140.71373583283275,136.05195053806528
1764847744.0681329,366.12124606221914,-320.05689830798656,-313.15491293976083,-311.46634810976684
1764847744.0731328,163.6692417608574,-765.0283250859939,-768.0482943002135,-760.5105259395204
1764847744.0781329,56.898837925866246,-283.1029468458146,-286.4819464557804,-284.352073431015
1764847744.0831327,260.8991608088836,146.67326641222462,143.701915897429,139.14484780142084
1764847744.0881329,373.93763696961105,-314.53306607343256,-308.1584065989591,-311.17089601326734
1764847744.0931327,175.7865176172927,-761.2472862307914,-763.5978133529425,-757.4213685761206
1764847744.0981328,64.31505953799933,-278.1700188042596,-277.87269675778225,-282.9196917479858
1764847744.1031327,257.312596751377,140.10974198998883,144.78648688457906,142.22278546495363
1764847744.1081328,382.24395477119833,-310.5986913200468,-307.77693680347875,-307.2963596591726
1764847744.1131327,181.72173884697258,-768.8766821403988,-768.4110645959154,-764.6393754906021
1764847744.1181328,68.6982222860679,-283.00570944696665,-287.4804997439496,-282.45594415348023
1764847744.1231327,266.2472177455202,132.81693707639351,134.56534030567855,131.88944188738242
1764847744.1281328,389.1478100894019,-309.05411263834685,-304.88599413773045,-312.1806690013036
1764847744.1331327,198.56250834744424,-729.4693563072942,-729.3627691585571,-725.5462012537755
1764847744.1381328,63.47732194792479,-270.7986759915948,-272.61065752012655,-269.7515040040016
1764847744.1431327,260.21475911699235,103.52604062343016,103.23993827681988,107.97278167074546
1764847744.1481328,387.4349359096959,-344.269010621123,-336.7013230607845,-341.81563625019044
1764847744.1531327,194.92358569055796,-754.6875017085113,-757.8159280214459,-752.1181904389523
1764847744.1581328,87.49869936332107,-1240.6762812505476,-1241.564507490024,-265.6114347530529
1764847744.1631327,284.9467175239697,-829.4649313725531,-831.347971000243,147.1257943068631
1764847744.1681328,397.3045318927616,-1292.9114639316685,-1289.1996132256463,-312.95108839217573
1764847744.1731327,208.63779882807285,-1721.7302628010511,-1716.7169269104488,-733.0372208650224
1764847744.1781328,92.90285479929298,-1241.8693093364127,-1243.9842227613553,-261.65836049988866
1764847744.183133,275.2042781393975,-832.6700256345794,-828.51312683383,143.68508634762838
1764847744.1881328,397.64486278872937,-1282.8436532509513,-1282.2658387077972,-300.5794993387535
1764847744.1931329,198.71210434567183,-1741.0992046715692,-1747.0624751509167,-760.5741042387672
1764847744.1981328,82.69292792025954,-1264.0917948731221,-1269.9690476534888,-286.5511346049607
1764847744.2031329,288.53328158147633,-822.7069321526214,-822.9444157998078,153.83891472732648
1764847744.2081327,393.10088434256613,-1298.2782203680836,-1292.677720184438,-317.0425389437005
1764847744.2131329,197.5714348591864,-1736.300913028419,-1738.700058849994,-753.7039080201648
1764847744.2181327,80.23581364937127,-1247.2659849724732,-2228.069707951974,-267.6085413293913
1764847744.2231328,277.9568445067853,-850.8571591190994,-1824.0838447883725,130.65901480196044
1764847744.2281327,392.1958285532892,-1307.1193438633345,-2288.51771093579,-324.4811999555677
1764847744.2331328,191.85686772689223,-1738.6832293001935,-2715.6385952252895,-753.2476402255706
1764847744.2381327,81.06607143953443,-2221.414555980824,-2228.5110161467455,-264.1528737703338
1764847744.2431328,287.2430160967633,-1798.426261142362,-1798.0915400963277,160.15934565244243
1764847744.2481327,399.4063556678593,-2271.4731168877333,-2265.087237713393,-303.6312577025965
1764847744.2531328,186.02262379601598,-2728.7450746200047,-2732.3297687275335,-766.5766436676495
1764847744.2581327,77.81983827799559,-3212.9312223833986,-3213.4641581270844,-1255.5573431742378
1764847744.2631328,263.88360097352415,-2812.5207035774365,-2810.33099215338,-849.3836385365576
1764847744.2681327,388.7065018946305,-3264.014515878167,-3261.166582061909,-1296.6999825867824
1764847744.2731328,194.66179269365966,-3700.645965754986,-3706.8747691311873,-1738.458835302852
1764847744.2781327,88.81514414772391,-4177.7898819018155,-4179.987073125783,-2215.1464836550876
1764847744.2831328,278.9142588954419,-3774.697854827624,-3769.0075970450416,-1815.080035645049
1764847744.2881327,394.2303341291845,-4244.528396611102,-4241.456068797503,-2276.2078302316368
1764847744.2931328,198.0164829539135,-4669.977545620408,-4673.3228861307725,-2712.4054517135955
1764847744.2981327,77.23267398495227,-4188.287781077437,-4195.12244824646,-2234.1414355300367
1764847744.3031328,273.2034316631034,-3777.8879894898273,-3771.558208814822,-1813.513017563615
1764847744.308133,393.4486950384453,-4236.6820865040645,-4232.809420099948,-2271.985483181663
1764847744.3131328,199.21699083968997,-4676.245617946144,-4676.030573698692,-2711.2573024271987
1764847744.3181329,74.2557136202231,-4202.8883505044505,-4208.414052688982,-2246.2998502859846
1764847744.3231328,274.51239664759487,-3788.8758155596443,-3788.4176778150722,-1828.5361956856214
1764847744.3281329,391.17109596543014,-4243.02869672887,-4238.5277271321975,-2275.6094462387264
1764847744.3331327,195.76880308054388,-4671.394967703614,-4674.093305521645,-2705.6661519934423
1764847744.3381329,68.56358588766307,-5152.054389808793,-5160.946001953445,-2220.3000657940283
1764847744.3431327,277.5791146112606,-4763.173982566223,-4759.420992960688,-1820.446792081464
1764847744.3481328,398.2956053810194,-5227.237598618027,-5218.663877969608,-2280.2020433843136
1764847744.3531327,198.91779884323478,-5647.548125088215,-5654.214496759232,-2705.755909592379
1764847744.3581328,66.52908031176776,-5175.166971534956,-5181.406994611025,-2238.554517477751
1764847744.3631327,274.44133854843676,-4760.724348095246,-4756.444032595959,-1822.354141058866
1764847744.3681328,391.7059016590938,-5228.243631706107,-5222.845086120069,-2282.7601349540055
1764847744.3731327,208.9930893238634,-5654.923207800835,-5654.4875094559975,-2708.972223554272
1764847744.3781328,76.23786059673876,-5178.555320894811,-5179.974612927996,-2237.731739487499
1764847744.3831327,287.92741778865457,-4750.63783791475,-4743.593736348208,-1808.4417132236995
1764847744.3881328,403.5613845186308,-5226.829949522857,-5221.936290430836,-2283.126645149663
1764847744.3931327,192.24394737230614,1188.616873867344,1188.5719950678758,1192.1940881749615
1764847744.3981328,80.2414234993048,724.7309030634351,722.1952508934774,722.3467168416828
1764847744.4031327,274.95183489238843,1119.1688016401604,1121.0649309176952,1119.5671009854414
1764847744.4081328,384.4598454949446,649.7496488518082,653.7176827047952,655.3912879349664
1764847744.4131327,202.98494004504755,240.94679454527795,236.73566719517112,247.44487071828917
1764847744.4181328,79.36254700971767,-239.75002655945718,-242.49885302688926,735.5897025847808
1764847744.4231327,279.7725659352727,161.2027777400799,161.59920713538304,1136.7669008816592
1764847744.4281328,385.92214637761936,637.4154587979428,641.7238235468976,1621.9366423333995
1764847744.433133,189.61853760341182,208.6153594283387,208.82105392590165,1190.4961735950783
1764847744.4381328,72.47739119129255,-264.62410116475075,-270.10305459983647,714.9043159298599
1764847744.4431329,278.4523812509142,148.18418599432334,148.54321639006957,1129.5376742673106
1764847744.4481328,403.2752821720205,-327.58905681874603,-319.75770631153136,656.879768117331
1764847744.4531329,202.4463944514282,-749.275866472628,-750.6222304566763,235.52580955950543
1764847744.4581327,92.34747965587303,-1229.4827606831677,-1236.1323028043844,-252.20576336188242
1764847744.4631329,281.2947052172385,-827.8118955921382,-824.4272861322388,150.5945515157655
1764847744.4681327,406.5364749333821,-1309.8045920315199,-1305.6981818801723,-330.75488213123754
1764847744.4731328,193.6987684550695,-1740.3362650806084,-1742.2697933577,-763.0630076592788
1764847744.4781327,79.91231230320409,-2225.1207968369126,-2228.363290098496,-1244.5826067542657
1764847744.4831328,285.0420849728398,-1812.0394969810732,-1803.7107397797517,-827.3088790480979
1764847744.4881327,391.1206073160283,-2284.487968733534,-2279.9739094870165,-1303.7814831528813
1764847744.4931328,213.677314018365,-2700.1535394587554,-2702.10202733567,-1721.6498549520038
1764847744.4981327,77.92642542673275,-2236.3479765038937,-2238.6068760771304,-1256.8606983087957
1764847744.5031328,270.45647514564916,-1817.3950337176211,-1812.2451914786361,-832.0660317917354
1764847744.5081327,394.0489489813335,-2292.884044134058,-2291.245967953466,-1310.539482372813
1764847744.5131328,207.12874919595197,-2710.034355141688,-2711.578933823388,-1725.000805312302
1764847744.5181327,67.14429385447875,-2226.119350125082,-2236.318057304248,-1251.9015909675509
1764847744.5231328,269.94784875167534,-1821.4154261699878,-1823.1357801496051,-842.2049005716108
1764847744.5281327,409.4760362985544,-2292.065006043762,-2285.0414739269763,-1308.826608193107
1764847744.5331328,209.90375496307388,-2718.4977487414144,-2721.1156787103973,-1738.6252608508803
1764847744.5381327,79.66547890612856,-3199.5087214424275,-3202.63901770534,-2216.2927629915066
1764847744.5431328,282.50643280288205,-2789.63625574857,-2788.585343861021,-1807.0934792896733
1764847744.5481327,411.33850647648796,-3263.401172285434,-3257.335054557305,-2280.727499328088
1764847744.5531328,218.29235056368634,-3679.7960235020146,-3683.99967105221,-2701.3858364941552
1764847744.558133,71.32176210498437,-3207.452268948313,-3216.8992562363856,-2231.9704236057587
1764847744.5631328,288.0863635367714,-2793.4285143036395,-2792.2803650172427,-1813.211955617182
1764847744.5681329,385.55563618196175,-2308.7898386456072,-3282.119371563662,-1323.4383973199874
1764847744.5731328,198.82243139436468,-2716.934470559936,-3705.2460427004844,-1734.9414593945257
1764847744.5781329,96.01632151240483,-3174.814162035007,-4159.1689200224355,-2194.915494844783
1764847744.5831327,284.8999687745236,-2771.9091299586,-3748.1595247420482,-1792.7734023593366
1764847744.5881329,389.0524426405318,-2309.0254523428157,-3278.0690599116497,-1321.1907174466178
1764847744.5931327,203.31405124114826,-2728.187829526607,-3709.277654852718,-1744.6091007799841
1764847744.5981328,69.93051932146773,-3211.708275097888,-4197.674929966219,-2232.931577894371
1764847744.6031327,270.7781065418385,-2794.9506535856053,-3771.5077201654203,-1818.866684350185
1764847744.6081328,402.7741355779581,-3276.3599256318994,-4249.061155357398,-2290.1071684169583
1764847744.6131327,210.13188886037096,-3698.776015777141,-4678.463378619868,-2718.8698687870055
1764847744.6181328,95.05142732383683,-4160.406826907769,-5144.597029297147,-3183.7917918786407
1764847744.6231327,291.8711422919296,-3761.3127528862096,-4743.378692100756,-2786.9790568300523
1764847744.6281328,408.75797550706193,-4248.612367362715,-5225.434966839384,-3262.348390447907
1764847744.6331327,201.84427055856213,-4678.325002321508,-5662.59000271,-3695.9580011605285
1764847744.6381328,91.67429766384885,-5152.01325090928,-6133.585523329675,-4168.801032358315
1764847744.6431327,280.71876062406227,-4736.755329279229,-5718.335081499536,-3755.85436890088
1764847744.6481328,389.3591144368984,-4262.831466994248,-5237.814035692718,-3273.882241911255
1764847744.6531327,191.04717938648537,-4701.097253151704,-5679.01564331539,-3716.5461504166014
1764847744.6581328,83.75318955769762,-5148.576282850001,-6135.75092540402,-4172.417515615467
1764847744.6631327,275.12387029035017,-4740.50270903483,-5722.879059945699,-3762.331875624135
1764847744.6681328,396.85013404814526,-4262.782848294824,-5242.694605134893,-3284.084688990377
1764847744.6731327,194.16251604957506,-4689.1108737937175,-5665.922253570519,-3701.6015101936646
1764847744.6781328,68.58041543746367,-5160.79453600524,-6146.854688372463,-4181.370836109389
1764847744.683133,280.9356748214923,-4744.541800986975,-5721.20358476555,-3761.8905674293637
1764847744.6881328,411.9481101692654,-4255.718177278526,-5231.9087336626835,-3273.8485828116536
1764847744.6931329,193.76608665427193,-4685.838461332489,-5668.820676036179,-3700.075631011743
1764847744.6981328,78.25927652278915,-5155.573635667097,-6137.351602585055,-4175.203741082456
1764847744.7031329,283.97995338542387,-4733.176245021634,-5711.494804480579,-3753.8984012240544
1764847744.7081327,407.6210459205322,-4248.915299259126,-5223.5986759611405,-4242.424702886026
1764847744.7131329,206.80337789980695,-4683.878753755707,-5661.583969621919,-4678.308172771707
1764847744.7181327,64.37302798731253,-4199.750574441627,-5189.389811066445,-4203.731697944459
1764847744.7231328,280.83095762273297,-3773.8002788382582,-4756.621677843854,-3781.7082972945645
1764847744.7281327,398.3909728298895,-4260.090120326728,-5231.508564367425,-4258.046265000943
1764847744.7331328,198.65413589635864,-4682.696945369709,-5663.064970004372,-4679.258107360452
1764847744.7381327,67.73893794743344,-5155.065009273123,-6142.04143712949,-5161.697721844539
1764847744.7431328,262.9168368349783,-4749.018461233936,-5729.921291562263,-4753.5381303303875
1764847744.7481327,384.91611328953877,-4263.70660358388,-6218.986138817854,-5237.692488944158
1764847744.7531328,198.02583270380273,-4680.482924595941,-6639.592117384542,-5656.656651430298
1764847744.7581327,78.4649710203521,-5140.296144348104,-7105.546252863947,-6129.9372509229
1764847744.7631328,276.01396647980437,-4741.620939121582,-6703.3480618791655,-5730.51406570524
1764847744.7681327,400.7695492017083,-4258.2463496485725,-6213.267831785604,-6214.26077522384
1764847744.7731328,202.75306624779478,-4687.472797613125,-6650.1797741591,-6647.705830338411
1764847744.7781327,85.67549813492224,-5149.773050835822,-7114.2751793605275,-7110.709184752777
1764847744.7831328,274.2188145010732,-4749.71782252565,-6708.052856023423,-6712.916595915798
1764847744.7881327,401.70452419063076,-5232.581915654708,-7190.479380857665,-7190.410192708485
1764847744.7931328,207.5251785912551,-5660.880868430249,-7622.492054289207,-7619.767537171487
1764847744.7981327,87.11161971790716,-6136.461506395601,-8096.920803068206,-8097.565935810562
1764847744.8031328,276.488933774177,-5719.707624783274,-7682.302404330578,-7684.978302748874
1764847744.808133,392.728764296975,-5237.3839471978135,-7199.582297349814,-7195.904105743393
1764847744.8131328,202.91388194588944,-5660.188986938447,-7621.014793806709,-7620.212585266214
1764847744.8181329,72.013643596787,-6129.995219372213,-8093.139764213003,-8091.907467177603
1764847744.8231328,270.4714347454719,-5737.84613956837,-7700.078148819972,-7698.030553594232
1764847744.8281329,403.26780237210914,-5248.296975268517,-8181.199448569678,-8183.714531289879
1764847744.8331327,203.1494956430979,-5661.295997325331,-8600.556300551165,-8598.291791127995
1764847744.8381329,77.88154662726447,-6135.4517334075645,-9083.949589523952,-9076.322063564323
1764847744.8431327,286.0817771605216,-5721.996443556156,-8658.582718313672,-8665.275269284379
1764847744.8481328,409.89490509359166,-5245.189118405338,-8182.295239256695,-8181.635146914516
1764847744.8531327,214.72822590591386,-5658.296597560868,-8604.337339406367,-8597.382995438762
1764847744.8581328,86.74884942220524,-6115.607824242674,-9058.57062842464,-9063.034199021757
1764847744.8631327,270.65468984330073,-5717.785316206049,-8655.736654447392,-8662.593761016149
1764847744.8681328,396.40508595341817,-5250.664331940468,-8189.3075516736135,-8192.245243088808
1764847744.8731327,212.96299312682822,-5658.2629384612665,-8598.637731873896,-8594.881002368405
1764847744.8781328,89.63979208795354,-6114.63919015415,-9062.665818876121,-9057.775899684057
1764847744.8831327,280.0867175315507,-5729.008755973075,-8671.593830259517,-8670.413891823497
1764847744.8881328,400.2085642083548,-5254.725863292348,-8191.469213848002,-8192.129306190182
1764847744.8931327,210.27400505868718,-5664.994758381508,-8608.787820353638,-8605.771591039374
1764847744.8981328,90.10353968245909,-6112.6084244782105,-9052.216538399924,-9057.06157879252
1764847744.9031327,275.75965328281745,-5722.811741746496,-8661.413822580129,-8667.646365856286
1764847744.9081328,394.96896437043324,-5266.629964851309,-8201.798817525618,-8202.496308867354
1764847744.9131327,201.76947255944833,-5669.0562897333875,-8617.045519455802,-8605.80151023902
1764847744.9181328,90.51866857754067,-6109.769840411842,-9055.567488760222,-9054.451128623448
1764847744.9231327,275.0116732916795,-5719.124200390186,-8659.143703307025,-8663.756869902369
1764847744.9281328,393.7572367847897,-5250.4586374429055,-8187.983627089299,-8185.894892964046
1764847744.933133,198.32502470025793,-5668.20359254349,-8611.618924620096,-8610.00141788926
1764847744.9381328,83.29692176310346,-6117.45907472074,-9064.180478358176,-9061.534499139525
1764847744.9431329,284.1145897838287,-5724.719090723898,-8662.180502071045,-8669.493876434397
1764847744.9481328,399.59148071566597,-5263.559506987687,-8200.482372741215,-8199.81854049908
1764847744.9531329,210.93970725079998,-5671.195512508042,-8611.211275524925,-8608.505457906984
1764847744.9581327,89.85670628538355,-6110.30090620555,-9051.764010505285,-9051.541486457922
1764847744.9631329,274.61898379633203,-5724.146886030678,-8659.072645207867,-8665.148112685885
1764847744.9681327,399.85327371256426,-5251.015882536303,-8183.073138447478,-8188.38192643458
1764847744.9731328,199.8546437821351,-5673.682545978576,-8615.261587176938,-8612.301456362009
1764847744.9781327,81.55786828370765,-6111.441575692035,-9061.84304088587,-9057.951674981974
1764847744.9831328,262.7672408367507,-5727.415558591951,-8669.215253887698,-8668.622479744721
1764847744.9881327,399.325947818812,-5258.663977945689,-8192.471507036127,-8193.83096067002
1764847744.9931328,205.3373371171765,-5666.5355971632525,-8612.972768404055,-8604.918893849477
1764847744.9981327,80.27508259890601,-6114.354957757518,-9060.32464150386,-9054.525926622562
1764847745.0031328,280.42704842751846,-5711.004877586383,-8653.72458827123,-8652.679286233615
1764847745.0081327,389.74432413233444,-5264.430903677363,-8199.431460853666,-8204.474715943914
1764847745.0131328,216.14564798912033,-5671.277790307067,-8614.644503684249,-8606.736485227942
1764847745.0181327,93.77986133890226,-6108.655350225046,-9060.657492599916,-9053.572252133861
1764847745.0231328,267.65155017888173,-5729.88015266275,-8669.970713678747,-8671.644318908919
1764847745.0281327,395.9749974585138,-5263.0134815941565,-8204.102595898323,-8204.153084547725
1764847745.0331328,206.1526353075169,-5661.3857549242675,-8598.622772274073,-8600.333776503801
1764847745.0381327,74.70263166492805,-6121.393449474126,-9068.05501471227,-9067.234106671996
1764847745.0431328,268.2985528712161,-5737.487109172624,-8674.009805630893,-8679.071760220919
1764847745.0481327,422.1168981487863,-6223.4328798651695,-9158.040747546125,-9160.701686364599
1764847745.0531328,210.80133095243946,-6649.940420561936,-9595.154644517228,-9591.244579113554
1764847745.058133,79.18303181184456,-7084.247522616293,-10032.491065535694,-10029.478576121386
1764847745.0631328,274.0355594032444,-6689.847023039125,-9629.376599061769,-9630.97166639287
1764847745.0681329,391.7302110088058,-6245.849840199575,-9181.407642469276,-9177.650912963785
1764847745.0731328,194.5926045444794,-6663.059989606496,-9606.004094288684,-9601.039377097506
1764847745.0781329,56.788510877173394,-7100.145837327931,-10044.436305994168,-10044.602731542196
1764847745.0831327,269.4018233581446,-6706.792509738356,-9643.94350938918,-9650.796876057982
1764847745.0881329,391.8611075072549,-6245.603006802499,-9183.363610146102,-9179.146872946061
1764847745.0931327,195.63977653207257,-6657.038750677835,-9599.859438661486,-9594.52821127465
1764847745.0981328,79.58320110710338,-7098.137511051726,-10038.153274068609,-10043.544339854736
1764847745.1031327,267.83106537675485,-6708.501644018106,-9644.493274682667,-9653.35870752763
1764847745.1081328,409.360099399928,-6238.149386190809,-9170.068265803624,-9170.43664594926
1764847745.1131327,209.59334326675162,-6650.213433258701,-9590.659284770489,-9588.364856147673
1764847745.1181328,92.9122045491822,-7072.5827746544965,-10018.630996299908,-10017.409918964375
1764847745.1231327,279.65288913669065,-6689.802144239657,-9630.842639844399,-9637.486572115682
1764847745.1281328,396.2106111557223,-6244.716650513001,-9180.420308880974,-9180.639093028381
1764847745.1331327,199.12162339081988,-6660.808569833171,-9609.497160847299,-9600.257738006767
1764847745.1381328,73.83497487520799,-7087.729369475041,-10033.983285618015,-10034.078653066885
1764847745.1431327,279.1143435430713,-6687.767638663761,-9629.46261676075,-9630.455560198985
1764847745.1481328,409.9210843932815,-6236.260736713186,-9172.10277137952,-9170.380547449924
1764847745.1531327,199.90700238151476,-6647.902175086085,-9595.865225508809,-9583.903155500535
1764847745.1581328,76.97649083798751,-7088.21555646928,-10029.450526871718,-10030.12557881372
1764847745.1631327,270.57615194423124,-6694.693933381699,-9632.798607521225,-9632.908934569918
1764847745.1681328,393.3570674895309,-6248.658505066298,-9184.422001833562,-9187.89449894242
1764847745.1731327,210.54701775545254,-6658.052263565827,-9599.261054668576,-9597.303217041772
1764847745.1781328,71.47135810321197,-7093.260681509506,-10043.101161709987,-10042.37749106856
1764847745.183133,281.32462441688403,-6689.166361247189,-9627.768442080822,-9636.405741028488
1764847745.1881328,410.75882198335603,-6242.689624737017,-9178.449381604325,-9176.098854482174
1764847745.1931329,202.7044475483708,-6664.978558283765,-9611.920616018586,-9606.881100828294
1764847745.1981328,80.92208529124036,-7094.7491616918705,-10036.23470539134,-10036.105678842869
1764847745.2031329,292.155374688562,-6682.397142327391,-9614.353420939762,-9625.0102658635
1764847745.2081327,405.51922214543447,-6243.403945628554,-9180.652182678226,-9181.495530118234
1764847745.2131329,211.20524014765397,-6644.416588327382,-9594.81431362126,-9590.455460222904
1764847745.2181327,69.28351662913337,-7087.3441597796045,-10029.764678467996,-10028.334166734945
1764847745.2231328,276.97886066837236,-6687.853656362742,-9627.27477528667,-9624.868149665184
1764847745.2281327,391.78256960818544,-6272.354511185549,-9205.062509689014,-9207.84312530607
1764847745.2331328,206.76971880020574,-6666.5792354648,-9608.539746458642,-9598.81413662387
1764847745.2381327,68.55049623781815,-7095.100712287705,-10040.064362945966,-10036.569426437374
1764847745.2431328,271.5597456325777,-6685.015072296374,-9628.235929575283,-9634.513351650909
1764847745.2481327,401.2931351955049,-6243.807854823768,-9174.60102454992,-9179.846234237775
1764847745.2531328,206.7136203008704,-6656.481505584437,-9600.304486756213,-9598.032497533131
1764847745.2581327,77.81422842806205,-7087.920104372781,-10037.83164267242,-10037.287487228867
1764847745.2631328,275.5502188852988,-6688.444560555741,-9632.275021527428,-9633.253005365841
1764847745.2681327,406.5925734327175,-6253.206223412417,-9187.918808292132,-9186.368619760498
1764847745.2731328,210.80133095243946,-6661.489231625106,-9605.450589095242,-9598.582262826618
1764847745.2781327,86.3187609273009,-7070.623067077715,-10016.768526121974,-10016.373966676649
1764847745.2831328,273.20904151303694,-6687.726499764249,-9628.407964973245,-9635.728819136508
1764847745.2881327,398.1777985324152,-6256.415057574399,-9192.537584737409,-9192.382378889248
1764847745.2931328,204.4883798272349,-6670.524829918053,-9610.88466373086,-9605.919946539681
1764847745.2981327,84.83028074493632,-7072.186345259193,-10019.939961284399,-10017.73529026052
1764847745.3031328,266.7764135892503,-6684.64482220076,-9625.606779906433,-9628.114382826723
1764847745.308133,385.8735276781954,-6271.516773595475,-9206.771643968765,-9211.310012564994
1764847745.3131328,202.5623313500546,-6661.313456327189,-9604.500654506497,-9595.44822666375
1764847745.3181329,65.33044237596914,-7070.331354881171,-10021.245186368935,-10016.048595380504
1764847745.3231328,282.02024580864236,-6680.680528247729,-9621.728503652383,-9623.742439778522
1764847745.3281329,397.11940684495494,-6268.543553130701,-9204.404287296813,-9209.570959085599
1764847745.3331327,211.13792194845155,-6659.75017814571,-9602.724202027544,-9600.46343250433
1764847745.3381329,76.35566744534299,-7073.371893545147,-10017.696021310985,-10015.622246785555
1764847745.3431327,263.8555517238565,-6695.131501676515,-9631.47468293691,-9635.590442838147
1764847745.3481328,392.3136354018934,-6276.18042884022,-9208.637854046654,-9211.82611875888
1764847745.3531327,206.49670610344037,-6663.920166596305,-9607.507534070872,-9609.031543302815
1764847745.3581328,75.25239695841447,-7076.3974726093,-10019.637029387988,-10016.957391069736
1764847745.3631327,281.53779871435836,-6685.531178490259,-9623.220723734703,-9623.402108882554
1764847745.3681328,397.81876813666895,-6248.464030268602,-9188.150682089385,-9190.351613213308
1764847745.3731327,222.54835671326146,-6647.674041188788,-9592.420777649619,-9585.473913481925
1764847745.3781328,73.10569438384846,-7072.65757265361,-10016.188841628842,-10018.071881256532
1764847745.3831327,267.6926890783943,-6698.104722141288,-9639.029280847404,-9643.885540939867
1764847745.3881328,392.2425773027353,-6256.553433872759,-9194.388835215475,-9194.54030116368
1764847745.3931327,206.42938790423796,-6663.261944204103,-9609.459761847742,-9600.257738006767
1764847745.3981328,78.8894496653229,765.9894793746062,765.4696332807653,768.7700949916616
1764847745.4031327,269.4710115073249,1147.117074009031,1151.5787746561691,1147.1862621582113
1764847745.4081328,381.93354307487607,1573.4320098580793,1579.4794280864298,1579.4551187367178
1764847745.4131327,213.1406383747235,1189.993157051038,1189.993157051038,1193.0430454649031
1764847745.4181328,82.34137732442468,775.0923958667554,770.7503720181994,773.3813916370273
1764847745.4231327,286.2033239090815,1151.1860851608217,1155.741283306852,1151.2515334100462
1764847745.4281328,398.80797167494893,1574.5764192445204,1581.7869463590905,1580.670586222317
1764847745.433133,203.89560568425804,1188.9534648633562,1189.0731416619383,1188.2110947221518
1764847745.4381328,81.39892253559083,768.1922804485075,759.8448237474076,765.2957279328257
1764847745.4431329,271.580315082334,1153.2766892360523,1155.59542720858,1149.0375126362778
1764847745.4481328,403.79699821583927,1576.4650687221438,1581.1698628664017,1585.7269309624098
1764847745.4531329,206.18816435709596,1175.7590978196822,1172.6101020569913,1180.8659312091768
1764847745.4581327,80.66216224431992,769.4264474338852,769.4152277340181,768.0707336999476
1764847745.4631329,274.89012654311955,1161.4521105391905,1163.688570712693,1160.7508792974986
1764847745.4681327,389.38716368656605,1591.7724792407826,1598.07421066612,1593.3937258715741
1764847745.4731328,202.9494109954685,1183.0967815327458,1177.8646614947356,1182.0888784946874
1764847745.4781327,79.25221996102482,772.2164128008299,765.8398833763786,767.8986983019859
1764847745.4831328,276.7338972212747,1149.0580820860341,1149.7985822772607,1148.5737650417723
1764847745.4881327,408.87578235566616,1583.312825541012,1583.4773811390623,1586.3215750553645
1764847745.4931328,210.2122967094183,1178.8557349829935,1179.83932867134,1184.3290785681456
1764847745.4981327,78.38082327134907,769.12725543743,762.204700619448,768.4073246959597
1764847745.5031328,273.9813308538869,1158.1273394785821,1157.7271701833233,1150.615750417579
1764847745.5081327,392.86901054531336,1565.4735027523711,1574.471702045761,1570.2587047456764
1764847745.5131328,198.07258145324886,1170.7887707785703,1170.3661620835774,1174.67639678251
1764847745.5181327,85.09768359176815,783.1257009715773,787.9763512141071,783.47912151739
1764847745.5231328,255.20329317636788,1144.7758966367692,1143.9531186465174,1146.6888554641046
1764847745.5281327,393.65438953600824,1581.5662922617048,1585.2164346184582,1586.1271002576686
1764847745.5331328,213.68292386829853,1184.4356657168828,1185.4641382046975,1185.361290955916
1764847745.5381327,77.92081557679921,768.5213916446082,765.7127267778851,761.1855778815225
1764847745.5431328,269.9422389017418,1155.3710332112387,1155.8422606056556,1156.861383343581
1764847745.5481327,393.24674044083804,1570.8439990887418,1573.5479467567056,1569.3087701569311
1764847745.5531328,209.68123091571033,1173.2571047493257,1171.8696018657647,1173.2552347993478
1764847745.558133,74.85783751308918,773.5739964847453,768.1586213489063,771.4029845604673
1764847745.5631328,270.1292338995263,1160.8649462461472,1165.304207493551,1162.3814756781794
1764847745.5681329,403.65862191747874,1589.4799205679446,1596.7989047812298,1596.4155650357716
1764847745.5731328,210.22351640928537,1187.532302880194,1186.0961812972091,1192.7775125680491
1764847745.5781329,78.34342427179217,765.2975978828035,766.438267369289,769.8621457787231
1764847745.5831327,270.7313577923924,1148.0071701984853,1146.3055157186463,1145.140536882449
1764847745.5881329,399.80652496311814,1568.0577736217529,1576.0723792267963,1575.0831756885163
1764847745.5931327,205.56360106449574,1159.0978435170837,1156.4836534480564,1165.1172124957666
1764847745.5981328,78.14146967418492,779.4680788149126,773.8283096817322,775.9581827064976
1764847745.6031327,277.1378064164892,1165.4949423912913,1168.8945114510134,1165.9007215364836
1764847745.6081328,400.79385855142027,1584.3712172284722,1586.0279929088429,1583.999097182881
1764847745.6131327,210.0290416115895,1175.1270547271706,1171.8808215656318,1175.2373817758635
1764847745.6181328,84.76483249571174,795.6880249227397,789.195558599662,790.9290022291243
1764847745.6231327,271.7261711806059,1154.9072856167331,1157.4317180868238,1154.0975972763263
1764847745.6281328,396.91558229736984,1570.8851379882544,1574.8643915411085,1571.709785928484
1764847745.6331327,219.767741096206,1187.7305175778456,1185.5501559036784,1191.4797672834247
1764847745.6381328,77.49072708189487,773.8657086812891,767.631295455154,764.9591369368136
1764847745.6431327,278.07278140541166,1160.3824991518632,1153.9423914281651,1157.4223683369346
1764847745.6481328,396.032965907827,1559.0408748285845,1566.053187245503,1562.0122253433801
1764847745.6531327,196.95435136649758,1171.577889669221,1173.0626299516298,1177.9413294438273
1764847745.6581328,76.65298949182034,774.3668552753516,770.742892218288,772.1995832510293
1764847745.6631327,265.2374447574839,1165.9960889853537,1163.1313256192952,1164.3823221544735
1764847745.6681328,403.76707901619375,1558.816480831243,1563.8204669719562,1564.0355112194084
1764847745.6731327,205.6122197639197,1170.2577049848624,1170.3549423837103,1174.7549346815795
1764847745.6781328,85.05280479229987,794.98492373107,789.6742657939903,791.2693331250921
1764847745.683133,283.8359672371298,1171.1945499237627,1175.9853617670015,1172.445546458941
1764847745.6881328,405.13214250002056,1583.9972272329032,1587.4304553922266,1588.558035228867
1764847745.6931329,208.72007662709802,1170.478359082248,1170.2577049848624,1171.6096788188443
1764847745.6981328,72.74479403812438,773.6226151841693,776.6369745484553,777.0427536936477
1764847745.7031329,277.6426929105073,1166.1569046834484,1163.243522617966,1164.2028069566004
1764847745.7081327,391.17483586538583,1571.4498628815636,1571.8649917766452,1572.1136951236986
1764847745.7131329,195.73888388089836,1173.8667084421031,1173.4515795470215,1174.373464886099
1764847745.7181327,69.04603298194706,776.3452623519115,772.8035770938732,772.6334116458893
1764847745.7231328,274.534836047329,1166.2803213819861,1171.3927646214142,1166.0091786351986
1764847745.7281327,395.10173081886023,1560.5330949109048,1566.6740106381476,1567.4350802791305
1764847745.7331328,202.75119629781693,1172.7933571548201,1175.0298173283227,1178.0385668426752
1764847745.7381327,75.32532500755042,790.5456624836661,785.0667090485804,790.7607067311183
1764847745.7431328,268.7866098154336,1177.0549731543288,1181.6662697996944,1172.1500943624415
1764847745.7481327,398.927648473531,1557.477596647106,1567.066700133495,1560.1235758657567
1764847745.7531328,218.2942205136642,1168.2568585085683,1164.075650358107,1167.477089367807
1764847745.7581327,85.41557508800179,789.8986597913317,785.2985828458332,785.6557432916015
1764847745.7631328,270.0506960004568,1169.3245999459177,1170.5812063310295,1162.157081680838
1764847745.7681327,391.97891435585916,1563.5063153756782,1567.526707828045,1569.0020983605646
1764847745.7731328,203.06908779405057,1163.5595441642217,1164.569317152258,1165.8801520867273
1764847745.7781327,76.64550969190896,782.5796755780466,776.2891638525762,777.1699102921411
1764847745.7831328,263.7115655755624,1151.242183660157,1147.7304176017642,1146.019413372036
1764847745.7881327,379.67838340159506,1549.2572965444997,1550.061375034973,1552.703614353668
1764847745.7931328,195.4995302837342,1166.813257125672,1164.7600520499982,1169.2535418467596
1764847745.7981327,84.72369359619915,802.5021226420067,796.1704720170237,801.823330800049
1764847745.8031328,272.37691377289593,1171.0374741256237,1170.7981205284595,1169.6406214921735
1764847745.808133,398.53869887813926,1559.9459306178614,1560.843506607227,1565.4304939028807
1764847745.8131328,217.98006891738623,1177.8422220950015,1176.3088631131686,1180.0169739192352
1764847745.8181329,72.72235463839024,790.2950891866349,785.1153277480043,788.5354662574828
1764847745.8231328,266.2397379456088,1151.784469153732,1154.136866225861,1150.8999828142114
1764847745.8281329,406.007279089652,1555.5104092704132,1561.146438503638,1556.4210749096237
1764847745.8331327,200.71295082196593,1160.0664776056074,1157.1830147397704,1161.482029738836
1764847745.8381329,87.10600986797363,802.6217994405888,798.5340887890197,797.4588675517589
1764847745.8431327,276.81243512034416,1176.1050385655835,1176.2022759644315,1173.5001982464455
1764847745.8481328,399.8102648630738,1557.7244300441816,1561.5092087993398,1559.3980352743529
1764847745.8531327,214.07187346369028,1171.6526876683347,1160.5975433993153,1170.914057427086
1764847745.8581328,79.06896486319602,799.3568667792715,790.9009529794566,795.9442080697045
1764847745.8631327,279.7968752849847,1166.0484475847334,1168.778574552387,1167.2994441199116
1764847745.8681328,403.535205218941,1554.4931564824656,1564.968616258353,1563.6390818241052
1764847745.8731327,212.84892617817968,1169.865015489515,1169.5658234930597,1171.6919566178694
1764847745.8781328,68.27187369111925,787.8865936151706,787.1086944243871,788.3559510596097
1764847745.8831327,266.6062481412664,1162.4394441274926,1166.295280981809,1158.3872625255026
1764847745.8881328,396.7435468994081,1560.4395974120125,1563.581113374792,1563.074356930796
1764847745.8931327,202.18273150455207,1155.6646153577603,1154.8754964671098,1156.6986976955086
1764847745.8981328,68.7019621860236,786.6486867298372,784.3897871566005,787.0320264752954
1764847745.9031327,260.7607845105231,1157.513995885849,1161.975696532987,1156.1919412515126
1764847745.9081328,397.80193858686835,1563.1921637794003,1568.2298090197146,1567.9437066731043
1764847745.9131327,196.86459376756102,1165.0368046467192,1163.6567815630697,1162.3796057282016
1764847745.9181328,76.01720649935305,792.1687790644355,788.0511492132209,795.8394908709452
1764847745.9231327,270.5294031947851,1174.2949269870296,1169.7958273403347,1174.229478737805
1764847745.9281328,395.6365365125239,1563.6970502734184,1567.8782584238797,1570.2549648457207
1764847745.933133,205.59352026414126,1171.9406599649228,1166.2410524324514,1170.4091709330678
1764847745.9381328,73.3656174307689,785.8296486395411,780.4591523031704,782.503007628955
1764847745.9431329,268.8614078145474,1154.1406061258167,1156.4743036981672,1155.3130647619255
1764847745.9481328,399.3091182690114,1555.8357805665582,1561.445630500093,1561.3278236514889
1764847745.9531329,201.40857221372426,1168.4475934063084,1165.4033148423769,1171.130971624516
1764847745.9581327,71.74624074995518,797.6477324995212,793.5450622481294,797.2718725539744
1764847745.9631329,268.00123082473874,1163.5127954147756,1168.7748346524313,1164.135488757398
1764847745.9681327,404.24578621052206,1572.4409363698214,1577.6767963077873,1575.7488778806292
1764847745.9731328,222.7035625614226,1171.27495777281,1177.535550298635,1179.9683552198112
1764847745.9781327,78.55285866931081,780.1674401066266,778.8809145218693,778.6957894740626
1764847745.9831328,266.18363944627345,1161.179097842425,1162.0430147321895,1159.2848385148682
1764847745.9881327,409.16749455221,1553.9920098884031,1561.9131179945543,1556.9633604031987
1764847745.9931328,232.16924934927374,1172.9317334531806,1174.723145531956,1174.1864698883146
1764847745.9981327,90.92818762268871,801.5596678531729,796.8960126084276,795.6450160732493
1764847746.0031328,283.2076640445739,1183.9476087726653,1187.979220924899,1181.5335033512674
1764847746.0081327,403.94659421406686,1566.1279852446169,1570.1521175969392,1565.8157035983168
1764847746.0131328,210.97149640042335,1171.2001597736962,1165.7548654382117,1170.8242998281494
1764847746.0181327,79.23726036120206,786.6374670299701,783.9559587617405,784.7619072021917
1764847746.0231328,270.3872869964689,1166.2990208817646,1166.295280981809,1172.0416372637264
1764847746.0281327,409.66490124631673,1557.0736874518916,1565.148131456226,1560.0263384669088
1764847746.0331328,227.6664098026231,1169.4461466944776,1167.718312914949,1169.5564737431705
1764847746.0381327,87.94748735800385,799.7869552741759,797.4981365012936,795.914288870059
1764847746.0431328,267.9339126255363,1175.858205168508,1176.7483013579622,1174.9961582287215
1764847746.0481327,400.76393935177475,1558.782821731642,1564.4338105646893,1565.0752034070902
1764847746.0531328,213.52210817020386,1167.3630224191584,1162.5273317764513,1167.4434302682057
1764847746.058133,74.01636002305895,790.4521649847738,785.3584212451242,786.3401449834928
1764847746.0631328,264.80361636262387,1167.8286399636418,1169.9342036386952,1164.629155551549
1764847746.0681329,398.9949666727334,1553.1954111978412,1556.6847378564999,1555.7591126174666
1764847746.0731328,217.9164906181395,1173.1823067502119,1173.5862159454264,1177.6122182477266
1764847746.0781329,72.98040773533285,790.5606220834889,789.8201218922623,787.6378902681172
1764847746.0831327,273.6036009583622,1175.364538374357,1178.378897738643,1173.275804249104
1764847746.0881329,392.06493205484,1557.0774273518473,1555.271055673249,1555.186907924246
1764847746.0931327,211.48386269435287,1158.7275934214704,1159.9243614072911,1164.7207831004634
1764847746.0981328,82.1880414262414,811.4666628357954,806.5898332935758,808.8169437171891
1764847746.1031327,267.58610192965716,1178.221821940504,1184.8040458625183,1176.1891863145865
1764847746.1081328,400.61434335354716,1559.6317790215835,1562.6797974854708,1564.3309633159079
1764847746.1131327,206.14328555762768,1164.303784255404,1162.5273317764513,1164.0176819087937
1764847746.1181328,70.35499796643853,798.6462857876904,792.2921957629733,794.309871789068
1764847746.1231327,257.7165059465915,1162.820913922973,1164.6684245010838,1160.4030686016195
1764847746.1281328,396.75850649923086,1530.4605593672022,1537.3157959859818,1537.590678632725
1764847746.1331327,204.94277767185122,1160.986492994707,1157.5345653356053,1164.5300482027233
1764847746.1381328,76.69038849137723,815.6852699858136,813.2879941142164,815.5749429371208
1764847746.1431327,259.8706883210689,1173.4048307975754,1181.6139112003148,1170.3923413832672
1764847746.1481328,399.1483025709167,1542.5142569243908,1544.7020983984694,1547.202221518848
1764847746.1531327,207.03338174708188,1158.2601059270091,1152.5305791948922,1164.1897173067555
1764847746.1581328,68.71318188589066,805.6062396052293,797.9170052963309,798.6705951374024
1764847746.1631327,255.8989145681262,1161.4259312395006,1166.5421143788844,1161.4838996888138
1764847746.1681328,407.080630376935,1558.0161422407255,1561.9617366939783,1558.7435527821071
1764847746.1731327,220.57929938659072,1169.6967199915089,1167.258305220399,1174.2163890879601
1764847746.1781328,77.13169668614864,813.9536963063292,808.0446543763392,808.1288021253422
1764847746.183133,263.74148477520794,1180.742514510639,1178.161983541213,1180.9276395584457
1764847746.1881328,402.01680583693087,1540.2478775512427,1544.6422599991783,1545.6314635374583
1764847746.1931329,211.00141560006887,1169.9772124881856,1165.1938804448582,1171.6171586187556
1764847746.1981328,78.14146967418492,811.1674708393402,813.3702719132416,808.143761725165
1764847746.2031329,257.0545436544344,1163.6436919132248,1160.4311178512871,1158.0544114294462
1764847746.2081327,392.3005457520485,1518.1637683128938,1525.4977121260017,1523.756788696628
1764847746.2131329,217.62851832155138,1167.8641690132208,1166.596342928242,1176.6398442592472
1764847746.2181327,72.23616764415056,808.6056393696927,808.0184750766493,808.7533654179424
1764847746.2231328,254.47775258496404,1171.022514525801,1170.7943806285039,1166.1924337330274
1764847746.2281327,406.5533044831827,1551.6844916157424,1559.6392588214949,1555.0485316258855
1764847746.2331328,217.08249292802066,1161.2856849911623,1159.961760406848,1166.6767507772893
1764847746.2381327,73.30203913152218,813.426370412577,804.5553277176805,813.6638540597633
1764847746.2431328,265.99290454853326,1181.8009061980993,1181.8794440971687,1178.8781743827276
1764847746.2481327,395.0493722194806,1535.999351201579,1542.3085624268278,1537.3662846353836
1764847746.2531328,220.32124628964812,1167.0937496223487,1166.3158504315652,1167.9034379627556
1764847746.2581327,77.1503961859271,818.2583211553283,813.871418507304,814.6399679481983
1764847746.2631328,257.686586746946,1164.6796442009509,1167.4920489676297,1164.2663852558471
1764847746.2681327,397.05769849568605,1526.496265414171,1532.210832546465,1529.6845301263966
1764847746.2731328,213.61186576914042,1153.906862378586,1150.9560813135467,1156.9904098920524
1764847746.2781327,80.04881865158677,813.6657240097411,811.2385289384983,813.6862934594974
1764847746.2831328,275.5707883350551,1191.3301712851971,1187.5715718297288,1189.7949423533864
1764847746.2881327,390.41937607433647,1519.6036297958344,1524.45801993832,1524.0559806930833
1764847746.2931328,215.62767184525728,1159.0679243174382,1157.4971663360484,1159.5672009615228
1764847746.2981327,80.12735655065626,808.5570206702687,804.0055624241941,804.2729652710259
1764847746.3031328,264.04067677166313,1185.4660081546754,1189.8192517030984,1188.1082474733703
1764847746.308133,406.1867942875251,1554.8671464780346,1556.4229448596016,1555.127069524955
1764847746.3131328,214.38228516001254,1149.8939497261308,1152.22016749857,1155.1167200142518
1764847746.3181329,78.60895716864616,814.4810222000815,808.4859625711106,809.0899564139545
1764847746.3231328,259.36206192709506,1161.4595903391019,1164.7881012996659,1165.3135572434403
1764847746.3281329,416.28452416788787,1540.737804445438,1547.6416597636417,1548.1970349070616
1764847746.3331327,219.8836779948324,1162.9686399712227,1158.405962025281,1162.918151321821
1764847746.3381329,78.99790676403791,819.1147582451813,818.1797832562588,816.5061780260876
1764847746.3431327,269.3401150088757,1185.4921874543652,1188.9291555136442,1186.3317949944176
1764847746.3481328,394.80253882240504,1542.162706328556,1550.0651149349287,1544.3860768522136
1764847746.3531327,221.0692262807861,1161.8354502846487,1160.216073603835,1166.269101682119
1764847746.3581328,75.54223920498043,793.5188829484396,790.1941118878312,794.152795990929
1764847746.3631327,270.22273139841855,1175.929263267666,1181.9392824964598,1174.917620329652
1764847746.3681328,409.55270424764603,1542.9480853192508,1548.625253451988,1544.7002284484915
1764847746.3731327,218.63829130958766,1150.1295634233393,1151.7265007044189,1156.0442152032629
1764847746.3781328,78.7772526666522,815.0981056927703,810.0529806525446,814.2285789530724
1764847746.3831327,266.1238010469824,1179.4223298262805,1176.7370816580951,1174.8316026306711
1764847746.3881328,405.0162056013942,1545.8539875848219,1550.109993734397,1551.364730169531
1764847746.3931327,221.9555825702846,1161.9813063829206,1162.460013577249,1162.6451386250556
1764847746.3981328,82.12446312699467,818.2358817555942,813.6732038096525,817.5645697135478
1764847746.4031327,264.0313270217739,-776.472418950405,-779.692472812254,-782.0579595342278
1764847746.4081328,403.67545146727934,-436.9007226736285,-429.34986466309056,-435.6497261384502
1764847746.4131327,213.53893772000447,-808.6449083192274,-808.3307567229494,-802.4048852431588
1764847746.4181328,79.22043081140146,-1143.511810451746,-1146.3616142179817,-1143.4463622025214
1764847746.4231327,278.418722151313,-765.1891407840885,-763.5585444034077,-769.4208375839517
1764847746.4281328,400.0888874097727,-414.027494544629,-411.7311959718354,-411.65452802274376
1764847746.433133,210.80133095243946,-798.9922265335917,-798.4200218403712,-794.3715801383369
1764847746.4381328,95.0626470237039,-1151.8405676530674,-1159.7018373599276,-1155.7094941572286
1764847746.4431329,266.12193109700456,-771.9209607043304,-774.81938316999,-777.8206528844312
1764847746.4481328,388.92902594199404,-420.34792546974495,-423.0032544382848,-421.6512806043029
1764847746.4531329,207.02777189714834,-812.0070783793926,-813.8695485573262,-812.9214839185588
1764847746.4581327,62.28616381203756,-1161.1977973422036,-1164.0214218087494,-1161.3791824900545
1764847746.4631329,258.0699264924042,-784.782476651948,-784.3486482570879,-788.8383981538936
1764847746.4681327,436.49681347841397,-421.6232313546352,-418.8557053874247,-419.0557900350541
1764847746.4731328,209.99725246196613,-801.6774747017771,-805.1069629611447,-801.6045466526411
1764847746.4781327,96.16217761067674,-1131.016804699786,-1139.289463401772,-1140.2375280405395
1764847746.4831328,272.35260442318395,-771.1393216135912,-768.5251315445639,-773.2729345383123
1764847746.4881327,400.19360460853204,-449.29101122682914,-439.2568596457131,-441.37925287056714
1764847746.4931328,239.66213891049847,-826.3608144093305,-824.5020841313526,-818.538813652005
1764847746.4981327,80.62663319474086,-1131.8283629901707,-1142.991964357905,-1137.4774818732403
1764847746.5031328,282.6373293013312,-762.6534886141308,-764.7553123892285,-765.8679326260462
1764847746.5081327,445.5922501706518,-427.4125964860432,-418.49667499167845,-419.2839239323512
1764847746.5131328,276.4515347746201,-775.7936271084473,-774.7240157211199,-770.3315032231621
1764847746.5181327,149.7175449761562,-1123.8735957844183,-1128.3839151309803,-1129.1674241716973
1764847746.5231328,340.86009181151167,-757.4213685761206,-754.0778980157338,-762.5693408651277
1764847746.5281327,482.9613305279054,-426.50006089685485,-420.0412536733784,-418.22179234493524
1764847746.5331328,311.8235085555352,-787.5705720689148,-788.9618148524314,-783.7652238640003
1764847746.5381327,189.63723710319027,-1096.6246847072616,-1105.1179975066334,-1102.5842152866535
1764847746.5431328,382.62729451665655,-740.5880788755603,-742.2972131553106,-743.3387752929702
1764847746.5481327,500.41544362111017,-421.6568904542364,-416.61176541401073,-414.8371828850359
1764847746.5531328,309.71046508057043,-794.8671168824658,-794.8970360821113,-792.6325266589411
1764847746.558133,161.08684084145352,-1109.0336727602407,-1111.4159890320152,-1112.5697481683455
1764847746.5631328,334.210549690295,-746.0894717103802,-743.7782135377638,-744.90953327436
1764847746.5681329,432.7830928224139,-431.455428338144,-425.4379293094389,-423.51001088228077
1764847746.5731328,239.67709851032123,-802.5077324919403,-802.5002526920289,-794.0125497425906
1764847746.5781329,89.98386288387701,-1127.2731648441404,-1128.9112410247326,-1127.7799212881364
1764847746.5831327,260.0707729686983,-756.63224968547,-761.1238695322536,-761.0322419833392
1764847746.5881329,414.30050724139437,-417.16527060745284,-415.20182313071564,-420.6115884166211
1764847746.5931327,197.2928123124875,-802.2870783945546,-804.6132961669937,-799.7682557743974
1764847746.5981328,48.93472097022459,-1135.4261467475444,-1144.9890709342435,-1139.3661313508637
1764847746.6031327,223.06820280710235,-792.2398371635936,-792.7185443579219,-795.3794831763953
1764847746.6081328,362.16630185907707,-454.73630556231365,-446.5234852596186,-451.8023540470749
1764847746.6131327,181.33839910151437,-821.4204065678641,-821.5625227661803,-814.0808529048227
1764847746.6181328,60.96971902763471,-1120.98265311867,-1124.9731263713911,-1122.0541344559751
1764847746.6231327,213.0452709258534,-774.1611607777886,-777.0558433434926,-778.2844004789367
1764847746.6281328,356.6013307250105,-468.1999454027973,-459.17556680971757,-461.5447934316471
1764847746.6331327,172.32898010825738,-835.931218395941,-835.4861703012139,-830.1212838147767
1764847746.6381328,37.797298902180046,-1147.756596901454,-1146.8552810121328,-1147.7547269514762
1764847746.6431327,224.30236979248002,-785.8483481393196,-787.1012146244757,-789.9416686408222
1764847746.6481328,370.21082666376606,-441.5905572180636,-441.77007241593674,-444.86483962927014
1764847746.6531327,190.05610589822754,-822.5498563544825,-817.3738348158076,-822.5966051039286
1764847746.6581328,53.70309341372922,-1132.4342267829925,-1134.4836919587106,-1132.7726877289824
1764847746.6631327,244.71474375063553,-763.711880301591,-763.1845544078387,-767.9173978017643
1764847746.6681328,381.25475123291835,-456.7147126388736,-449.47426632465795,-449.89126516971737
1764847746.6731327,182.45288928830996,-838.1639386694878,-833.5002834247425,-829.0180133278482
1764847746.6781328,46.82915729517117,-1143.31733565405,-1148.5307561922818,-1146.7636534632184
1764847746.683133,233.6072408822365,-772.5604835967533,-768.0389445503242,-775.3037002142519
1764847746.6881328,376.796790485736,-457.29065723204985,-451.28437790321186,-453.01408163271844
1764847746.6931329,190.56473229220137,-817.9983981084079,-818.7538578994572,-814.0546736051328
1764847746.6981328,59.7879106416367,-1125.444353765808,-1129.2403522208333,-1127.7500020884909
1764847746.7031329,225.3121427805163,-793.3767667501234,-792.4118725615554,-795.9703873693943
1764847746.7081327,383.02746381191537,-458.47994541795924,-453.02717128256336,-457.04569378495216
1764847746.7131329,191.84003817709163,-829.225577775389,-830.0296562658623,-826.9648082521744
1764847746.7181327,50.23620615480468,-1131.3833148954436,-1133.2906638728455,-1130.2594749587588
1764847746.7231328,248.16293150978163,-755.0801912038587,-754.4144890117459,-756.9146121321246
1764847746.7281327,382.4141202191822,-459.2728042085655,-454.1267018695362,-457.49448177963495
1764847746.7331328,200.7821389711462,-838.9044388607144,-841.6495254281908,-838.37898291694
1764847746.7381327,67.80999604659155,-1126.4429070539773,-1130.8073703022674,-1129.8593056635
1764847746.7431328,249.9132046890445,-767.5901565556414,-763.9063550992869,-769.3011607853696
1764847746.7481327,391.84614790743217,-449.6126426230185,-445.73436636896804,-449.44995697494596
1764847746.7531328,215.36400889838114,-812.0968359783292,-815.608602036722,-810.9206374422647
1764847746.7581327,61.39980752253905,-1123.9895326830447,-1134.188239862211,-1127.6078858901747
1764847746.7631328,246.28924163198099,-772.0518572027795,-766.5691638677381,-767.7191831041127
1764847746.7681327,382.24956462113187,-464.41142674768344,-457.85538212535903,-453.9864556211978
1764847746.7731328,215.02741790236905,-821.8991137621924,-823.1519802473485,-820.6668167267926
1764847746.7781327,62.783570506144315,-1119.6512487344444,-1122.9685399951413,-1122.0017758565955
1764847746.7831328,258.46261598775163,-765.5369514799677,-765.8511030762456,-764.8955586375669
1764847746.7881327,398.75000322563574,-457.5412305290811,-451.7518653976731,-451.7238161480054
1764847746.7931328,218.1614540652372,-826.9891176018864,-830.7065781578422,-826.3701641592197
1764847746.7981327,76.04151584906504,-1114.2096942989156,-1122.0111256064847,-1122.525361850392
1764847746.8031328,260.41858366457745,-759.2875786540098,-758.513419363182,-759.5549815008417
1764847746.808133,395.6122271628119,-450.5625772117637,-447.5220385477878,-446.9928427040577
1764847746.8131328,203.83389733498916,-827.0975747006014,-830.732757457532,-824.1486635855399
1764847746.8181329,71.75933039980009,-1121.0649309176952,-1127.374142142944,-1120.778828571085
1764847746.8231328,256.8394994069822,-763.9736732984893,-762.6086098146625,-767.1507183108479
1764847746.8281329,396.8463941481896,-464.766717243474,-457.7843240262009,-457.63659797795117
1764847746.8331327,201.2608461654745,-838.5267089651898,-835.3066551033407,-836.063984844368
1764847746.8381329,75.2000383590348,-1114.2209139987826,-1120.76573892124,-1118.763022494968
1764847746.8431327,262.2586144427769,-750.8391446541063,-752.6118572331034,-752.9465782791376
1764847746.8481328,406.3158208359964,-447.92220784304664,-442.1964210108854,-446.12518591433764
1764847746.8531327,220.39791423873976,-831.1703257523477,-830.1755123641342,-824.8031460777856
1764847746.8581328,77.6496728300117,-1111.9433149257675,-1115.253126386553,-1118.1048001027666
1764847746.8631327,251.4764828705229,-759.2875786540098,-754.3995294119231,-759.1323728058487
1764847746.8681328,403.82878736546263,-445.517452171538,-435.4533813907765,-440.1039469856769
1764847746.8731327,224.44448599079624,-828.114827488549,-824.4796447316185,-824.4553353819065
1764847746.8781328,66.73290485935286,-1120.2645923271775,-1123.8698558844626,-1116.3807062231936
1764847746.8831327,256.3944513122551,-769.4264474338852,-766.9618533630855,-771.720876056701
1764847746.8881328,403.0995068741031,-461.29609008459374,-451.51625170046464,-458.3209996698424
1764847746.8931327,215.64824129501358,-828.1484865881503,-829.079721677117,-823.7185750906356
1764847746.8981328,83.48391676088795,-1103.6669163238257,-1105.4059698032215,-1103.7548039727844
1764847746.9031327,259.93987647024915,-754.1265167151578,-756.5948506859131,-756.3648468386382
1764847746.9081328,397.11192704504356,-461.17641328601167,-458.10221552243456,-454.89525131043047
1764847746.9131327,232.88170029083267,-818.925893297419,-820.9529190734029,-820.8725112243555
1764847746.9181328,68.11292794300243,-1119.7073472337797,-1127.3180436436087,-1123.6024530376308
1764847746.9231327,264.45767561672255,-750.0126267638989,-750.1510030622594,-752.5389291839674
1764847746.9281328,393.8731736834161,-460.22647869726643,-455.2823309558444,-456.2453551944345
1764847746.933133,215.2705113994889,-839.3382672555745,-842.8724727137014,-837.788078723941
1764847746.9381328,71.22452470613644,-1118.78733184468,-1126.1100559579208,-1122.0167354564182
1764847746.9431329,265.30663290666416,-750.6708491561003,-749.9303489648737,-749.782622916624
1764847746.9481328,390.1744126272388,-467.48562451126054,-461.0941354869865,-460.7781139407307
1764847746.9531329,210.28522475855425,-833.3432076266035,-840.4265781426802,-837.1934346309863
1764847746.9581327,81.07168128946796,-1097.9673087913543,-1101.673549647443,-1102.7749501843937
1764847746.9631329,263.5563597274013,-750.2968591605313,-750.8728037537076,-754.7230307580903
1764847746.9681327,406.27094203652814,-463.8317422545515,-458.7529581147246,-457.2252089828253
1764847746.9731328,211.07060374924913,-837.3860394787043,-838.9792368598282,-830.9814608045854
1764847746.9781327,64.66100028390065,-1115.3690632851794,-1120.8480167202652,-1117.5176358097233
1764847746.9831328,258.8777448828332,-763.1060165087692,-759.3249776535667,-762.7974747624248
1764847746.9881327,409.3526196000166,-455.6750204511918,-450.07265031756833,-454.3193067172542
1764847746.9931328,227.51494385441765,-813.1926266653463,-813.353442363441,-808.5458009704016
1764847746.9981327,75.40947275655344,-1106.8757504858077,-1111.056958636269,-1109.8658005003817
1764847747.0031328,243.08414736995474,-761.1276094322093,-759.6054701502435,-760.8789060851559
1764847747.0081327,403.8026080657728,-458.8352359137498,-457.3766749310307,-458.1901031713933
1764847747.0131328,220.6821466353722,-836.4548043897375,-835.3477940028533,-831.7705796952359
1764847747.0181327,71.7555904998444,-1113.794565403834,-1118.5666777472943,-1118.6321259965189
1764847747.0231328,259.60702537419274,-750.7942658546381,-756.2732192897238,-754.4836771609262
1764847747.0281327,380.6376677402295,-479.9058322641067,-473.97061103442684,-477.1214767470956
1764847747.0331328,216.20174648845568,-830.4896639604121,-826.7385443048552,-825.4426689702086
1764847747.0381327,73.78635617578402,-1105.966954796575,-1108.7868393631652,-1109.1477397088893
1764847747.0431328,246.96990342391655,-769.2880711355247,-771.1804605131038,-777.9926882823929
1764847747.0481327,398.2151975319721,-468.62255409779027,-462.1188680748455,-465.12761758919805
1764847747.0531328,227.47754485486075,-829.5546889714897,-829.5584288714454,-823.0379132987
1764847747.058133,77.47763743204996,-1092.8960044514388,-1093.4756889445707,-1097.9205600419082
1764847747.0631328,254.27766793733463,-754.8445775066502,-754.1078172153793,-755.7178441463038
1764847747.0681329,388.4577985475771,-478.03962218621746,-472.5045702517964,-481.156828799285
1764847747.0731328,211.95322013879195,-844.3347735963762,-844.3572129961103,-843.3941887575202
1764847747.0781329,83.34928036248311,-1088.3856851048768,-1096.318012910895,-1094.2517181853764
1764847747.0831327,254.4347437354736,-752.2079480378889,-748.1613762858324,-747.706978441216
1764847747.0881329,402.9611305757426,-460.66778689203784,-458.85393541352823,-455.9536429978907
1764847747.0931327,216.0446706903167,-836.8138347854838,-839.1961510572582,-831.830418094527
1764847747.0981328,75.39825305668637,-1100.6749963592738,-1108.2931725690141,-1105.3068624543957
1764847747.1031327,256.8806383064948,-760.7648391365074,-757.0473785805516,-757.3372208271176
1764847747.1081328,397.34380084229633,-475.23469721945,-469.6472866856493,-468.06343905441463
1764847747.1131327,218.83837595721707,-836.3613068908453,-839.0615146588534,-832.1109105912037
1764847747.1181328,77.99000372597948,-1096.8565585045144,-1100.0728724664077,-1100.3365354132839
1764847747.1231327,255.98306231712922,-751.699321643915,-756.7444466841407,-755.9908568430692
1764847747.1281328,406.82070733001456,-471.1956052673049,-465.18558603851125,-470.1877022292465
1764847747.1331327,218.52422436093912,-832.673765534535,-833.410525825806,-831.5237462981604
1764847747.1381328,66.63566746050492,-1109.3141652569175,-1111.9320952259004,-1114.1218066499569
1764847747.1431327,251.68217736808583,-757.0249391808175,-750.6596294562332,-755.2129576522857
1764847747.1481328,401.7344433902763,-473.353527541738,-470.4177060765214,-471.94171530846506
1764847747.1531327,213.1537280245684,-839.6711183516309,-839.9067320488393,-836.2061010426842
1764847747.1581328,64.29449008824304,-1102.1298174420372,-1106.6401367885992,-1102.5842152866535
1764847747.1631327,250.2909345845692,-749.9789676642977,-749.0327729755081,-751.8358279922977
1764847747.1681328,400.0888874097727,-475.04396232170984,-467.18269261484966,-470.6701493235305
1764847747.1731327,221.6096418243833,-826.704885205254,-831.3872399497777,-829.212488125544
1764847747.1781328,87.72122341068462,-1081.1527185905725,-1087.368432316929,-1083.450887113344
1764847747.183133,266.5258402922191,-742.0653393580578,-742.8245390490629,-744.4944043792784
1764847747.1881328,391.9733045059256,-490.68048403644934,-481.506509445142,-482.7911650799215
1764847747.1931329,215.95117319142446,-836.8549736849964,-838.3958124667406,-834.9756739572622
1764847747.1981328,80.69769129389897,-1095.0127878263593,-1100.5366200609133,-1095.3475088723935
1764847747.2031329,263.2235086313449,-749.1337502743118,-745.8688176129945,-750.493203908205
1764847747.2081327,402.437544581946,-476.5773213035427,-466.07194232800975,-469.0694721424952
1764847747.2131329,229.38115393230692,-832.5391291361302,-831.7126112459227,-827.5931114447303
1764847747.2181327,73.76765667600557,-1088.3632457051426,-1088.1463315077126,-1088.5371510530822
1764847747.2231328,251.45404347078875,-763.9624535986222,-762.687147713732,-763.4856163542718
1764847747.2281327,403.3874791706912,-485.38478569919243,-484.52086880942807,-481.6804147930816
1764847747.2331328,238.92911851918325,-826.6637463057414,-828.2681633867323,-819.2045158441179
1764847747.2381327,86.82364742131904,-1084.5261083506048,-1090.528647779487,-1087.1197289698757
1764847747.2431328,259.7753208721988,-740.3449853784405,-739.7166821858846,-739.6699334364384
1764847747.2481327,394.0115499817766,-482.8304340294562,-478.81752137700096,-474.7055013757199
1764847747.2531328,224.69879918778315,-833.4890637248755,-838.571587764658,-836.3033384415321
1764847747.2581327,81.34843388618901,-1088.333326505497,-1093.2849540468305,-1095.702799368184
1764847747.2631328,244.89425894850865,-752.7165744318627,-753.6328499210067,-760.6956509873271
1764847747.2681327,394.63611327437684,-490.89365833392367,-488.22710966551676,-492.8253166610375
1764847747.2731328,230.5405229185708,-837.5094561772421,-834.9513646075502,-835.3571437527426
1764847747.2781327,85.18557124072686,-1081.2723953891546,-1084.3391133528203,-1082.3737959261052
1764847747.2831328,253.4361904473044,-750.8765436536632,-745.9323959122412,-748.769110028632
1764847747.2881327,398.85098052443936,-485.4296644986607,-482.75563603034243,-482.3311573853716
1764847747.2931328,223.386094303336,-847.7904411554337,-845.3445465844125,-843.2894715587609
1764847747.2981327,85.90737193217501,-1071.3616605065763,-1077.3679398354143,-1075.645715905819
1764847747.3031328,255.41459752386436,-739.0173208941706,-739.2117956918664,-745.2162050707266
1764847747.308133,397.41485894145444,-487.9241777691059,-481.7757822419517,-481.4784601954743
1764847747.3131328,219.51903774915263,-846.122445775196,-848.6393984453753,-842.8967820634134
1764847747.3181329,83.30440156301484,-1078.650725520216,-1084.0548809561878,-1080.1186362528242
1764847747.3231328,260.9571292581968,-730.7970207915641,-729.0355279124342,-731.5206914329901
1764847747.3281329,412.04908746806905,-478.7315036780201,-469.0489026927389,-471.82951830979437
1764847747.3331327,234.33652137359604,-839.1886712573469,-841.2755354326218,-836.4043157403357
1764847747.3381329,67.66413994831964,-1094.1563507365063,-1096.3292326107621,-1094.6406677807681
1764847747.3431327,252.81910695461556,-749.0626921751536,-744.6458703274839,-752.8904797798023
1764847747.3481328,399.49424331681803,-484.19175761332735,-482.4639238337986,-485.42779454868287
1764847747.3531327,229.44099233159795,-841.8552199257538,-846.2757816733792,-838.8763896110468
1764847747.3581328,72.7204846884124,-1084.8626993466169,-1084.2680552536622,-1086.7868778738193
1764847747.3631327,265.13085760874674,-733.089579464402,-731.0550738885067,-734.7108260951936
1764847747.3681328,404.27009556023404,-497.064493260812,-491.9520500213839,-491.7968441732228
1764847747.3731327,220.973858831916,-851.1974900150672,-849.88478513062,-846.70026031835
1764847747.3781328,66.84136195806786,-1088.490402303636,-1093.0044615501538,-1091.6188286165707
1764847747.3831327,257.37430510064587,-735.6065321345814,-739.0285405940376,-739.9504259331152
1764847747.3881328,395.18587856786326,-500.5837391191162,-492.8159669111483,-491.28447787929326
1764847747.3931327,228.4573986432515,-848.5272014467046,-847.2892945613712,-841.273665482644
1764847747.3981328,74.74751046439633,-1067.4646847527474,-1074.6153734680265,-1075.4026224086992
1764847747.4031327,273.6653093076311,-709.7152047413401,-711.1176672247238,-714.7061012322083
1764847747.4081328,397.5663248896599,-507.0967748919502,-499.9180369270034,-502.4667787468061
1764847747.4131327,222.5502266632393,-865.1791059994139,-862.0245003867894,-857.2505180933513
1764847747.4181328,83.8896959060803,-1080.7506793453358,-1082.218590077944,-1082.4074550257064
1764847747.4231327,260.3419157154858,-735.1708337897435,-733.078359764535,-736.6219149725512
1764847747.4281328,406.332650385797,-497.6385679040104,-493.7060631006025,-492.9113343600184
1764847747.433133,228.46300849318504,-837.9975131214596,-840.0301487473771,-831.2133346018381
1764847747.4381328,78.55285866931081,-1066.0416528196074,-1071.4401984056458,-1073.0090864370577
1764847747.4431329,248.92400115076452,-742.3851008042693,-743.6847160388716,-746.4728114558384
1764847747.4481328,401.6428158413619,-506.4983908990398,-503.9683485790156,-506.19171910267323
1764847747.4531329,218.48869531136006,-858.278990581166,-859.0849390216172,-856.3903411035426
1764847747.4581327,67.9577220948413,-1082.4635535250418,-1085.995889033191,-1081.966146830935
1764847747.4631329,255.18459367658943,-728.6147891674191,-725.2881481568329,-726.4718264928088
1764847747.4681327,405.0498647009954,-487.35384302586317,-481.9964363393374,-486.1570750400424
1764847747.4731328,227.50559410452843,-851.5097716613673,-854.4736423762515,-848.5963895958848
1764847747.4781327,88.10082325618714,-1063.5546193490736,-1069.3308948306367,-1066.9354889090173
1764847747.4831328,253.1538280006498,-731.3449161350727,-735.9393832306378,-735.3353893877938
1764847747.4881327,390.31465887557715,-501.5280638579279,-500.46406232053414,-498.55484339315444
1764847747.4931328,236.05126550327986,-840.1255161962472,-839.0951737584546,-835.7460933481343
1764847747.4981327,70.30263936705887,-1061.0750656784512,-1065.3853003773838,-1065.0543192313053
1764847747.5031328,237.95113468077034,-750.3660473097116,-745.476128117647,-749.6479865182191
1764847747.5081327,403.83813711535186,-516.3530272822827,-507.98500113142654,-509.78576296009123
1764847747.5131328,236.23452060110867,-848.2298794002272,-851.608879010193,-846.2439925237559
1764847747.5181327,67.2920199027285,-1074.463907519821,-1075.3521337592974,-1074.198374622967
1764847747.5231328,258.81603653356433,-722.1372824441642,-724.6822843640111,-720.992873057723
1764847747.5281327,400.0047396607697,-510.77309654839337,-505.31471256306395,-504.03753672819585
1764847747.5331328,221.1103651802987,-862.6172745297663,-866.5983980325982,-861.3157893451862
1764847747.5381327,71.05061935819685,-1069.519759778399,-1069.3084554309025,-1074.0525185246952
1764847747.5431328,251.788764516823,-734.5724497968331,-734.0806529526599,-737.8373824581504
1764847747.5481327,387.0759055139497,-506.640507097356,-503.6691565825604,-508.22622467856854
1764847747.5531328,216.42427053581923,-850.3803218747489,-852.0090483054519,-851.3115569637157
1764847747.558133,80.21711414959282,-1061.9502022680826,-1066.1706793680787,-1063.5807986487634
1764847747.5631328,285.7694955142215,-710.0723651871085,-712.8118419046514,-712.563138557598
1764847747.5681329,423.6820462802425,-502.021730652079,-499.09525893675163,-498.3828079951927
1764847747.5731328,224.8465252360329,-851.9436000562273,-852.6410913979635,-846.6292022191919
1764847747.5781329,65.7736205207184,-1053.8346193642356,-1064.4129263889045,-1059.2462546001188
1764847747.5831327,244.25286610610783,-741.7754971114919,-741.6352508631535,-745.4069399684668
1764847747.5881329,427.1339739393443,-497.47775220591575,-492.2213228181936,-492.6794605627656
1764847747.5931327,265.10280835907906,-843.8728959518485,-848.0971129518002,-843.626062554773
1764847747.5981328,105.91396674513817,-1048.1574512314983,-1047.725492786616,-1045.3674858645536
1764847747.6031327,263.3039164803922,-713.1129038510844,-711.2223844234832,-708.112657610327
1764847747.6081328,414.10042259376496,-495.2300723325461,-490.48974913870916,-493.0422308584675
1764847747.6131327,264.5792223652825,-876.899952460546,-876.3483172170818,-872.0081633185036
1764847747.6181328,136.19967658631504,-1067.6124108009972,-1070.037735922262,-1071.0830379598774
1764847747.6231327,343.52103062998503,-706.4783213296905,-706.9850777736865,-712.4210223592818
1764847747.6281328,478.88296962622553,-494.62794843968004,-494.6335582896136,-495.4170673303306
1764847747.6331327,344.5420233178884,-826.1420302619226,-830.8000756567344,-826.8825304531492
1764847747.6381328,247.21860677096993,-1008.8959814966656,-1011.3474859176204,-1010.3358429796062
1764847747.6431327,423.1547203864902,-687.2066168580204,-684.4185214410536,-684.6335656885058
1764847747.6481328,555.1507494226098,-471.0067403195426,-466.71146522043273,-468.2167749525979
1764847747.6531327,373.57112677395344,-817.5066012642346,-816.5435770256445,-815.5132345878519
1764847747.6581328,213.10697927512228,-1020.3625147608109,-1027.5075936261564,-1021.4770049476065
1764847747.6631327,379.4427697043866,-679.8053548457101,-681.0114725814201,-683.8930654972792
1764847747.6681328,512.1792989317328,-477.6749819405377,-469.1947587910108,-470.98804081976414
1764847747.6731327,326.190334235318,-826.1719494615681,-827.5463626952842,-820.3302257307805
1764847747.6781328,157.79759883042425,-1028.1976051679812,-1031.8944962741807,-1026.1930187917314
1764847747.683133,304.0015077982098,-704.784146649763,-702.4186599277891,-706.7101951269433
1764847747.6881328,429.6883256090805,-498.8390757897869,-495.40023778053,-498.0237775994465
1764847747.6931329,238.8225313704461,-847.3622226105072,-847.4837693590671,-846.0158586264588
1764847747.6981328,70.08946506958455,-1047.5740268384106,-1051.573849841021,-1050.5996059025638
1764847747.7031329,219.7303420966491,-732.4332270221785,-732.1359049757011,-731.5767899323255
1764847747.7081327,378.8369059115648,-513.9744509104639,-509.234127716627,-511.4574982402846
1764847747.7131329,181.43002665042877,-879.7086173272692,-879.2616992825642,-879.6039001285098
1764847747.7181327,25.513597497716546,-1058.9882015031762,-1064.8691941834986,-1063.1619298537262
1764847747.7231328,189.6802459526807,-734.5836694967002,-733.6767437574454,-740.784423623234
1764847747.7281327,351.8348282314837,-516.5886409794912,-508.79655942181125,-517.0037698745728
1764847747.7331328,168.87518249917775,-885.6139193573035,-884.7443926176056,-883.2652621851303
1764847747.7381327,4.069011151790619,-1075.140829411801,-1078.4151118230075,-1078.8695096676238
1764847747.7431328,199.0561751415953,-720.3383905654773,-719.1509723295458,-718.2103874906898
1764847747.7481327,338.44598639011383,-536.828979539685,-533.909987624269,-532.004508596845
1764847747.7531328,175.09837602544576,-894.8028535484336,-899.2552044456825,-893.0002217697911
1764847747.7581327,15.094236221164465,-1087.9387670601718,-1088.4866624036804,-1090.1340883341618
1764847747.7631328,202.34728710260242,-738.2749507529661,-733.9160973546095,-732.0854163262993
1764847747.7681327,364.15031878557056,-520.8371673291549,-509.9297491083853,-517.3665401702747
1764847747.7731328,191.6100343298167,-882.2704487969168,-882.7510259412229,-879.6674784277566
1764847747.7781327,34.09292799606919,-1066.3333650161512,-1071.4476782055572,-1068.1846154942177
1764847747.7831328,206.80898774974048,-739.7746506351978,-744.3952970304526,-740.7657241234556
1764847747.7881327,356.0609151814133,-539.9929349021986,-536.1015689983033,-533.5416074786335
1764847747.7931328,204.19853758066893,-874.31942149112,-873.8089251471683,-872.7486635097302
1764847747.7981327,44.897498968057334,-1046.5118952509947,-1051.633688240312,-1050.5397675032727
1764847747.8031328,217.30688692536205,-722.1223228443414,-724.5139888660051,-728.4614532692358
1764847747.808133,366.0576677629724,-534.2634081700817,-529.7100799740292,-529.7942277230322
1764847747.8131328,197.9790839543566,-874.2745426916517,-870.0316261919215,-867.1537731760181
1764847747.8181329,39.201631335541606,-1066.456781714689,-1070.580021415837,-1068.7942191869952
1764847747.8231328,227.08672530949116,-715.4914802229032,-716.880853056442,-720.7310800608248
1764847747.8281329,374.86887205857784,-530.5197683144361,-521.366363172885,-526.8958052573726
1764847747.8331327,203.7983682854101,-885.307247560937,-886.4984056968242,-886.1599447508343
1764847747.8381329,53.712443163618445,-1064.2689402406104,-1066.3576743658632,-1067.3992365035228
1764847747.8431327,226.32378571853042,-729.3328499589115,-734.3536656494252,-731.4608530336991
1764847747.8481328,387.8986835042015,-527.5315882498398,-521.8076713676564,-525.8561130696908
1764847747.8531327,221.37963797710836,-858.4547658790834,-857.9068705355749,-858.5856623775326
1764847747.8581328,64.56937273498625,-1048.2771280300803,-1051.7645847387612,-1054.9678090508096
1764847747.8631327,242.86910312250257,-722.103623344563,-719.8540735212155,-725.1703413082287
1764847747.8681328,398.1534891827032,-523.0923270024359,-521.2055474747904,-518.1444393610582
1764847747.8731327,216.51776803471148,-873.6125803994946,-872.0362125681713,-868.6048543588258
1764847747.8781328,52.25014228094369,-1060.3196058874018,-1064.7233380852267,-1062.6907024593093
1764847747.8831327,241.79201193526387,-714.0740581396967,-714.8313878807239,-714.3545506363735
1764847747.8881328,384.9591221390292,-542.8801376679912,-534.8973212125711,-539.3908110093325
1764847747.8931327,219.8836779948324,-875.658305675257,-876.0790444202721,-867.456705072429
1764847747.8981328,58.64163130521774,-1039.731456631329,-1042.7177667459473,-1039.7838152307086
1764847747.9031327,248.97635975014418,-706.5344198290259,-702.4186599277891,-707.3609377192333
1764847747.9081328,380.30294669419527,-546.7247548224404,-545.7467709840275,-545.0791988419369
1764847747.9131327,219.76026129629463,-876.3913260665722,-876.6624688133597,-874.3007219913416
1764847747.9181328,73.1075643338263,-1030.9464316354133,-1033.218420858495,-1031.709371226374
1764847747.9231327,251.96453981474042,-702.046539882198,-700.2345583536662,-703.0076941708103
1764847747.9281328,402.02802553679794,-541.1448240885511,-530.8320499607362,-534.2634081700817
1764847747.933133,237.8501573819667,-884.8771590660326,-884.1684480244294,-881.2270167092793
1764847747.9381328,73.56757202837616,-1029.697305050213,-1033.1997213587165,-1022.3222223375924
1764847747.9431329,251.44095382094383,-702.5065475767478,-701.3527884404175,-708.161276309751
1764847747.9481328,389.1141509898007,-537.5433004312217,-534.3138968194835,-540.4118036972359
1764847747.9531329,225.39629052951932,-876.3913260665722,-878.3828227929771,-871.1779055283405
1764847747.9581327,69.2180683799088,-1040.935704417061,-1040.9936728663743,-1043.1946039902978
1764847747.9631329,241.75461293570697,-710.2144813854247,-710.1864321357571,-708.0229000113904
1764847747.9681327,387.7677870057523,-545.6551434351131,-537.7396451788954,-536.8140199398622
1764847747.9731328,213.99707546457648,-893.6098254625686,-893.013311419636,-889.7016300088726
1764847747.9781327,58.85106570273638,-1041.9192981054075,-1043.4433073373511,-1043.2245231899433
1764847747.9831328,235.856790705584,-715.0875710276887,-718.4815302374773,-719.8073247717693
1764847747.9881327,400.0795376598835,-538.4595759203658,-534.5345509168692,-535.6135120540857
1764847747.9931328,233.42959563434124,-871.2826227270998,-871.8679170701653,-865.7587904925458
1764847747.9981327,67.30697950255126,-1038.2504562488757,-1044.4942192249,-1045.494642463047
1764847748.0031328,244.29026510566473,-705.6929423389956,-701.3041697409935,-706.9271093243733
1764847748.0081327,410.1585680404678,-516.8130349768326,-518.2248472101055,-516.240830283612
1764847748.0131328,234.02423972729594,-877.2402833565138,-877.1860548071563,-876.9186519603245
1764847748.0181327,68.39155048970133,-1042.4541037990712,-1048.077043382451,-1045.9471703576855
1764847748.0231328,244.12570950761437,-716.5199527107179,-715.2352970759384,-721.3893024530262
1764847748.0281327,415.0054783830419,-539.6713035060093,-532.6459014392458,-535.5761130545288
1764847748.0331328,222.92795655876398,-887.6110259336419,-885.8252237048,-883.762668879237
1764847748.0381327,75.28418610803783,-1022.4007602366619,-1027.5711719254032,-1024.9476321064867
1764847748.0431328,250.31524393428117,-684.943977384828,-688.7942043892108,-690.0190216246992
1764847748.0481327,409.1113960528746,-537.4498029323295,-529.8559360723011,-528.4329041391611
1764847748.0531328,235.1536895139143,-886.331980148796,-886.4348273975775,-885.318467260804
1764847748.058133,57.94227001350373,-1037.6408525560983,-1043.6677013346925,-1037.704430855345
1764847748.0631328,240.19507465418428,-712.563138557598,-716.0618149661459,-715.0576518280432
1764847748.0681329,407.8510497678071,-548.4338891021907,-540.7465247432701,-543.3850241620094
1764847748.0731328,234.19627512525767,-889.9559432058595,-891.4238539384678,-886.3132806490175
1764847748.0781329,73.36187753081322,-1031.7392904260196,-1037.414588608779,-1033.242730208207
1764847748.0831327,236.88152329344302,-696.7171824453399,-700.0213840561919,-702.5327268764377
1764847748.0881329,391.83305825758725,-549.3426847914234,-544.4901645989157,-544.8099260451272
1764847748.0931327,233.63903003185987,-897.8882710118778,-894.8870012974367,-890.1840771031566
1764847748.0981328,80.09369745105505,-1022.0940884402953,-1027.0924647310749,-1022.9879245297052
1764847748.1031327,246.5603843787685,-687.5955664534122,-688.9662397871725,-692.6668707933277
1764847748.1081328,409.20863345172256,-532.644031489268,-528.0944431931712,-529.6221923250705
1764847748.1131327,244.61937630176544,-881.241976309102,-879.818944375962,-871.9146658196114
1764847748.1181328,83.410988711752,-1026.716604785528,-1027.814265422523,-1022.8906871308573
1764847748.1231327,257.2602381519973,-692.988502189517,-691.3448161589913,-696.3805914493278
1764847748.1281328,393.1569828419015,-540.7633542930707,-541.2327117375098,-545.8683177325875
1764847748.1331327,239.46205426286906,-883.2615222851746,-882.9716800386086,-880.2546427207999
1764847748.1381328,80.94639464095235,-1018.4102869839408,-1019.7996598174796,-1017.2845770972781
1764847748.1431327,242.68210812471807,-707.4207761185244,-706.532549879048,-712.8211916545406
1764847748.1481328,399.144562670961,-546.2348279282451,-541.5655628335662,-543.8151126569137
1764847748.1531327,236.72444749530405,-888.6619378211908,-894.7448850991204,-886.3880786481313
1764847748.1581328,69.49856087658554,-1027.139213480521,-1031.9169356739148,-1035.3071549837478
1764847748.1631327,239.02448596805334,-688.1864706464112,-692.2610916481353,-691.5673402063549
1764847748.1681328,402.5927504301071,-559.1786216748878,-554.9095258754678,-553.3481176439673
1764847748.1731327,236.61973029654473,-886.0814068517648,-888.9779593674466,-886.5189751465805
1764847748.1781328,69.86881097219884,-1028.526716364082,-1032.373203468509,-1032.6331265154295
1764847748.183133,249.39522854518145,-697.1397911403328,-694.3404760234989,-697.330526038073
1764847748.1881328,402.05794473644346,-550.6441699760035,-552.5683485032059,-552.1064708586782
1764847748.1931329,241.5601381380111,-894.1633306560107,-885.3278170106933,-887.5175284347497
1764847748.1981328,79.19612146168947,-1029.1998983561061,-1035.2529264343902,-1030.3256082427688
1764847748.2031329,249.18205424770713,-683.7920881984755,-682.12222286826,-679.3341274512932
1764847748.2081327,406.7215999811888,-550.3150587799028,-543.6973058083095,-550.9097028728575
1764847748.2131329,225.9984144223854,-895.1955430437811,-893.8024303102866,-892.4280170765705
1764847748.2181327,68.65334348659962,-1029.020383158233,-1030.4882938908413,-1030.9913104348816
1764847748.2231328,241.9341281335801,-686.7241697637364,-688.3080173949711,-687.5170285543427
1764847748.2281327,405.8689027912915,-544.884724044241,-539.819029554259,-537.9883485259488
1764847748.2331328,232.1430700495839,-880.7520494149067,-878.4651005920023,-877.4459778540768
1764847748.2381327,56.509888330474496,-1028.7585901613347,-1030.6752888886258,-1031.9225455238484
1764847748.2431328,237.13957639038563,-699.9222767073661,-693.7495718304999,-702.8206991730258
1764847748.2481327,388.79625949356705,-555.0460322238505,-550.818075323943,-549.9934273837134
1764847748.2531328,238.79635207075626,-879.9442310244776,-883.41298823338,-875.0150428828783
1764847748.2581327,74.93637541215867,-1031.4550580293871,-1032.7883323635906,-1033.482083805371
1764847748.2631328,233.50813353341073,-706.3848238307983,-704.7710569999181,-710.5099334819242
1764847748.2681327,402.76104592811316,-548.3927502026781,-544.3218691009097,-544.6154512474313
1764847748.2731328,233.68764873128384,-905.8467781175859,-903.3316953973845,-903.7225149427541
1764847748.2781327,72.93552893586457,-1019.3340422729962,-1025.461868350394,-1025.6170741985552
1764847748.2831328,242.18096153065562,-691.5561205064878,-696.2740043005906,-695.6774902576581
1764847748.2881327,394.13309673033655,-575.0806762864813,-565.448563950602,-564.8557898076251
1764847748.2931328,236.79924549441785,-899.2570743956603,-892.8973745210096,-889.7165896086954
1764847748.2981327,89.39482864085585,-991.1464163069613,-999.4022454591468,-995.4136421564035
1764847748.3031328,250.16190803609788,-682.9880097080022,-682.0661243689246,-682.6102798124775
1764847748.308133,407.4471405725926,-556.4597144071013,-549.7185447369702,-558.5727578820661
1764847748.3131328,244.20798730663955,-892.772087872494,-893.9931652080268,-888.5534807224758
1764847748.3181329,68.35789139010012,-1008.252718704287,-1015.2706409711391,-1006.3939884263091
1764847748.3231328,229.90286997612566,-693.0221612891182,-689.4374671815895,-692.3078403975815
1764847748.3281329,397.91413558553904,-546.2310880282894,-543.5551896099932,-545.7523808339611
1764847748.3331327,217.1011924277991,-916.6027303901501,-916.7093175388873,-914.0483787204139
1764847748.3381329,70.41109646577388,-1009.1615143935196,-1013.8457390880212,-1008.7389056985267
1764847748.3431327,237.6332431845367,-682.0156357195228,-681.4079019767232,-684.8729192856699
1764847748.3481328,398.80049187503755,-566.5275250878185,-564.7978213583119,-559.8742430666462
1764847748.3531327,232.06453215051442,-913.7155276243575,-914.9889635592699,-910.5814914614893
1764847748.3581328,72.78219303768128,-1014.101922234986,-1019.4855082212016,-1021.940752542112
1764847748.3631327,256.9423466557637,-679.999829643406,-682.6383290621452,-681.5032694255933
1764847748.3681328,401.4109420441091,-559.2421999741346,-549.2211380428635,-553.4191757431254
1764847748.3731327,240.38954945188016,-896.0968589331023,-903.1933190990239,-896.7326419255696
1764847748.3781328,71.4021699540317,-1012.7667779508047,-1019.2685940237716,-1017.2060391982086
1764847748.3831327,258.59164253622293,-670.3621074575931,-668.8904568250291,-678.2570362640545
1764847748.3881328,406.7440393809229,-555.9735274128616,-551.9213458108716,-556.2128810100257
1764847748.3931327,239.60417046118528,-894.9823687463067,-893.0881094187498,-890.8796984949149
1764847748.3981328,73.78074632585049,-1000.7616990930401,-1004.7877013953403,-1005.8030842333101
1764847748.4031327,248.4490338563919,-675.5530885960907,-674.2609531613998,-676.9031924800947
1764847748.4081328,416.65477426350117,-564.7735120085999,-558.2903954354115,-557.3049317970872
1764847748.4131327,231.59143480611965,1056.422630133573,1055.265131097287,1061.9315027683042
1764847748.4181328,74.00327037321404,972.529194327537,967.0670704422519,970.5133882514201
1764847748.4231327,237.13770644040778,1263.3531646318734,1267.7269776300527,1263.3531646318734
1764847748.4281328,404.6478254557587,1383.1645996123552,1388.9894937933423,1388.7370505463332
1764847748.433133,235.78386265644804,1050.6781438016333,1048.316396979615,1054.9229302513413
1764847748.4381328,76.29956894600764,964.436050823424,960.9186749150977,957.1619454096071
1764847748.4431329,250.63874528044835,1291.387454699725,1291.7707944451831,1286.525584757328
1764847748.4481328,400.1636854088865,1393.0042763957754,1399.1732413726859,1395.9737569605932
1764847748.4531329,238.95903771882877,1043.50501568662,1044.5615374241024,1050.221876007039
1764847748.4581327,85.60444003576413,972.3459392297082,964.6847541704774,969.0099484692328
1764847748.4631329,242.10429358156398,1293.7398517718539,1295.6602903991006,1291.0172046041116
1764847748.4681327,404.82360075367615,1382.805569216609,1385.301952437032,1388.1760655529797
1764847748.4731328,254.4010846358724,1050.9997751978226,1053.9112873133272,1056.7667009294964
1764847748.4781327,60.390034534502774,954.9105256362818,951.0565587319434,955.4116722303443
1764847748.4831328,217.80990346940234,1261.0942650586367,1266.1412600488402,1263.2671469328925
1764847748.4881327,388.6821925449185,1370.4040609635413,1378.558912816923,1378.658020165749
1764847748.4931328,243.70497076259926,1056.5572665319778,1054.4236536072567,1058.266400811728
1764847748.4981327,71.92388599785045,970.8462393474765,966.7678784457967,969.5971127622761
1764847748.5031328,238.47285072458908,1289.2818910246715,1289.433356972877,1291.2976971007884
1764847748.5081327,397.26900284318253,1388.0975276539102,1396.1140032089315,1387.9254922559485
1764847748.5131328,239.7593763093464,1055.7157890419476,1054.7153658038005,1057.0920722256415
1764847748.5181327,73.59936117799953,969.8701254590414,968.0469242306426,968.0936729800887
1764847748.5231328,238.30081532662734,1277.0598979694769,1274.0997671545483,1271.076058040373
1764847748.5281327,398.3161748307757,1373.7213522242382,1378.1437839218415,1374.8769813105464
1764847748.5331328,234.62449367018417,1042.1997906020842,1041.7902715569362,1045.8162738592364
1764847748.5381327,70.74955741176382,972.8919646232389,968.2787980278954,970.5956660504453
1764847748.5431328,247.11949942214414,1298.2875701179728,1293.8800980201922,1294.4953115629032
1764847748.5481327,405.7323964429088,1377.82402247563,1383.6339570567943,1381.418066333048
1764847748.5531328,238.82440132042393,1047.0317413448356,1046.4015682023019,1048.2247694307007
1764847748.558133,69.03668323205784,974.8666317998432,969.5204448131844,969.6457314617
1764847748.5631328,233.04625588888302,1287.6288552442566,1290.143937964458,1290.8750884057954
1764847748.5681329,400.7321502021514,1384.4847842967138,1388.5481855985709,1387.4280855618417
1764847748.5731328,229.1679796348326,1036.316927971784,1035.1669087354094,1040.6851311200298
1764847748.5781329,63.49789139768109,961.4179515591823,957.5116260554641,966.197543702554
1764847748.5831327,231.53907620674,1295.1086551556364,1298.9401826602407,1297.3301557293162
1764847748.5881329,412.6923502604477,1390.210571128875,1399.5023525687866,1397.5220755422488
1764847748.5931327,242.47828357713297,1033.4409449058585,1034.0636382484809,1035.4754504817538
1764847748.5981328,72.55966899031773,965.823553706985,956.9132420625538,959.600360180717
1764847748.6031327,238.65984572237357,1295.0151576567441,1294.5607598121278,1294.2222988661379
1764847748.6081328,412.4006380639039,1388.7071313466877,1394.6704018260352,1392.3385742036626
1764847748.6131327,231.9055864023976,1040.068047627341,1037.9232150027528,1042.4952426985838
1764847748.6181328,60.48727193335071,963.9236845294945,956.6439692657441,957.3788596070372
1764847748.6231327,236.00825665378943,1293.4668390750885,1291.363145350013,1286.3498094594106
1764847748.6281328,413.53008785052225,1388.8642071448267,1391.8355576596223,1390.3713868269697
1764847748.6331327,247.5757672167383,1049.0961661203764,1046.7905177976936,1053.8009602646343
1764847748.6381328,86.7264100224711,981.9574821158312,975.9081939375028,974.8666317998432
1764847748.6431327,229.81124242721125,1294.7346651600674,1293.9474162193947,1291.7464850954711
1764847748.6481328,394.3967596772127,1363.1561348494142,1370.9033376076259,1372.120675043203
1764847748.6531327,248.12927241018042,1040.019428927917,1044.423161125742,1043.2806216892786
1764847748.6581328,72.63820688938722,978.0305871623568,972.1383747821674,972.8022070243023
1764847748.6631327,246.31542093167081,1299.503037603572,1300.4735416420735,1297.1656001312658
1764847748.6681328,390.1220540278591,1366.0433376152068,1372.6124718873762,1370.8565888581797
1764847748.6731327,241.25159639166668,1039.4621838345192,1040.6907409699634,1045.7564354599454
1764847748.6781328,72.43625229177997,981.7742270180024,978.0174975125119,979.0814990499057
1764847748.683133,254.00091534061357,1312.383253050968,1309.0528721404262,1312.3196747517213
1764847748.6881328,408.1446319143288,1373.2127258302644,1379.5948651046492,1371.5073314504698
1764847748.6931329,244.64742555143312,1041.0965201151557,1043.6153427353129,1046.2014835546724
1764847748.6981328,74.03318957285956,976.9235767754726,967.3625225387514,974.2906872066669
1764847748.7031329,235.83996115578339,1297.0384435327724,1298.4128567664884,1294.6823065606877
1764847748.7081327,404.1317192618735,1370.8004903588444,1380.537319893483,1377.5771890785545
1764847748.7131329,242.5755209759809,1036.8405139655806,1044.325923726894,1046.5829533501528
1764847748.7181327,74.14538657153025,978.3596983584575,979.6518337931484,984.2687402884476
1764847748.7231328,237.3209615382366,1284.1694477852434,1286.2581819104962,1286.4694862579927
1764847748.7281327,398.7238239259459,1359.9211213877425,1363.700290292967,1367.6477546961978
1764847748.7331328,232.24965719832107,1046.2463623541407,1042.444754049182,1045.26650856575
1764847748.7381327,54.17432080814615,979.1974359485321,973.5744963651523,974.784354000818
1764847748.7431328,230.95939171360806,1297.9285397222266,1296.0866389940493,1294.9964581569657
1764847748.7481327,392.2874561022036,1363.3094707475975,1369.8225065204315,1361.9593668635935
1764847748.7531328,238.39805272547528,1032.2703562197275,1029.4486017031595,1027.7450772733428
1764847748.7581327,70.54760281415656,978.9393828515895,975.2387518454343,974.6048388029449
1764847748.7631328,246.56225432874635,1301.2981895823032,1298.6746497633867,1295.1647536549717
1764847748.7681327,398.8397608245723,1373.1902864305303,1379.4714484061114,1376.1784664951265
1764847748.7731328,248.68651750357822,1038.0746809509583,1036.1692019235343,1042.1810911023058
1764847748.7781327,76.3893265449442,976.1643770844676,969.98419240769,973.5165279158391
1764847748.7831328,235.2827160623856,1294.6374277612194,1299.841498549562,1293.3845612760633
1764847748.7881327,397.2465634434484,1355.6725950380787,1362.3427066090517,1366.3874084111303
1764847748.7931328,247.63186571607366,1041.8631996060722,1039.8193442802876,1043.3703792882152
1764847748.7981327,79.69165820581838,988.5359661378898,984.0275167413056,983.8012527939864
1764847748.8031328,230.00197732495144,1315.0946805188432,1313.0770044927485,1310.659159171395
1764847748.808133,380.55912984116003,1361.1777277728543,1365.1027527763508,1360.9795130752027
1764847748.8131328,231.40443980833516,1021.7126186448149,1016.0148810623214,1022.8271088316105
1764847748.8181329,69.45555202709511,990.0244463202544,981.5629226705059,980.958928827662
1764847748.8231328,229.59806812973693,1309.3614138867706,1305.6757424804382,1308.1908252006397
1764847748.8281329,390.6456400216557,1348.0992976278067,1356.1905711819418,1352.220667378977
1764847748.8331327,245.18597114505246,1022.2960430379026,1025.1028379546478,1021.9257929422893
1764847748.8381329,74.42961896816269,983.46840169793,980.0894020879641,981.27308042394
1764847748.8431327,239.6883182101883,1303.4561118567362,1300.432402742561,1299.4020603047684
1764847748.8481328,408.27178851282224,1370.9201671574265,1376.9096169364639,1373.7288320241496
1764847748.8531327,246.5024159294553,1021.1404139515944,1020.8094328055158,1026.8699406837113
1764847748.8581328,82.30958817480132,993.8017452755012,987.6776590980589,987.2382208532654
1764847748.8631327,242.88219277234748,1321.6432453412563,1318.6045766272582,1319.066454271786
1764847748.8681328,403.3500801711343,1352.3702633772045,1359.807054439094,1358.6869544023648
1764847748.8731327,251.42038437118754,1014.8237229264341,1018.9170434279367,1027.584261575248
1764847748.8781328,78.31163512216881,1001.1880476879887,999.9557506525889,998.2821454224177
1764847748.8831327,233.58480148250237,1314.5336955254897,1315.3284242660739,1315.098420418799
1764847748.8881328,400.50775620481,1372.7751575354487,1372.047746994067,1379.6640532538295
1764847748.8931327,247.40373181877658,1024.23331121495,1023.8798906691372,1025.5796751989983
1764847748.8981328,75.38329345686361,993.1809218828566,987.6215605987236,992.7358737881295
1764847748.9031327,243.9518041596748,1318.2848151810467,1318.933687823359,1315.6781049119309
1764847748.9081328,397.5307958400808,1337.1825296571478,1340.4792514680885,1337.6126181520522
1764847748.9131327,236.73753714514896,1024.1659930157475,1020.7533343061805,1025.1869857036509
1764847748.9181328,74.76994986413047,998.2223070231266,994.7834690138698,996.6403293418698
1764847748.9231327,234.40757947275415,1317.3797593917698,1315.0030529699288,1311.4407982621342
1764847748.9281328,393.27104979055,1347.7477470319718,1354.7731490987353,1352.3852229770273
1764847748.933133,254.28140783729032,1028.1003677691333,1029.744053799659,1032.760283113923
1764847748.9381328,76.66607914166525,1006.9587133196183,1002.8317337185144,1007.7066933107562
1764847748.9431329,247.2803151202388,1317.7948882868513,1319.9621603111736,1320.7606289517134
1764847748.9481328,408.8851321055554,1358.974926698953,1365.2186896749772,1361.626515767537
1764847748.9531329,246.27802193211392,1019.0759891760536,1016.4861084567383,1022.1015682402067
1764847748.9581327,74.71759126475081,1000.3390903980471,998.1269395742565,997.953034226317
1764847748.9631329,229.41107313195243,1307.2184512121603,1309.4941803351976,1307.644799807109
1764847748.9681327,399.71489741420373,1351.3156115897,1351.3474007393233,1352.0673314807937
1764847748.9731328,242.912111971993,1020.1792596629821,1020.3980438103899,1022.8233689316548
1764847748.9781327,81.04924188973382,1024.5512027111836,1018.0493866382167,1019.1732265749015
1764847748.9831328,223.1654402059503,1309.3389744870365,1304.6510098925792,1302.7193515654653
1764847748.9881327,413.2196761542,1356.6300094267353,1360.2708020335995,1357.3368505183607
1764847748.9931328,250.19369718572125,1015.5941423173063,1015.2669010711834,1020.9048002543859
1764847748.9981327,81.613966783043,993.6895482768305,987.2475706031546,993.2183208824135
1764847749.0031328,238.3943128255196,1317.8173276865855,1320.7998979012482,1319.7620756635442
1764847749.0081327,406.3307804358192,1348.806138719432,1353.0340956193395,1351.9850536817685
1764847749.0131328,253.33895304845646,1015.3847079197876,1016.2766740592197,1017.8306024908088
1764847749.0181327,81.18013838818297,1001.0683708894067,997.1919645853341,1002.7999445688911
1764847749.0231328,232.11876069987193,1314.0774277308956,1319.1319025210105,1318.4231914794073
1764847749.0281327,381.5053245299496,1342.3398516960442,1349.843960957136,1344.826885166578
1764847749.0331328,246.75298922648653,1013.3913412434049,1016.4674089569598,1022.4418991361745
1764847749.0381327,82.68357817037031,1010.1750272815116,1001.4517106348649,1002.8149041687138
1764847749.0431328,245.97509003570303,1332.1486243167892,1333.7623911476694,1328.8612522557378
1764847749.0481327,404.7562825544737,1359.7528258897364,1370.020721218083,1363.6124026440084
1764847749.0531328,249.01188879972324,1011.3830149671994,1009.832826435566,1014.7115259277634
1764847749.058133,56.0442707859911,994.841437463183,986.8511412078515,989.1904486301355
1764847749.0631328,222.2753440164961,1321.8190206391737,1322.4753730813973,1316.2166505055502
1764847749.0681329,389.96497822972015,1335.5481933765113,1345.3673007101752,1343.0242533879355
1764847749.0731328,232.9826775896363,1015.0107179242186,1015.367878369987,1017.6735266926698
1764847749.0781329,62.439499710220844,1011.158620969858,1005.9956890810281,1006.1321954294108
1764847749.0831327,224.91571338521317,1329.209062951617,1323.4215677701868,1324.4219910083339
1764847749.0881329,401.7681024898775,1341.412356507033,1346.4967504967935,1348.7089013205841
1764847749.0931327,242.97943017119542,1009.0268779951148,1003.2506025135517,1007.770271610003
1764847749.0981328,57.70478636631742,999.0413451134227,998.0147425755858,998.9328880147077
1764847749.1031327,239.26196961523965,1331.0677932295948,1337.1245612078346,1332.2982203150168
1764847749.1081328,409.45359689882025,1358.357843206264,1360.734549628105,1359.2591590955853
1764847749.1131327,244.59132705209777,1017.3182361968793,1014.6311180787161,1020.3961738604121
1764847749.1181328,67.2751903529279,987.0474859555252,983.8517414433882,991.367070404347
1764847749.1231327,213.00039212638512,1315.8164812102914,1319.6405289149843,1311.998043355532
1764847749.1281328,387.421846259851,1327.3166735740378,1330.0224911919795,1331.1351114287972
1764847749.1331327,246.44631743011996,1000.4774666964076,1002.872872618027,1008.144261605572
1764847749.1381328,51.18614074354991,998.5888172187842,991.705531350337,998.2110873232596
1764847749.1431327,220.61856833612546,1315.1171199185774,1318.0473315338604,1316.0034762080759
1764847749.1481328,397.85990703618154,1332.1336647169665,1334.6936262366362,1332.5113946124911
1764847749.1531327,244.56888765236363,1004.778351645451,1001.4816298345104,1008.3013374037109
1764847749.1581328,71.84160819882527,1014.0346040357836,1010.5284478273243,1011.3044770681299
1764847749.1631327,214.6796072064899,1321.669424640946,1318.039851733949,1315.711764011532
1764847749.1681328,394.1985449795611,1337.7322949506342,1345.6365735069849,1342.3024526964873
1764847749.1731327,242.55682147620246,1013.5147579419427,1014.7358352774754,1015.4969049184583
1764847749.1781328,77.74691022885963,1021.6789595452137,1016.9012373518199,1020.1231611636467
1764847749.183133,224.88205428561196,1331.3894246257842,1330.0112714921124,1322.032194936648
1764847749.1881328,402.97609017556533,1334.8376123849303,1339.3348420816474,1336.5243072649464
1764847749.1931329,243.6152131636627,987.0175667558797,988.8819068837911,993.8017452755012
1764847749.1981328,85.63435923540965,1018.5411834823899,1018.4345963336527,1022.5840153344907
1764847749.2031329,238.7570831212215,1349.6962349088863,1351.123006741982,1344.94656196516
1764847749.2081327,406.79078813036904,1339.2394746327773,1344.5632222197019,1347.3326181368902
1764847749.2131329,253.79896074300632,1003.8246771567501,1000.1951042497531,1006.1882939287461
1764847749.2181327,70.85427461052313,1010.6686940756626,1002.6484786206856,1006.3565894267522
1764847749.2231328,225.35328168002889,1332.2421218156815,1335.7781972237863,1326.1236454881728
1764847749.2281327,406.37939913524315,1336.0605596704409,1346.5977277955972,1337.6724565513432
1764847749.2331328,247.41869141859934,1004.1687479526736,1006.8446463709697,1008.9857390956022
1764847749.2381327,79.19799141166732,1018.877774478402,1017.611818343401,1022.266123838257
1764847749.2431328,241.36753329029307,1348.6565427212045,1347.7159578823484,1347.0670852400362
1764847749.2481327,398.58918752754107,1334.0858924938366,1342.921406139154,1336.1764965690672
1764847749.2531328,245.82549403747544,994.1794751710258,992.8275013370439,1001.1581284883432
1764847749.2581327,79.17555201193318,1013.0846694470383,1012.6340115023777,1009.4681861898862
1764847749.2631328,232.3132354975678,1318.5166889782995,1318.1744881323539,1313.1387128420174
1764847749.2681327,418.9529427862726,1340.3016062201932,1338.0557962968014,1338.3830375429243
1764847749.2731328,255.3248399249278,1010.3171434798278,1007.3345732651651,1013.5820761411451
1764847749.2781327,69.276036829222,1024.6633997098543,1020.3382054110989,1024.087455116678
1764847749.2831328,225.4579988787882,1332.9040841078386,1331.9485396691598,1325.203630099073
1764847749.2881327,403.8100878656842,1322.15187173523,1329.8990744934417,1328.7191360574216
1764847749.2931328,253.81392034282908,999.3218376100995,1000.5167356459424,997.4444078323431
1764847749.2981327,70.349388116505,1015.706339315977,1014.6124185789376,1021.1628533513285
1764847749.3031328,225.7235317756422,1337.0553730586544,1340.1688397717662,1337.107731658034
1764847749.308133,385.492057882715,1315.7192438114434,1322.8194438773207,1320.1921641584486
1764847749.3131328,262.93927623471245,1007.3888018145226,1002.970110016875,1008.5593905006535
1764847749.3181329,83.79058855725452,1027.6740191741847,1016.0634997617453,1020.9384593539871
1764847749.3231328,230.2375910221599,1339.3105327319354,1342.281883246731,1337.4031837545335
1764847749.3281329,399.325947818812,1323.4870160194114,1330.8452691822313,1329.3736185496673
1764847749.3331327,251.57372026937082,998.9104486149736,1002.1959507260472,1003.3384901625104
1764847749.3381329,72.44747199164703,1023.9453389183618,1018.8721646284685,1021.5405832468532
1764847749.3431327,222.43241981463507,1329.9458232428879,1330.0935492911376,1326.9464234784245
1764847749.3481328,406.67859113169834,1324.2611753102392,1327.135288426187,1326.6135723823681
1764847749.3531327,259.74540167255327,1002.52319197217,1000.0230688517913,1005.0177052426152
1764847749.3581328,74.59043466625735,1022.0753889405169,1013.8083400884643,1014.644207728561
1764847749.3631327,235.54450905928388,1355.077950945124,1353.38938611513,1349.266146413982
1764847749.3681328,417.11665190802887,1335.1816831808537,1337.4387128041126,1339.2357347328216
1764847749.3731327,264.1173447207548,988.087178143207,988.2872627908364,994.4487479678355
1764847749.3781328,75.64134655380622,1021.1142346519046,1015.4052773695439,1016.77969060326
1764847749.3831327,237.47803733637556,1343.8358116783202,1348.9426450678147,1343.873210677877
1764847749.3881328,404.26635566027835,1324.7548421043903,1330.2169659896754,1329.0332876536995
1764847749.3931327,258.5860326862894,992.6648156889714,992.8611604366452,995.5781977544539
1764847749.3981328,69.35083482833579,1029.0353427580558,1020.5588595084846,1026.608147686813
1764847749.4031327,218.9393532560207,1339.5162272294983,1337.8949805987068,1337.8893707487732
1764847749.4081328,401.8802994885482,1318.7934415750206,1323.0961964740418,1319.4441841673106
1764847749.4131327,257.2434086021967,985.8245386700146,988.5976744871587,993.2183208824135
1764847749.4181328,76.72404759097844,1033.9439614498988,1027.343038028106,1031.492457028944
1764847749.4231327,220.79621358402073,1350.397466150578,1351.508216437418,1343.4132029833272
1764847749.4281328,402.10656343586743,1325.4485935461707,1333.9568659453653,1330.4694092366844
1764847749.433133,248.53879145532846,982.3109026616439,983.8667010432109,984.5903716846369
1764847749.4381328,75.88257010094821,1026.2883862406015,1023.2702869763598,1026.510910287965
1764847749.4431329,229.00903388671577,1342.3866004454903,1344.548262619879,1339.6321641281247
1764847749.4481328,398.710734276101,1307.6279702573083,1313.5519717871211,1314.4140187269077
1764847749.4531329,245.65158868953586,983.7545040445402,989.510210076347,992.9004293861799
1764847749.4581327,79.5214927578345,1037.9793135020882,1033.8168048514053,1036.0551349748857
1764847749.4631329,231.93737555202097,1346.9567581913434,1348.1497862772085,1338.5101941414177
1764847749.4681327,400.06457806006074,1317.1908944440074,1317.9126951354556,1316.7103172997013
1764847749.4731328,249.31295074615628,999.7986748544499,998.0147425755858,1002.2838383750059
1764847749.4781327,76.84746428951621,1032.7397136641666,1026.8344116341323,1033.1866317088716
1764847749.4831328,226.9221697114408,1361.1908174226992,1357.4995361664332,1358.5448382040486
1764847749.4881327,394.4435084266588,1311.4164889124222,1314.3597901775502,1313.8156347339973
1764847749.4931328,245.13548249565065,969.2249927166849,971.6222685882822,976.3962508817203
1764847749.4981327,71.73502105008811,1031.4531880794093,1021.6696097953245,1031.735550526064
1764847749.5031328,236.447694898583,1355.259336092975,1352.3908328269608,1351.5100863873959
1764847749.5081327,400.4871867550537,1307.7700864556246,1316.6635685502551,1310.502083373256
1764847749.5131328,248.44529395643622,982.5764355584979,985.602014622651,992.6610757890157
1764847749.5181327,60.25726808607578,1044.180067628622,1039.3518567858264,1039.6192596326582
1764847749.5231328,230.39653677027673,1354.5188359017484,1352.2487166286446,1350.979020593688
1764847749.5281327,393.20560154132545,1292.0999056412838,1295.824845997151,1298.429686316289
1764847749.5331328,249.26059214677662,991.6531727509573,991.3240615548566,995.4697406557389
1764847749.5381327,74.06123882252723,1043.8808756321669,1040.791718268767,1041.4256313112564
1764847749.5431328,239.02448596805334,1365.9704095660709,1368.8202133323066,1369.0352575797588
1764847749.5481327,392.8951898450032,1300.3613446434028,1305.6944419802167,1299.226285006851
1764847749.5531328,254.40669448580593,984.4239461366087,979.270363997668,985.3682708754204
1764847749.558133,68.19707569200546,1026.426762538962,1026.7035151356831,1028.8259083605371
1764847749.5631328,225.0297803338617,1353.112633518409,1355.102260294836,1349.5578586105257
1764847749.5681329,411.9798993188888,1323.5001056692563,1327.385861723218,1326.819266879931
1764847749.5731328,249.57474374305457,989.8767202720046,992.5507487403229,993.2145809824578
1764847749.5781329,63.013574353419244,1034.1720953471959,1030.8996828859672,1035.4642307818867
1764847749.5831327,224.6969292378053,1347.7383972820826,1346.6164272953756,1342.3398516960442
1764847749.5881329,390.1089643780142,1304.9950806885026,1311.453887911979,1304.0470160497352
1764847749.5931327,245.0045859972015,984.7231381330639,982.116427863948,989.81127202278
1764847749.5981328,66.58143891114742,1024.97942125611,1019.2162354243919,1021.8061161437072
1764847749.6031327,236.7431469950825,1359.986569636967,1365.3458462734707,1362.8307635532692
1764847749.6081328,406.76273888070136,1307.5269929585047,1308.6190437455662,1310.3375277752057
1764847749.6131327,252.85463600419462,975.5229842420667,974.5356506537646,976.4934882805683
1764847749.6181328,72.18754894472659,1044.9467471195385,1037.642722506076,1047.1439383435063
1764847749.6231327,228.19373569637537,1360.1399055351503,1359.8706327383406,1359.6294091911986
1764847749.6281328,406.84875657968223,1319.9060618118383,1325.5383511451073,1319.8106943629682
1764847749.6331327,256.1607075650245,976.6075552292168,978.4812451070175,981.912603316363
1764847749.6381328,79.17742196191102,1028.405169615522,1022.1595366895199,1026.42863248894
1764847749.6431327,218.33909931313246,1345.8385281045921,1345.756250305567,1341.2552807088941
1764847749.6481328,411.000045530498,1306.9099094658159,1316.3419371540658,1311.4744573617354
1764847749.6531327,258.92075373232365,994.1850850209594,995.4641308058053,998.1624686238356
1764847749.6581328,80.27695254888386,1059.8203292433172,1053.6382746165618,1055.1211449489929
1764847749.6631327,217.9538896176964,1355.3154345923103,1350.9958501434885,1350.616250297986
1764847749.6681328,394.2303341291845,1293.8726182202809,1299.2431145566516,1297.850001823157
1764847749.6731327,252.8995148036629,974.6590673523024,974.0158045599237,975.9960815864615
1764847749.6781328,83.83733730670065,1059.5473165465519,1051.1213219463825,1058.449655909557
1764847749.683133,230.1796225728467,1364.9643764779903,1367.271894750651,1362.3445765590295
1764847749.6881328,402.5964903300628,1302.0256001236849,1306.0422526760958,1305.471917932853
1764847749.6931329,251.7812847169116,978.8926341021433,982.2099253628403,985.5290865735151
1764847749.6981328,70.90476325992495,1030.817405086942,1026.2360276412219,1032.2217375203036
1764847749.7031329,216.7309423321858,1355.4949497901835,1354.922745096963,1349.1464696153998
1764847749.7081327,387.3750975104049,1290.9068775554188,1293.5622065239586,1292.6253615850583
1764847749.7131329,271.92812577821314,976.4355198312551,977.7706641154364,978.2437614598311
1764847749.7181327,82.5582915218547,1045.9490403076634,1041.1357890646905,1042.3793057999574
1764847749.7231328,237.51356638595462,1363.8648458910175,1363.8611059910618,1359.5022525927052
1764847749.7281327,419.13806783407927,1301.6441303282045,1308.6975816446356,1306.4929106207564
1764847749.7331328,279.2732892911881,987.9843308944255,988.0890480931848,991.7859391993843
1764847749.7381327,107.43610602710396,1064.2633303906769,1064.8729340834543,1062.6757428594865
1764847749.7431328,253.7896109931171,1374.9386896598153,1374.1383510692976,1373.4969582268968
1764847749.7481327,423.65960688050836,1309.7484935321845,1309.4941803351976,1311.3435608632863
1764847749.7531328,274.0860480526462,979.909886890091,978.8253159029409,980.2333882362582
1764847749.7581327,100.8613619050011,1069.8657005243003,1063.9080398948863,1069.7665931754746
1764847749.7631328,230.60223126783967,1367.114818952512,1362.6344188055955,1363.6722410432994
1764847749.7681327,391.23841416463256,1287.2716947984882,1292.7469083336182,1284.4312407821417
1764847749.7731328,249.35034974571317,968.4246541261673,970.6124956002459,971.7026764373295
1764847749.7781327,72.02673324663192,1051.6523877400905,1040.5074858721346,1049.0101484213956
1764847749.7831328,231.2193147605285,1376.9544957359321,1372.3768581901677,1374.2524180179462
1764847749.7881327,401.5941971419379,1301.4608752303757,1306.5845381696709,1303.2466774592176
1764847749.7931328,259.4219003263861,959.9238615268841,960.0846772249788,965.6739577087574
1764847749.7981327,72.13519034534693,1045.1711411168799,1039.0975435888395,1045.494642463047
1764847749.8031328,212.0635471874848,1355.6632452881895,1358.4232914554887,1354.7114407494664
1764847749.808133,407.6042163707316,1289.7736878688447,1297.7359348745085,1293.3022834770381
1764847749.8131328,257.4547129496932,966.2181131523103,973.4024609671906,974.3430458060466
1764847749.8181329,73.97522112354636,1063.1488402038813,1059.7455312442034,1060.2709871879779
1764847749.8231328,214.05691386386752,1363.3449997971766,1366.5426142592914,1360.7850382775068
1764847749.8281329,391.2309343647212,1290.820859856438,1293.0610599298961,1291.544530497864
1764847749.8331327,246.91193497460335,966.3826687503606,965.8441231567413,969.260521766264
1764847749.8381329,61.738268468528986,1039.2770587867126,1030.6304100891575,1034.3833996946923
1764847749.8431327,209.6587915159762,1367.3055538502522,1370.2226758156903,1372.3226296408102
1764847749.8481328,405.32287739776075,1302.0405597235076,1307.4409752595238,1303.3476547580212
1764847749.8531327,259.0441704308614,962.9793597906828,966.1433151531965,970.3263932536356
1764847749.8581328,73.87050392478704,1053.948686312884,1045.3282169150189,1050.2181361070834
1764847749.8631327,227.30737940687686,1369.2839609268121,1371.4231837014668,1370.1460078665987
1764847749.8681328,394.2527735289186,1286.452656708192,1293.158297328744,1293.5117178745568
1764847749.8731327,251.97949941456318,965.0924032656476,968.4545733258128,967.6187056857161
1764847749.8781328,73.13748353347182,1062.46443851199,1055.4072472956032,1054.4517028569244
1764847749.8831327,228.31715239491314,1377.4182433304377,1377.5865388284437,1372.9247535336763
1764847749.8881328,406.4598069842905,1288.707816381473,1291.0228144540451,1288.7134262314066
1764847749.8931327,263.1281411824748,965.9151812558994,967.1456083413213,970.1019992562942
1764847749.8981328,62.561046458780766,1053.7916105147451,1048.4772126777098,1046.7512488481589
1764847749.9031327,219.767741096206,1377.246207932476,1378.2672006203793,1372.2141725420952
1764847749.9081328,402.58527063019574,1285.6859772172756,1292.2420218396,1289.2893708245829
1764847749.9131327,254.51141168456525,959.0674244370311,956.5205525672063,959.985569876153
1764847749.9181328,81.5933973332867,1060.317735937424,1054.6405678046867,1059.751141094137
1764847749.9231327,217.89405121840537,1383.974287952762,1384.4305557473563,1386.3809135742486
1764847749.9281328,398.38536297995597,1285.7196363168769,1293.3490322264843,1292.3785281879827
1764847749.933133,259.73231202270836,950.9069627337158,949.3923032516614,950.5647618877701
1764847749.9381328,81.66071553248912,1069.1065008332953,1068.1715258443728,1069.4449617792852
1764847749.9431329,218.83276610728353,1406.6343417842872,1404.8691090052016,1403.5694937705994
1764847749.9481328,399.9336815616116,1286.6845305054449,1295.0544266062789,1292.217712489888
1764847749.9531329,250.73785262927413,909.2332575274631,909.8092021206394,914.2914722175337
1764847749.9581327,67.10876480489969,1040.6271626707166,1036.3337575215846,1038.9722569403239
1764847749.9631329,217.63599812146276,1380.3428450957872,1380.7168350913562,1378.4373660683632
1764847749.9681327,389.43578238599,1277.0991669190116,1287.5334877953865,1286.3161503598094
1764847749.9731328,239.5929507613182,955.548178578727,951.7297407239676,958.9458776884712
1764847749.9781327,65.03686022944748,1073.2316104844213,1070.280829419382,1069.4038228797726
1764847749.9831328,228.93049598764628,1388.2153345025145,1386.1434299270622,1383.4637916088104
1764847749.9881327,413.51325830072165,1294.0558733181097,1299.6058848523535,1296.8551884349436
1764847749.9931328,262.7130122873932,973.903607561253,973.2902639685199,973.9540962106548
1764847749.9981327,78.87075016554445,1080.808647794649,1074.9070856645703,1078.9891864662059
1764847750.0031328,219.97343559376895,1378.016627323348,1377.1302710338496,1378.0820755725726
1764847750.0081327,398.7817923752591,1277.806008010637,1285.5289014191367,1284.69303377904
1764847750.0131328,264.8671946618706,941.7404679423198,943.546839620918,945.598174746614
1764847750.0181327,81.45876093488187,1061.765077220276,1059.7829302437603,1064.4409756385721
1764847750.0231328,224.26684074290097,1395.639035914559,1398.5860770796426,1391.934665008448
1764847750.0281327,397.962754284963,1286.4937956077047,1289.6951499697752,1293.2162657780573
1764847750.0331328,257.6080488478765,955.6865548770875,963.8133574808016,962.5212220461108
1764847750.0381327,77.24015378486365,1078.0373819274828,1068.2874627429992,1072.4368817438371
1764847750.0431328,212.22810278553516,1380.6270774924196,1377.4070236305706,1376.5599362906069
1764847750.0481327,401.65029564127326,1284.3994516325183,1287.7504019928165,1285.392395070754
1764847750.0531328,255.73061907012016,944.4406757103279,950.7498869355768,951.350140878465
1764847750.058133,74.68580211512744,1061.5406832229346,1059.498697847128,1060.233588188421
1764847750.0631328,239.99312005657703,1402.6064695320092,1406.4024679870345,1400.775788503699
1764847750.0681329,398.4152821796015,1282.3013677573763,1282.3948652562685,1282.508932204917
1764847750.0731328,248.24707925878465,956.0605448726565,951.4679477270693,956.8552736132406
1764847750.0781329,69.2928663790226,1075.4493711581454,1067.3524877540767,1075.7055543051101
1764847750.0831327,213.64926476869732,1380.0137338996865,1385.990094028879,1380.0530028492212
1764847750.0881329,386.6607766188681,1263.0109637859277,1271.436958386097,1272.5682781226933
1764847750.0931327,255.83159636892378,944.982961203903,944.0928650144488,944.9661316541024
1764847750.0981328,74.54742581676692,1072.883799788542,1070.5388825163245,1065.1852157297544
1764847750.1031327,218.09226591605693,1389.595357586164,1389.7860924839042,1386.0929412776604
1764847750.1081328,392.19956845324486,1282.798774451483,1286.9575432022102,1285.4709329698235
1764847750.1131327,251.4484336208552,941.0448465505615,940.0275937626138,944.5323032592423
1764847750.1181328,61.58119267039001,1068.8484477363527,1057.0341037763283,1059.642683995422
1764847750.1231327,212.75916857924312,1388.933395294007,1386.012533428613,1382.7644303170964
1764847750.1281328,395.0867712190375,1260.2770969183184,1266.5825682436116,1263.7832531267777
1764847750.1331327,249.858976139687,926.047847728245,926.1413452271372,932.777797698509
1764847750.1381328,76.03964589908719,1074.417158770375,1070.1387132210657,1072.8071318394504
1764847750.1431327,209.57277381699532,1381.9584818766452,1383.9593283529393,1380.7635838408023
1764847750.1481328,394.6978216236457,1269.121960313525,1278.8419602983631,1276.0164658818394
1764847750.1531327,255.32296997494996,944.029286715202,944.3957969108596,944.5771820587106
1764847750.1581328,65.70630232151598,1070.4453850174323,1064.0389363933355,1069.1869086823426
1764847750.1631327,216.764601431787,1398.97876657499,1400.8262771531008,1399.219990122132
1764847750.1681328,414.29489739146084,1297.4442226779647,1305.978674376849,1302.977404662408
1764847750.1731327,269.36255440860987,942.6156045319512,943.5991982202977,945.2653236505575
1764847750.1781328,87.1546285673976,1079.9110718052834,1070.9876705110073,1075.9785670018755
1764847750.183133,221.5142743755132,1395.5193591159768,1395.1266696206294,1392.286215604283
1764847750.1881328,408.1876407638192,1269.7652231059037,1265.662552854512,1267.7886859793216
1764847750.1931329,274.63207344617695,946.7706333827227,948.1656160661951,949.0276630059816
1764847750.1981328,68.02878019399941,1073.934711676091,1064.1810525916517,1067.5712719014846
1764847750.2031329,217.53502082265913,1391.8355576596223,1396.1476623085327,1396.8526334501803
1764847750.2081327,398.6695953765884,1268.833988016937,1272.921698668506,1271.1284166397527
1764847750.2131329,266.41177334357053,949.1529496544972,956.6252697659656,958.4372512944974
1764847750.2181327,72.42690254189074,1086.164184531197,1083.643491961062,1084.3746424023993
1764847750.2231328,217.67713702097535,1402.8794822287746,1404.431540710386,1402.3353267852217
1764847750.2281327,418.43870654236525,1293.1321180290543,1292.2719410392456,1296.4363196399063
1764847750.2331328,246.73989957664162,913.0741347819567,912.1728188926354,915.880929698702
1764847750.2381327,73.99018072336912,1057.63996756915,1056.4880783827975,1058.3187594111077
1764847750.2431328,210.81816050224006,1397.834357188549,1394.3188512302004,1389.522429537028
1764847750.2481327,405.7454860927537,1279.5974200894125,1281.5720872660168,1282.6398287033662
1764847750.2531328,270.99315078929067,953.6445695012808,953.2219608062878,958.5943270926364
1764847750.2581327,80.7780991429463,1097.3090863991529,1098.3487785868347,1095.4709255709313
1764847750.2631328,214.72261605598032,1378.450455718208,1383.8471313542686,1375.1761733070016
1764847750.2681327,421.99909130018204,1274.1259464542381,1283.8683858388104,1277.6059233630076
1764847750.2731328,281.99967635888606,948.4872474623844,946.1423301901668,954.5851543401368
1764847750.2781327,76.24160049669445,1077.8915258292109,1070.8979129120708,1073.8767432267778
1764847750.2831328,230.2918195715174,1391.899135958869,1395.493179816287,1389.6645457353443
1764847750.2881327,403.6399224177003,1265.576535155531,1270.8909329925664,1271.0573585405946
1764847750.2931328,272.85188106726855,942.1144579378888,942.679182831198,946.9557584305294
1764847750.2981327,87.98488635756075,1087.3796520167962,1080.8423068942502,1089.7077397392131
1764847750.3031328,225.5159673281014,1407.6366349724121,1403.1973737250082,1405.9555499423295
1764847750.308133,402.28607863374054,1275.0833608428948,1277.7873085108586,1276.6298094745725
1764847750.3131328,274.2805228503421,930.6030458742753,933.1499177441001,932.1868935055099
1764847750.3181329,82.04966512788087,1063.9267393946648,1057.049063376151,1061.0713257784955
1764847750.3231328,203.85446678474545,1407.7376122712158,1400.8412367529236,1400.6972506046295
1764847750.3281329,408.0193452658132,1281.0073623727076,1287.1108791003935,1284.281644783914
1764847750.3331327,275.26411653868854,945.6224840963259,940.2557276599109,949.7083247979172
1764847750.3381329,83.0743977157399,1088.913010998629,1080.7076704958454,1085.6910871868022
1764847750.3431327,220.30628668982536,1400.7664387538098,1401.0506711504422,1396.4487242549658
1764847750.3481328,415.0877561820671,1262.9810445862822,1269.2266775122844,1264.7705867150798
1764847750.3531327,283.6564520392567,938.5241539804265,941.5235537448898,941.3234690972604
1764847750.3581328,92.66724110208452,1085.4423838397488,1085.6854773368686,1081.6856543342583
1764847750.3631327,220.27636749017984,1382.7064618677832,1378.547693117056,1370.8827681578696
1764847750.3681328,443.0360285509378,1278.699844100047,1284.3844920326956,1280.242552831769
1764847750.3731327,319.701607812196,944.3284787116572,943.7787134181708,947.9991905181669
1764847750.3781328,150.98724101111293,1112.1377897234634,1109.1346500590444,1115.8720798292197
1764847750.3831327,287.18691759742796,1420.7674237168394,1420.8123025163077,1422.8486780421808
1764847750.3881328,483.3110111737624,1268.5460157203488,1278.830740598496,1273.114303516224
1764847750.3931327,362.5870406040922,950.7311874357983,946.5200600856915,954.6225533396937
1764847750.3981328,185.06520940735936,1123.8698558844626,1116.195581175387,1121.5268085622229
1764847750.4031327,329.3094107983634,1437.2080239220522,1435.293195144739,1435.6653151903301
1764847750.4081328,520.05178833846,1297.2086089807563,1301.6179510285147,1299.6376740019768
1764847750.4131327,377.5765596264973,974.1467010583729,976.11014853511,980.4016837342642
1764847750.4181328,169.98593278601766,1119.2735188389197,1110.6754888407886,1111.5936342799105
1764847750.4231327,318.8059017728083,-517.3197914208286,-517.2861323212273,-518.2603762596846
1764847750.4281328,466.48333132313564,-688.1621612966992,-681.2994448780082,-683.3844391033053
1764847750.433133,332.09002641541883,-1015.7156890658662,-1010.6967433253303,-1005.8554428326897
1764847750.4381328,128.1158828320913,-844.3908720957115,-851.971649305895,-848.6524880952202
1764847750.4431329,258.8066867836751,-536.7710110903718,-537.563869880978,-537.853712127544
1764847750.4481328,411.6863171723671,-709.2664167466573,-704.2960897055455,-702.9515956714749
1764847750.4531329,243.40203886618838,-1028.6632227124646,-1035.159428935498,-1032.1394597212784
1764847750.4581327,54.15188140841201,-865.166016349569,-863.2324880724773,-866.009363789577
1764847750.4631329,193.9269023523666,-555.908079163637,-553.7389371893369,-559.9415612658486
1764847750.4681327,377.0548435826786,-717.8532270449214,-715.2091177762486,-720.6749815614894
1764847750.4731328,236.4981835479848,-1038.5702176950872,-1037.149055711925,-1033.7700561019592
1764847750.4781327,34.977414335589856,-864.6125111561269,-870.858144082129,-867.5315030715428
1764847750.4831328,185.52334715193138,-535.6789603033103,-535.0095182112418,-536.6120653422549
1764847750.4881327,367.5629774951376,-707.7106183650903,-699.8530885581858,-705.2927730437368
1764847750.4931328,222.57453601295128,-1055.0743961995468,-1054.3338960083202,-1052.8211064762436
1764847750.4981327,26.39808383723721,-888.6862471709028,-889.2921109637246,-891.7174360849895
1764847750.5031328,170.71334332739934,-563.6421922720037,-566.2002838416956,-568.5321114640683
1764847750.5081327,362.54403175460175,-720.8152278098278,-714.3639003862627,-713.8795833420008
1764847750.5131328,231.3558211089112,-1042.8112642448395,-1047.2879244918004,-1037.184584761504
1764847750.5181327,36.2938591199927,-860.18446960859,-862.3835307825357,-858.2939501809888
1764847750.5231328,169.5090955416672,-559.0982138258405,-559.2926886235364,-557.8808763902634
1764847750.5281327,347.16556313680485,-736.7098026215099,-729.2861012094654,-735.9038541810587
1764847750.5331328,226.980138160754,-1069.0915412334725,-1068.4744577407837,-1066.3184054163285
1764847750.5381327,35.770273126196116,-878.5137192914262,-881.4869397561997,-880.0863472227938
1764847750.5431328,190.9200227879919,-543.738444707822,-540.5146509460174,-539.734881805256
1764847750.5481327,366.9047551029362,-720.0335887190886,-716.4133655619808,-718.3450238890946
1764847750.5531328,233.03877608897164,-1057.6624069688842,-1061.6977590210736,-1054.287147258874
1764847750.558133,39.33813768392429,-870.9815607806668,-873.2591598536819,-873.2535500037484
1764847750.5631328,184.1395841683261,-535.7836775020696,-534.4186140182428,-539.6526040062308
1764847750.5681329,379.50821795361117,-715.0520419781096,-710.2687099347822,-717.4624074995518
1764847750.5731328,236.25509005086496,-1066.215558167547,-1068.7063315380365,-1062.7281014588661
1764847750.5781329,47.891288882587105,-871.0600986797363,-880.0433383733034,-877.9695638478734
1764847750.5831327,182.42297008866444,-559.7601761179976,-557.1497259489261,-560.4688871596009
1764847750.5881329,387.79583625542,-714.8538272804581,-712.6921651060693,-709.1673093978316
1764847750.5931327,238.15869912831113,-1053.0286709237844,-1046.532464700751,-1046.5418144506402
1764847750.5981328,50.46807995205745,-871.0675784796476,-872.1521494667977,-870.1082941410132
1764847750.6031327,193.50803355732933,-550.4777444279753,-540.5483100456186,-548.056159206666
1764847750.6081328,374.5229313126765,-732.4500565719791,-728.5643005180173,-727.3320034826174
1764847750.6131327,251.74575566733256,-1047.7853311859071,-1045.7583054099232,-1041.5303485100158
1764847750.6181328,54.23789910739288,-864.6237308559939,-874.452187939547,-866.9069397789426
1764847750.6231327,191.739060878288,-546.188079178799,-549.3408148414455,-550.8760437732562
1764847750.6281328,383.1209613108076,-723.6799911758862,-720.4187984145246,-724.6467553144321
1764847750.6331327,237.19006503978744,-1064.0838151928037,-1059.8988671423867,-1063.6032380484976
1764847750.6381328,60.311496635433286,-866.6208374323323,-868.6964819077402,-868.0700486651622
1764847750.6431327,196.08856452675536,-535.4321269062348,-534.5906494162045,-536.0735197486356
1764847750.6481328,392.0144434054382,-715.6766052707098,-711.4916572202928,-711.429948871024
1764847750.6531327,265.2505344073288,-1046.5175051009282,-1049.2999906679615,-1043.5237151863985
1764847750.6581328,57.196159972343594,-858.9690021229908,-865.7457008427009,-858.5744426776655
1764847750.6631327,213.13502852478996,-529.7886178730987,-522.7164670568891,-523.9375443924218
1764847750.6681328,382.84794861404225,-743.6173978396691,-740.277667179238,-743.402353592217
1764847750.6731327,267.4383758814074,-1055.927093389444,-1048.3388363793492,-1052.1703638839535
1764847750.6781328,78.66692561795935,-842.9510106127709,-848.702976744622,-844.5572976437397
1764847750.683133,202.61468994943425,-535.5705032045953,-533.4499799297191,-538.3585986215621
1764847750.6881328,388.17730605090037,-730.5501873944886,-725.2956279567443,-730.8849084405228
1764847750.6931329,260.78883376019076,-1057.3856543721631,-1062.5915951104835,-1053.9954350623302
1764847750.6981328,64.825555881951,-846.8966050660238,-855.4647158645093,-852.5345042492263
1764847750.7031329,210.03091156156734,-531.7333658500575,-532.1821538447402,-536.3053935458884
1764847750.7081327,388.21844495041296,-728.1716110226698,-720.5422151130624,-724.044631421566
1764847750.7131329,268.45562866935506,-1064.1324338922277,-1064.3007293902338,-1061.7594673703425
1764847750.7181327,66.72542505944148,-850.692603521049,-851.0142349172384,-850.2120263767429
1764847750.7231328,199.91448218142614,-530.1439083688892,-529.5829233755358,-531.907271197997
1764847750.7281327,406.8730659293942,-700.7282251478173,-696.704092795495,-702.3195525789633
1764847750.7331328,261.7088491492905,-1063.5116104995832,-1064.8804138833657,-1056.43384983344
1764847750.7381327,61.84485561726615,-859.8291791127995,-862.8510182769969,-862.2171052345075
1764847750.7431328,203.40380884008482,-528.771365085151,-525.8542431197129,-530.7927810112014
1764847750.7481327,397.2054245439358,-725.0413147597574,-717.7821689457633,-719.5417918749154
1764847750.7531328,271.4886875334196,-1052.0301176356152,-1047.8077705856413,-1053.4007909693755
1764847750.7581327,72.16697949497029,-850.10169932805,-855.5395138636231,-852.5083249495365
1764847750.7631328,213.8605691161938,-528.6666478863917,-529.0967363812961,-529.3977983277291
1764847750.7681327,392.3173753018491,-727.5881866295822,-726.3427999443375,-724.7851316127926
1764847750.7731328,264.4464559168555,-1062.1577667156234,-1064.5326031874865,-1058.5169741087593
1764847750.7781327,82.71349737001583,-849.9857624294236,-851.4555431120098,-851.0086250673048
1764847750.7831328,215.8202766929753,-525.5288718235679,-526.7331196093,-523.5635543968529
1764847750.7881327,409.9472636929713,-705.6050546900369,-703.2863167175092,-701.29855989106
1764847750.7931328,274.17393570160493,-1055.579282693565,-1057.8905408661813,-1049.6347117139958
1764847750.7981327,66.272897164803,-857.6600371384993,-863.2100486727431,-861.3756277444772
1764847750.8031328,204.0059327329509,-535.3760284068994,-531.2172596561722,-536.2567748464644
1764847750.808133,409.2179832016118,-713.8440542924218,-714.1095871892758,-707.8508646134287
1764847750.8131328,272.83505151746795,-1062.3971203127876,-1059.5323569467291,-1060.330825587269
1764847750.8181329,66.7179452595301,-838.354673567228,-842.6592984162271,-844.3291637464426
1764847750.8231328,200.94295466924086,-523.718760245014,-520.7791988798417,-522.5014228094369
1764847750.8281329,394.8006688724272,-739.4436694891192,-739.3688714900054,-739.8569284342229
1764847750.8331327,271.8140588295646,-1083.3592595644295,-1082.087693579495,-1076.3301175977103
1764847750.8381329,80.1329664005898,-835.9274784959853,-844.469409994781,-838.1845081192441
1764847750.8431327,219.18992655305192,-507.9326425320469,-507.8204455333762,-511.3527810415253
1764847750.8481328,417.20266960700974,-718.3693332388066,-712.2545968112536,-718.0196525929496
1764847750.8531327,271.9673947277479,-1081.2275165896863,-1080.9881629925221,-1077.3286708858795
1764847750.8581328,81.41201218543574,-841.888879025355,-847.4201910598204,-841.6925342776813
1764847750.8631327,213.06771032558754,-519.2832388975658,-521.1831080750562,-519.8012150414288
1764847750.8681328,408.44756381073967,-735.5392139353789,-723.9791831723414,-727.1562281847
1764847750.8731327,291.7851245929487,-1047.0971895940602,-1047.0298713948578,-1043.0300483922474
1764847750.8781328,78.93245851481333,-845.0715338876471,-848.0858932519332,-846.4160279217176
1764847750.8831327,217.3424159749411,-518.3370442087762,-513.4153358670883,-517.2356436718255
1764847750.8881328,403.33512057131156,-724.4167514671572,-717.5353355486877,-724.5308184158057
1764847750.8931327,278.60945704905316,-1065.347901377827,-1063.694865597412,-1063.5920183486305
1764847750.8981328,75.81712185172364,-842.0534346234053,-848.4299640478566,-842.1488020722754
1764847750.9031327,214.33553641056642,-505.1800761646591,-502.83141899248585,-505.73919120803475
1764847750.9081328,401.9438777877949,-731.8928114785813,-723.5416148775257,-723.9698334224522
1764847750.9131327,278.2167675537057,-1070.3070087190717,-1064.3007293902338,-1063.7827532463707
1764847750.9181328,86.01208913093433,-845.9354507774115,-847.8390598548576,-843.8242772524245
1764847750.9231327,209.91497466294095,-513.4938737661578,-519.0887640998699,-519.8086948413402
1764847750.9281328,387.156313362997,-743.1050315457396,-739.7989599849097,-742.28038360551
1764847750.933133,282.1062635076232,-1059.4052003482357,-1057.8868009662256,-1057.9148502158932
1764847750.9381328,81.03428228991106,-839.5065627535805,-844.9929959885776,-841.9356277748011
1764847750.9431329,210.01595196174458,-514.7953589507379,-513.104924170766,-518.2154974602163
1764847750.9481328,396.77533604903147,-735.0530269411393,-727.5246083303355,-729.8975748522207
1764847750.9531329,262.8195994361304,-1076.8967124409974,-1080.00082940422,-1071.1765354587696
1764847750.9581327,68.99928423250094,-826.5552892070264,-835.931218395941,-832.0809913915582
1764847750.9631329,202.75680614775047,-498.0406071492471,-496.3314728694968,-498.84655558969826
1764847750.9681327,385.432219483424,-739.578305887524,-740.531980376225,-742.0821689078584
1764847750.9731328,272.53585952101275,-1079.5333419097587,-1077.2108640372753,-1074.6957813170739
1764847750.9781327,79.57198140723631,-838.2798755681142,-846.0326881762594,-839.5159125034697
1764847750.9831328,208.43023438053206,-497.969549050089,-497.68905655341223,-499.81518967822194
1764847750.9881327,395.59726756298915,-740.0757125816308,-734.8136733439751,-738.2861704528332
1764847750.9931328,268.0292800744064,-1097.32030609902,-1100.080352266319,-1092.6585208042525
1764847750.9981327,73.77513647591695,-832.4605912370607,-839.5439617531374,-838.7641926123761
1764847751.0031328,214.64968800684437,-497.5805994546972,-499.97413542633876,-497.24961830861866
1764847751.0081327,403.028448774945,-738.8228460964747,-724.9665167606436,-729.9050546521321
1764847751.0131328,271.79161942983046,-1089.6834303895012,-1086.1193057317287,-1082.014765530359
1764847751.0181327,85.63809913536534,-835.2131576044485,-838.5528882648796,-839.0559048089199
1764847751.0231328,210.03839136147872,-500.64357751840726,-501.57107270741835,-502.0628695515916
1764847751.0281327,401.6484256912954,-738.1571439043619,-735.4980750358663,-737.5194909619167
1764847751.0331328,268.119037673343,-1089.6647308897227,-1087.7274627126753,-1084.6027762996964
1764847751.0381327,70.7570372116752,-831.7350506456569,-837.7749890740961,-835.0878709559329
1764847751.0431328,194.80951874190941,-504.64153057103977,-506.54513964848593,-508.66379297338426
1764847751.0481327,385.4247396835126,-729.5104952068068,-725.2956279567443,-731.5693101324141
1764847751.0531328,266.35380489425734,-1077.3754196353257,-1077.4763969341293,-1076.1880013993941
1764847751.058133,76.52396294334903,-843.5680941054597,-849.2490021381527,-844.8041310408153
1764847751.0631328,208.49381267977878,-508.43004922615364,-510.68146899947897,-510.608540950343
1764847751.0681329,402.19445108482614,-730.292134297546,-730.9129576901905,-729.2206529602408
1764847751.0731328,279.8211846346967,-1073.7140575787053,-1075.3296943595633,-1070.0957043715753
1764847751.0781329,79.52336270781234,-839.4803834538907,-846.9227843657136,-847.0480710142292
1764847751.0831327,210.22164645930752,-509.5482793129049,-506.05147285433486,-510.2083716550842
1764847751.0881329,399.5802610157989,-745.6294640158303,-744.2756202318706,-749.5320496195927
1764847751.0931327,284.9747667736374,-1084.2717951536179,-1077.5474550332874,-1072.463061043527
1764847751.0981328,71.79672939935699,-831.4096793495119,-834.6185135114938,-834.459567763377
1764847751.1031327,203.62446293747053,-497.04953366098925,-501.31301961047575,-500.1368210744113
1764847751.1081328,390.55214252276346,-746.8524113013409,-743.05267294636,-743.2714570937678
1764847751.1131327,261.0356671572663,-1087.7125031128526,-1087.5928263142705,-1087.9948655595072
1764847751.1181328,61.74013841850683,-839.1138732582331,-841.0960202347487,-837.6758817252703
1764847751.1231327,208.34795658150688,-491.5556206260808,-489.3677791520022,-491.7931042732671
1764847751.1281328,396.0684949574061,-739.6344043868594,-732.8165667676367,-737.770064258948
1764847751.1331327,261.74998804880306,-1091.1120721725747,-1086.5568740265444,-1083.5630841120146
1764847751.1381328,76.85307413944975,-833.5002834247425,-836.8400140851736,-833.0458855801262
1764847751.1431327,207.21476689493284,-497.98076874995604,-504.7051088702865,-504.66210002079606
1764847751.1481328,397.1680255443789,-732.5659934706055,-725.8753124498762,-729.6470015551895
1764847751.1531327,283.02627889672294,-1077.4838767340407,-1074.271302672103,-1071.6328032533638
1764847751.1581328,69.26481712935492,-841.1782980337739,-847.7642618557438,-844.2655854471959
1764847751.1631327,207.2297264947556,-502.7341815936379,-502.1432774006389,-503.8393220305443
1764847751.1681328,402.6133198798634,-748.950495176483,-743.161130045075,-749.4909107200801
1764847751.1731327,275.7035547834821,-1084.066100656055,-1083.1797443665564,-1081.195727440063
1764847751.1781328,80.73135039350018,-814.9765589442104,-821.6223611654714,-817.237328467425
1764847751.183133,197.83883770601824,-495.90886417450383,-495.9238237743266,-499.62071488052607
1764847751.1881328,385.82116907881573,-765.3836155817844,-756.7182673844509,-763.1639849580824
1764847751.1931329,269.2297879601829,-1102.7693403344601,-1100.5927185602486,-1100.3926339126192
1764847751.1981328,63.09772210242227,-838.3696331670508,-842.0833538230509,-841.8009913763963
1764847751.2031329,189.1136511093937,-502.2592142992653,-503.28768678708,-500.8287025662139
1764847751.2081327,379.55683665303513,-754.4556279112585,-748.7784597785212,-748.0435694372281
1764847751.2131329,267.6702496786602,-1087.23753581848,-1083.8903253581375,-1080.7431995454244
1764847751.2181327,87.05552121857181,-808.2746582236141,-812.0706566786394,-806.3729190961458
1764847751.2231328,202.2967984532006,-479.6215998674743,-483.0697876266204,-483.46808697190136
1764847751.2281327,395.5299493637867,-739.204315891955,-736.0740196290426,-735.3054701881483
1764847751.2331328,277.06487836735323,-1082.738436171785,-1084.1558582549915,-1079.0527647654526
1764847751.2381327,79.66173900617287,-832.8009221330285,-837.8385673733428,-834.519406162668
1764847751.2431328,211.32117704628035,-497.5207610554062,-500.35560522181913,-503.26337743736804
1764847751.2481327,397.07826794544235,-760.3010915420018,-761.2435463308357,-761.6717648757622
1764847751.2531328,266.08453209744766,-1110.2940190453082,-1103.7342345230281,-1104.6486400621943
1764847751.2581327,70.91037310985848,-826.1065012123436,-830.8636539559811,-826.2916262601502
1764847751.2631328,210.13936866028234,-484.5807072087191,-483.82150751771405,-483.0529580768198
1764847751.2681327,388.3904803483747,-763.4388676048256,-756.5911107859574,-762.8161742622033
1764847751.2731328,278.90490914555266,-1084.7131033483893,-1083.583653561771,-1084.1278090053238
1764847751.2781327,77.51503643160686,-809.2806913116947,-810.8364896932617,-815.4608759884723
1764847751.2831328,201.28702546516433,-499.2224155352451,-497.6965363533236,-503.3793143359944
1764847751.2881327,396.214351055678,-767.5938964555971,-763.0947968089022,-764.6337656406686
1764847751.2931328,274.1103574023582,-1093.4532495448366,-1093.6626839423552,-1090.2462853328325
1764847751.2981327,75.56280865473673,-819.311102992855,-821.4914646670222,-814.4959817999043
1764847751.3031328,205.43831441598013,-485.7737352945842,-491.5144817265682,-488.9059015074745
1764847751.308133,401.8316807891242,-755.6000372976996,-747.5181134934537,-752.471610984765
1764847751.3131328,270.4452554457821,-1102.5449463371187,-1101.4267162503675,-1096.667693556752
1764847751.3181329,77.74317032890394,-818.2489714054391,-822.9911645492539,-814.3501257016324
1764847751.3231328,207.53265839116648,-480.88942595245317,-484.75274260668084,-484.4068018607795
1764847751.3281329,402.45624408172444,-749.8106721662916,-744.8328653252684,-748.3913801331073
1764847751.3331327,281.1974678183906,-1117.3549501616508,-1114.325631197542,-1113.276589259971
1764847751.3381329,78.66692561795935,-819.7299717878923,-822.7705104518682,-819.335412342567
1764847751.3431327,211.1977603477426,-477.1009072973393,-475.66852561431006,-472.7345740990713
1764847751.3481328,392.306155601982,-753.0830846275203,-746.1044313102029,-748.8102489281446
1764847751.3531327,256.00550171686336,-1096.0113411145285,-1092.7875473527238,-1093.6869932920672
1764847751.3581328,86.30006142752245,-816.3154431283474,-820.9416993735358,-821.7738271136768
1764847751.3631327,211.94574033888057,-480.6538122552447,-485.2501493007876,-484.92290805466473
1764847751.3681328,423.91205012751743,-755.065231604036,-747.1329037980177,-753.5786213716492
1764847751.3731327,280.8496571225114,-1114.239613498561,-1112.709994416684,-1108.6989517142065
1764847751.3781328,93.94441693695262,-811.8051237817854,-816.7268321234733,-816.3696716777049
1764847751.3831327,226.5687491656281,-470.26811007829383,-471.0908880685456,-469.9184294324368
1764847751.3881328,428.7402609703131,-741.5492331641726,-739.5483866878785,-739.6736733363941
1764847751.3931327,282.5999303017743,-1127.4638997418806,-1125.335896667093,-1122.2224299539812
1764847751.3981328,83.74570975778624,-827.9203526908532,-830.1979517638683,-826.7553738546558
1764847751.4031327,193.19388196105137,-483.85516661731526,-477.7666094894521,-484.69477415736765
1764847751.4081328,415.8039470235817,-729.966763001401,-720.8900258089416,-722.7842851364985
1764847751.4131327,269.6710961549543,-1108.8541575623676,-1107.2198212817311,-1105.725731249433
1764847751.4181328,64.21969208912924,-828.152226488106,-835.1196601055562,-836.1462626433931
1764847751.4231327,197.16939561394975,-487.1126194787212,-493.60134590184316,-492.9375136597082
1764847751.4281328,394.61180392466486,-756.9950199811719,-755.6823150967248,-759.104323556181
1764847751.433133,267.4252862315625,-1102.227054840885,-1097.9074703920633,-1094.1900098361075
1764847751.4381328,73.58253162819892,-815.2495716409758,-817.3439156161621,-817.4074939154088
1764847751.4431329,189.6054479535669,-484.5433082091622,-489.9175444454886,-487.6175059727393
1764847751.4481328,397.637382988818,-754.5042466106825,-751.4898872463964,-753.4458549232222
1764847751.4531329,267.17471293453127,-1117.9009755551815,-1122.7890247972682,-1115.0399520890787
1764847751.4581327,58.136744811199605,-832.0342426421121,-838.4332114662975,-832.4007528377697
1764847751.4631329,173.24712554737926,-487.07896037911996,-481.3195144473575,-491.2526887296699
1764847751.4681327,381.50345457997173,-769.9163743280806,-764.4748198925517,-767.1787675605156
1764847751.4731328,296.67878368496895,-1105.256373804994,-1103.8875704212114,-1100.9816681556404
1764847751.4781327,86.94893406983465,-794.1602757908404,-802.6648082900792,-794.6202834853902
1764847751.4831328,206.41629825439304,-464.92379304161295,-465.6755129327066,-466.67406622087583
1764847751.4881327,402.62266962975264,-751.7404605434276,-749.3394447718747,-748.6400834801607
1764847751.4931328,278.30091530270875,-1102.7282014349476,-1100.9554888559505,-1099.7587208701298
1764847751.4981327,87.92130805831403,-803.7456393772736,-804.8302103644237,-803.0986366849393
1764847751.5031328,202.82599429693073,-460.15168069815263,-462.3208226724528,-464.9537122412585
1764847751.5081327,378.30210021790117,-778.3348891283385,-776.0946890548803,-782.3926805802621
1764847751.5131328,268.0161904245615,-1111.214034434408,-1108.124877071008,-1106.1576896943152
1764847751.5181327,66.13639081642032,-811.3338963873684,-824.0682557364926,-817.6879864120856
1764847751.5231328,200.78026902116835,-466.6553667210974,-473.0618153451942,-472.6055475506
1764847751.5281327,391.4366288622841,-772.19023350114,-761.5015994277783,-765.7239464777522
1764847751.5331328,276.6030007228255,-1107.0253464840353,-1106.2474472932518,-1101.0676858546212
1764847751.5381327,69.68555587437004,-800.0319187212735,-803.1098563848063,-800.1889945194125
1764847751.5431328,201.78630210924894,-465.5333967343904,-467.721238208469,-469.277036590036
1764847751.5481327,394.73148072324693,-779.3446621163748,-774.6323881722055,-778.2787906290032
1764847751.5531328,270.0207768008113,-1114.5350655950606,-1118.159028652124,-1117.1043768646196
1764847751.558133,64.584332334809,-815.3580287396908,-825.3136424217373,-822.48253815528
1764847751.5631328,176.04083081427962,-488.97508965665475,-490.033481344115,-493.93419699789956
1764847751.5681329,405.0087258014828,-759.2389599545859,-747.5779518927447,-752.0583520396613
1764847751.5731328,283.34230044297874,-1113.5589517066255,-1112.7062545167282,-1109.7704330515116
1764847751.5781329,84.06173130404204,-792.9560280051082,-801.8270707000047,-794.3061318891123
1764847751.5831327,207.04834134690464,-459.833789201919,-461.62894118065014,-457.88530132500455
1764847751.5881329,389.858391080983,-775.3242696640082,-775.7132192593999,-778.8734347219579
1764847751.5931327,280.2718425793573,-1118.5554580474272,-1114.5126261953264,-1110.1743422467262
1764847751.5981328,75.47492100577801,-800.5293254153803,-807.5827767318115,-801.1015301086009
1764847751.6031327,201.4272717135027,-471.52097656344995,-471.6032543624751,-468.81702889548615
1764847751.6081328,386.2119886241853,-779.6775132124312,-768.1174824493937,-777.1867398419417
1764847751.6131327,267.3766675321385,-1126.495265653357,-1124.1129493815824,-1122.7254464980215
1764847751.6181328,72.17258934490383,-814.3706951513886,-821.9851314611733,-818.563123001717
1764847751.6231327,190.40578654408455,-473.461984640453,-469.4715113877319,-476.93635169928893
1764847751.6281328,397.2185141937807,-766.7000603661872,-757.3390907770954,-756.5761511861347
1764847751.6331327,283.86214653681964,-1111.9881937252358,-1107.9790209727362,-1108.899036361836
1764847751.6381328,69.9585685711354,-806.0942965494469,-807.938067227602,-809.8154970053583
1764847751.6431327,196.3185683740303,-471.26666336646304,-469.0900415922515,-472.6803455497138
1764847751.6481328,404.34302360937,-763.7791985007934,-755.1587291029282,-760.3123112418689
1764847751.6531327,296.2524350900203,-1109.5198597544804,-1108.9027762617916,-1101.9652618439868
1764847751.6581328,80.17971515003592,-796.9203219581395,-801.2099872073159,-794.4145889878273
1764847751.6631327,197.25728326290846,-458.03115742327645,-457.5636699288152,-460.95949908858165
1764847751.6681328,390.0341663789004,-785.6276940419339,-784.9732115496881,-782.2468244819902
1764847751.6731327,280.432658277452,-1128.0922029344365,-1128.376435331069,-1123.5818835878745
1764847751.6781328,69.01985368225724,-803.42774788104,-811.7415454825386,-805.9297409513965
1764847751.683133,193.7230778047815,-470.2082716790028,-468.9554051938467,-474.3259015302174
1764847751.6881328,398.6247165771201,-773.1139887901954,-769.5947429318912,-774.3818148751743
1764847751.6931329,274.44881834834814,-1120.3954888256267,-1119.4455542368814,-1118.9631071425974
1764847751.6981328,87.12096946779639,-796.7669860599563,-797.0736578563228,-793.1991215022281
1764847751.7031329,201.03458221815526,-450.98892580671236,-454.8298030612059,-458.88759451312944
1764847751.7081327,407.62291587051004,-779.2736040172167,-775.0175978676416,-777.1269014426507
1764847751.7131329,284.52784872893244,-1132.0490170875564,-1137.359675024636,-1125.5677704643458
1764847751.7181327,68.51870708819479,-795.8619302706793,-802.6909875897691,-801.5054393038154
1764847751.7231328,194.66553259361535,-462.4666787707247,-467.44822551170364,-467.70253870869055
1764847751.7281327,393.7404072349891,-775.5374439614825,-765.0470245857723,-770.6680942191742
1764847751.7331328,281.7678025616333,-1122.983499594964,-1123.2153733922169,-1118.7349732453004
1764847751.7381327,67.85300489608198,-810.8065704936162,-816.7118725236505,-810.7467320943251
1764847751.7431328,204.03024208266288,-449.72483962168917,-449.50792542425916,-449.4630466247909
1764847751.7481327,407.33120367396623,-763.8315571001731,-757.6906413729303,-757.1969745787792
1764847751.7531328,284.7971215257421,-1115.930048278533,-1114.0675781005993,-1114.6584822935984
1764847751.7581327,74.57360511645675,-814.0004450557753,-815.8030768344179,-806.3299102466553
1764847751.7631328,193.2368908105418,-453.33010317897424,-451.84910279652104,-452.3128503910266
1764847751.7681327,397.60746378917247,-773.9891253798269,-766.6364820669405,-769.5199449327774
1764847751.7731328,284.1650784332305,-1133.9526261650026,-1134.573449557647,-1128.2268393328413
1764847751.7781327,87.16958816722035,-797.5972438501194,-799.5868706265464,-798.917428534478
1764847751.7831328,196.04181577730924,-459.04093041131273,-462.40684037143365,-462.84814856620505
1764847751.7881327,391.63110365998,-790.1305335885845,-783.9559587617405,-793.1935116522945
1764847751.7931328,289.04938777536154,-1110.7278474401683,-1112.9306485140696,-1107.9266623733565
1764847751.7981327,76.82876478973776,-806.116735949181,-807.6575747309253,-804.1458086725324
1764847751.8031328,213.74650216754526,-452.3913882900961,-452.32407009089366,-451.0824233056046
1764847751.808133,387.7079486064613,-796.7912954096682,-794.5884943357669,-796.3312877151184
1764847751.8131328,280.9562442712486,-1132.2808908848092,-1132.3295095842332,-1129.569463416934
1764847751.8181329,72.22868784423918,-786.0708721866831,-791.3179518245161,-793.9321418935433
1764847751.8231328,196.06425517704338,-448.7113267336972,-455.77973764995113,-455.6712805512361
1764847751.8281329,384.9179832395166,-783.8886405625381,-774.8754816693254,-781.5661626900546
1764847751.8331327,287.3664327953011,-1127.4078012425452,-1126.8468162491918,-1125.2349193682894
1764847751.8381329,95.31509027071297,-780.4984212527052,-786.0259933872148,-783.0228537227958
1764847751.8431327,199.49000353645533,-450.39802161371335,-447.25650565093383,-453.502138576936
1764847751.8481328,405.4911728957668,-767.8108106530271,-764.3364435941912,-766.6776209664531
1764847751.8531327,289.6552515681833,-1136.3686015363783,-1127.834149837494,-1126.0576973585412
1764847751.8581328,82.7041476201266,-784.5001142052934,-789.1824689498171,-786.3289252836257
1764847751.8631327,204.8044013734907,-445.5361516713165,-446.14575536409393,-448.87962223170325
1764847751.8681328,393.97976083215326,-798.8557201852091,-791.0318494779058,-793.3917263499461
1764847751.8731327,283.93694453593343,-1136.4247000357136,-1136.6752733327448,-1133.2383052734658
1764847751.8781328,87.113489667885,-791.2244543256238,-798.2218071427196,-792.282846013084
1764847751.8831327,196.15401277597994,-445.4950127718039,-446.80023785633966,-447.7838315446861
1764847751.8881328,396.43313520308584,-786.7795832282864,-780.7134655001573,-779.7672708113678
1764847751.8931327,292.288141136989,-1130.8746885014698,-1133.0475703757256,-1124.4719797773287
1764847751.8981328,58.00958821270615,-791.7330807195976,-796.2546197660267,-797.1821149550378
1764847751.9031327,184.7959366105497,-449.7846780209802,-453.22164608025923,-452.06975689390674
1764847751.9081328,394.2639932287857,-781.7681172876619,-782.9574054735713,-785.6837925412692
1764847751.9131327,284.135159233585,-1137.2586977258325,-1135.2765507493168,-1131.8208831902593
1764847751.9181328,78.35090407170355,-785.5884250923991,-791.7816994190216,-790.981360828504
1764847751.9231327,192.7245245166123,-452.754158585798,-449.9828927186318,-452.7167595862411
1764847751.9281328,399.38765616808087,-788.9449853026308,-781.5549429901876,-787.9277325146832
1764847751.933133,280.0661480817944,-1141.4062467766926,-1143.0518027571961,-1139.6821528971195
1764847751.9381328,62.190796363167465,-801.655035302043,-803.9662934746593,-803.536204979755
1764847751.9431329,194.5346360951662,-445.47631327202544,-449.9791528186761,-450.18110741628334
1764847751.9481328,396.5565519016236,-787.8641542154364,-791.1328267767094,-788.2830230104737
1764847751.9531329,287.3963519949466,-1136.2077858382836,-1135.055896651931,-1130.160367609933
1764847751.9581327,77.54308568127453,-793.8797832941636,-796.8455239590257,-791.7555201193318
1764847751.9631329,208.15909163374454,-425.4865480088629,-431.298352540005,-433.62083041248843
1764847751.9681327,405.1658015996218,-778.0244774320163,-770.1370284254663,-775.4738656622358
1764847751.9731328,302.1016386207193,-1117.6242229584605,-1112.4220221200958,-1110.368817044422
1764847751.9781327,92.14365510828793,-782.4880480291322,-779.1034385692328,-781.429656341672
1764847751.9831328,190.12155414745212,-442.1178831118159,-442.87708280282095,-444.10750988824293
1764847751.9881327,385.998814326711,-796.3686867146753,-787.628540518228,-791.5068167722784
1764847751.9931328,273.81677525583655,-1159.455003962852,-1156.934311392717,-1151.6498327553272
1764847751.9981327,76.23412069678307,-785.7567205904052,-789.2759664487094,-785.191995697096
1764847752.0031328,193.66697930544615,-437.8169981627725,-439.69816784048453,-441.8673098147847
1764847752.0081327,404.84043030347675,-788.4662781083025,-784.7076786528341,-789.8014223924838
1764847752.0131328,279.901592483744,-1143.717504949309,-1146.9263391112909,-1142.9171663587913
1764847752.0181327,83.29505181312561,-762.6179595645517,-769.8097871793434,-767.6256856052205
1764847752.0231328,186.86036138609052,-444.8143509798683,-445.891442167107,-451.80422399705276
1764847752.0281327,395.75995321106166,-786.9067398267798,-783.4024535682984,-781.9588521854021
1764847752.0331328,283.52181564085186,-1134.0648231636733,-1128.3951348308474,-1123.0545576941222
1764847752.0381327,78.65009606815875,-802.7433461891487,-808.5626305202022,-801.3932423051447
1764847752.0431328,188.96218516118824,-477.804008489009,-482.146032337565,-481.37935284664854
1764847752.0481327,399.8140047630295,-793.8479941445403,-788.4587983083911,-795.8787598204799
1764847752.0531328,270.66777949314564,-1161.650325236842,-1160.4236380513757,-1159.8252540584654
1764847752.058133,70.85240466054529,-782.3908106302842,-787.4733346700668,-784.0438464106992
1764847752.0631328,200.76904932130128,-424.7797069172375,-420.4115037689917,-426.04753300221637
1764847752.0681329,386.0698724258691,-793.3917263499461,-788.0922881127335,-788.85896760365
1764847752.0731328,272.7696032682434,-1158.1834379779175,-1151.6797519549727,-1147.7416373016313
1764847752.0781329,79.816944854334,-771.997628653422,-782.0467398343608,-777.2634077910334
1764847752.0831327,195.56684848293662,-416.00590162118897,-415.9273637221195,-415.27662112982944
1764847752.0881329,394.1181371305138,-801.7616224507801,-796.3911261144094,-795.8376209209673
1764847752.0931327,290.5827467571944,-1144.1475934442133,-1145.8417681241408,-1144.308409142308
1764847752.0981328,62.553566658869386,-799.6242696261033,-805.7502257535234,-803.7643388770521
1764847752.1031327,189.26511705759913,-443.6736814933829,-441.46714051952586,-445.92136136675254
1764847752.1081328,401.50443954300135,-791.7723496691324,-784.4458856559359,-788.7355509051122
1764847752.1131327,283.5330353407189,-1163.217343318276,-1158.056281379424,-1157.742129783146
1764847752.1181328,86.66096177324653,-773.8226998317987,-777.2521880911663,-773.276674438268
1764847752.1231327,190.54416284244508,-419.5849858787842,-419.2558746826835,-426.0811921018176
1764847752.1281328,390.3632775750011,-800.7780287624337,-795.5384289245121,-795.4224920258857
1764847752.1331327,283.56295454036444,-1160.348840052262,-1157.2222836893052,-1152.8129416415468
1764847752.1381328,75.10467091016471,-770.0229614768177,-770.4680095715448,-773.5796063346788
1764847752.1431327,189.71016515232623,-421.746648053173,-424.0279870261438,-424.8507650163956
1764847752.1481328,388.72146149445325,-800.6807913635857,-792.6587059586309,-793.8966128439642
1764847752.1531327,281.6967444624752,-1166.377558780834,-1162.3422067286447,-1163.0789670199156
1764847752.1581328,71.39469015412033,-786.5009606815875,-788.6551430560648,-788.9244158528745
1764847752.1631327,164.77625214774162,-450.2222463157959,-456.39682114263996,-457.11114203417674
1764847752.1681328,389.72001478262246,-792.7858625571243,-790.7962357806973,-792.524069560226
1764847752.1731327,289.9918425641954,-1169.9042844390497,-1168.2325491588563,-1166.8562659751624
1764847752.1781328,81.6681953324005,-783.684816014953,-792.271626313217,-785.9212761884555
1764847752.183133,191.78206972777843,-416.30135371768847,-421.72046875348315,-421.94486275082454
1764847752.1881328,400.31515135709196,-787.4191061207093,-782.4824381791987,-786.2298179347999
1764847752.1931329,293.7766213193536,-1167.6902636652812,-1165.6520181894302,-1162.4544037273154
1764847752.1981328,84.57783749792725,-768.5157817946747,-776.5416070995852,-771.2720880620182
1764847752.2031329,201.6928046103567,-427.1433236892335,-429.525639961008,-432.8616307214834
1764847752.2081327,394.42480892688036,-793.2346505518071,-788.6270938063972,-792.57268825965
1764847752.2131329,276.3860865253955,-1177.4177434500307,-1177.1260312534869,-1172.372618409805
1764847752.2181327,79.83564435411245,-770.6624843692407,-770.9429768659174,-768.1417917991057
1764847752.2231328,185.84310859814286,-409.0235084039159,-409.2142433016561,-411.3310266765766
1764847752.2281327,383.1901494599879,-799.3381672794931,-793.3954662499018,-797.7599294981919
1764847752.2331328,298.9563827579841,-1169.922983938828,-1172.421237109229,-1167.4845691677183
1764847752.2381327,83.30627151299268,-764.7422227393836,-770.5128883710131,-764.9479172369465
1764847752.2431328,195.1255402881652,-418.1750435954891,-417.86463189916685,-415.45239642774686
1764847752.2481327,393.8114653341472,-809.2937809615396,-800.6508721639402,-803.2314031333663
1764847752.2531328,284.26605573203415,-1163.04904782027,-1160.2329031536356,-1162.2973279291764
1764847752.2581327,78.93432846479118,-767.6294255051762,-769.9967821771279,-767.6518649049103
1764847752.2631328,205.9899496594444,-414.3640855406411,-412.53153456235304,-414.1434314432554
1764847752.2681327,404.53749840706587,-797.5617148005404,-792.4305720613338,-797.565454700496
1764847752.2731328,283.30864134337753,-1172.2791209109128,-1171.7256157174706,-1168.7149962531403
1764847752.2781327,90.0044323336333,-771.7994139557704,-773.2018764391541,-774.5856394227594
1764847752.2831328,202.1677719047293,-404.0980601622723,-404.0232621631585,-407.0675407270901
1764847752.2881327,392.3267250517383,-796.9371515079401,-791.5180364721455,-796.7164974105544
1764847752.2931328,296.5553669864312,-1177.197089352645,-1178.150763841346,-1174.5604598838836
1764847752.2981327,82.47601372282952,-784.4589753057808,-793.1953816022724,-781.2800603434443
1764847752.3031328,205.44766416586936,-412.89430485805497,-415.4486565277912,-417.71503590093926
1764847752.308133,394.65668272413313,-812.0014685294591,-805.4753431067802,-806.900244989898
1764847752.3131328,281.18437816854566,-1169.8781051393598,-1169.7023298414424,-1165.8913717865944
1764847752.3181329,72.7036551386118,-767.3751123081893,-772.3865782488137,-769.308640585281
1764847752.3231328,182.39866073895246,-413.1486180550419,-412.4268173635937,-417.6925965012051
1764847752.3281329,392.8951898450032,-805.4566436070018,-795.9423381197266,-804.8545197141357
1764847752.3331327,275.9148591309786,-1183.4389823786914,-1180.2899866160005,-1176.7931801574305
1764847752.3381329,47.20127734076232,-786.4373823823407,-790.184762137942,-786.9235693765804
1764847752.3431327,189.4184529557824,-398.52186932833865,-397.1605457444675,-400.72467040224
1764847752.3481328,413.3000840032473,-783.4735116674565,-775.6945197596215,-779.741091511678
1764847752.3531327,286.30430120788515,-1189.751933503896,-1191.9659542776644,-1188.1437765229493
1764847752.3581328,83.52692561037838,-772.3267398495227,-781.6016917396337,-775.7936271084473
1764847752.3631327,191.56515553034842,-411.181430678349,-418.5153744914569,-414.9138508341275
1764847752.3681328,392.27810635231435,-813.8863781071268,-806.8329267906956,-813.497428511735
1764847752.3731327,304.79062668886036,-1164.7170432005078,-1165.2742882939056,-1160.7602290473878
1764847752.3781328,94.28287788294256,-753.0699949776754,-764.0877402471378,-754.835227756761
1764847752.3831327,186.80426288675517,-404.9507573521696,-404.30001475987956,-410.67654418433085
1764847752.3881328,394.38740992732346,-826.198128761258,-816.646424274426,-821.2951199193485
1764847752.3931327,278.7272638976574,-1183.1360504822806,-1180.596658412367,-1174.8185129808262
1764847752.3981328,80.00393985211849,-765.3144274326041,-768.246508997865,-763.9344043489546
1764847752.4031327,204.14991888124496,-381.37068813154474,-382.1934661217965,-385.18912598630413
1764847752.4081328,395.3747435156256,-818.9801218467765,-814.0397140053101,-819.5672861398198
1764847752.4131327,287.9984758878127,-1194.8007984440774,-1189.0750116119161,-1188.147516422905
1764847752.4181328,84.05051160417497,-765.1124728349969,-771.1561511633918,-768.8897717902437
1764847752.4231327,199.63211973477155,-392.7325041969307,-394.1648858799599,-395.93011865904555
1764847752.4281328,401.0519116483629,-803.0705874352716,-799.5139425774105,-802.6778979399242
1764847752.433133,297.5202611749992,785.6800526413135,783.6100180158392,794.9157355818897
1764847752.4381328,81.86267013009638,1198.699644147884,1194.961614142172,1191.681721881032
1764847752.4431329,192.82176191546023,1563.147284979932,1561.5409979489632,1556.6753881066106
1764847752.4481328,394.1181371305138,1153.4674241337925,1157.1007369407453,1159.67378811026
1764847752.4531329,286.4613770060241,778.2039926298894,777.1287713926286,784.12986410968
1764847752.4581327,76.93348198849708,1182.6218142383732,1181.116504506208,1184.7666468629614
1764847752.4631329,191.95036522578448,1576.2967732241377,1575.846115279477,1575.6516404817812
1764847752.4681327,389.9930274793878,1138.616281409748,1146.9169893614016,1139.085638854187
1764847752.4731328,289.7637086668983,755.8356509949081,759.5400219010189,757.1689253291115
1764847752.4781327,80.11987675074488,1197.1513255662285,1192.5082397712395,1198.495819600299
1764847752.4831328,198.24835675116628,1572.2389817722142,1568.3176966686733,1568.949739761185
1764847752.4881327,398.20210788212717,1156.2087708013132,1162.759205573704,1154.4304483723827
1764847752.4931328,288.6155593805015,783.7390445643105,784.8928037006408,787.8061857661232
1764847752.4981327,79.72718725539744,1208.2251693350263,1198.1928877038881,1207.710933091119
1764847752.5031328,184.48926481418312,1566.8236066363752,1562.9135412327014,1565.9652995965444
1764847752.5081327,387.45737530943006,1140.4899712875485,1149.7854926274158,1139.0145807550289
1764847752.5131328,287.2056170972064,772.9681326919235,774.94092991855,776.4929884001613
1764847752.5181327,82.15438232664019,1194.032249003183,1190.0249462006614,1197.9871932063252
1764847752.5231328,175.22553262393922,1558.5472080344334,1555.0485316258855,1559.1512018772773
1764847752.5281327,388.91219639219344,1128.447493430227,1141.0977050303482,1134.9268701034598
1764847752.5331328,301.1816232316196,781.9887713850476,786.4523419821635,787.2564204726368
1764847752.5381327,77.5580452810973,1205.8690323629417,1197.9834533063695,1205.5829300163314
1764847752.5431328,179.87422826886177,1563.618512374349,1563.5829833247699,1560.9500937559642
1764847752.5481327,386.61215791944414,1142.3150424659252,1149.0861313357018,1143.6595364999957
1764847752.5531328,290.71738315559924,781.5923419897445,783.8830307126045,787.2975593721494
1764847752.558133,77.43462858255953,1210.6935033057816,1205.6988669149578,1208.3429761836305
1764847752.5631328,186.66588658839464,1558.9959960291162,1553.245899847243,1551.701321165543
1764847752.5681329,387.2591606117785,1127.1198289459571,1132.368778533768,1132.8961044275202
1764847752.5731328,294.1019926154986,773.1401680898853,775.7412685090676,778.6322111748159
1764847752.5781329,78.84457086585462,1199.4177049393766,1198.1367892045528,1200.5639842757955
1764847752.5831327,185.4578989027068,1568.7346955137327,1567.4986585783772,1567.4126408793963
1764847752.5881329,392.1060709543526,1140.7704637842253,1144.489794290159,1145.3350116801448
1764847752.5931327,298.776867560111,776.2106259535067,776.1302181044593,779.0510799698532
1764847752.5981328,71.8846170483157,1193.3927261107601,1190.3278780970722,1193.5217526592314
1764847752.6031327,182.0171909434721,1564.0299013694748,1562.2814981401898,1556.4322946094908
1764847752.6081328,392.5099801495671,1145.2433841312304,1152.134149799589,1149.9837073250674
1764847752.6131327,296.2187759904191,765.6005297792144,772.9326036423445,771.7657548561692
1764847752.6181328,73.52643312886357,1203.6250923895277,1199.3185975905508,1204.0607907343656
1764847752.6231327,185.84310859814286,1571.5134411808103,1571.5489702303894,1567.7529717753641
1764847752.6281328,387.68924910668284,1140.4899712875485,1142.6123645124026,1143.8427915978245
1764847752.6331327,285.15989182144403,753.9470015172847,757.3372208271176,756.981930331327
1764847752.6381328,82.5956905214116,1210.3120335103013,1204.8723490247503,1205.8372432133183
1764847752.6431327,183.19151952955872,1581.816865558736,1583.1389201930724,1578.3144492502324
1764847752.6481328,394.9184757210314,1159.5260620620102,1160.4030686016195,1159.5915103112347
1764847752.6531327,289.3971984712407,750.1248237625696,756.4845236372203,755.848740644753
1764847752.6581328,84.48060009907931,1204.1449384833686,1200.474226676859,1205.5791901163757
1764847752.6631327,176.07822981383651,1556.0414750641212,1551.4021291690879,1554.4351880331524
1764847752.6681328,388.253973999992,1128.9710794240236,1136.5312871844508,1131.691856641788
1764847752.6731327,308.6240241434425,775.9750122562982,774.2378287268803,778.5200141761452
1764847752.6781328,102.06560969073325,1225.5521258297376,1218.3808676647022,1222.0571893211454
1764847752.683133,185.96278539672494,1572.8373657651246,1571.8032834273763,1572.5624831183814
1764847752.6881328,391.02523986715823,1125.8258235612884,1130.51004825579,1132.2416219352745
1764847752.6931329,291.540161145851,753.6403297209181,751.6039541950449,756.656559035182
1764847752.6981328,84.70125419646502,1209.8221066161059,1204.5843767281622,1206.6824606033042
1764847752.7031329,189.44837215542793,1592.7037143297493,1592.623306480702,1587.0209363470785
1764847752.7081327,390.8793837688863,1138.4928647112101,1145.054519183468,1143.113511106465
1764847752.7131329,288.86239277757704,755.6411761972122,760.6694716876373,760.7068706871942
1764847752.7181327,78.45936117041856,1207.2303559468128,1203.439967341721,1204.6442151274532
1764847752.7231328,173.0077719502151,1573.9855150515214,1572.4727255194448,1571.9117405260913
1764847752.7281327,395.13538991846144,1145.7632302250713,1154.015319477301,1146.2662467691116
1764847752.7331328,292.4377371352166,746.0819919104688,748.3689407333732,750.6054009068757
1764847752.7381327,74.74564051441848,1196.855873469729,1194.539005447179,1193.9705406539142
1764847752.7431328,187.35402818024158,1590.4971733558923,1591.3853995953687,1590.4504246064462
1764847752.7481327,385.8155592288822,1136.0058312406763,1137.5036611729302,1135.648670794908
1764847752.7531328,301.52943392749876,766.5729037676938,767.2890946092084,769.2263627862558
1764847752.7581327,86.88535577058792,1215.899444044102,1212.9954117285088,1216.200505990535
1764847752.7631328,186.44897239096463,1564.2131564673036,1562.7639452344738,1566.6160421888344
1764847752.7681327,384.4018770456314,1117.05201826524,1120.8723260699771,1122.9068316458724
1764847752.7731328,284.2099572326988,745.5771054164506,753.4178056735545,751.0167899020016
1764847752.7781327,76.97088098805398,1212.3465390861966,1201.4353809654713,1209.266731472686
1764847752.7831328,189.2389377579093,1577.8301322059706,1573.4862384074368,1571.1824600347318
1764847752.7881327,408.02308516576886,1148.1754656964913,1150.9486015136354,1149.0150732365437
1764847752.7931328,299.67444354947656,762.1747814198025,764.3644928438589,769.6003527818248
1764847752.7981327,86.30941117741168,1214.4708022610284,1206.0840766103938,1211.869701841846
1764847752.8031328,181.65068074781448,1589.8052918640897,1586.2168578566052,1582.8621675963514
1764847752.808133,377.3334661293775,1130.1379282101989,1134.152710812632,1132.2453618352301
1764847752.8131328,289.5430545695126,755.3457241007127,760.4301180904731,763.7474093511701
1764847752.8181329,83.59050390962511,1207.638005041983,1205.0107253231108,1207.841829589568
1764847752.8231328,184.1601536180824,1585.3099321173504,1583.7036450863816,1579.8478082320653
1764847752.8281329,402.3122579334304,1133.7132725678384,1142.6048847124912,1135.5850924956612
1764847752.8331327,295.5418540984392,745.1395371216349,745.2311646705493,750.3099488103762
1764847752.8381329,81.09225073922426,1208.7562351287343,1205.478212817572,1205.6390285156667
1764847752.8431327,182.03963034320623,1585.0930179199204,1586.1869386569597,1583.9242991837673
1764847752.8481328,396.1601225063205,1130.8522491017357,1133.995635014493,1132.6268316307105
1764847752.8531327,294.82753320690244,745.0572593226098,745.9305259622633,748.7952893283218
1764847752.8581328,90.62151582632214,1219.8712177970447,1214.693326308392,1220.69960563723
1764847752.8631327,185.35692160390317,1602.562090612948,1604.1870771436952,1605.5484007275663
1764847752.8681328,380.27302749454975,1116.954780866392,1123.3294403408654,1116.4517643223517
1764847752.8731327,300.16063054371625,750.4539349586703,745.9155663624406,750.9980904022232
1764847752.8781328,85.60630998574197,1221.2699403804727,1219.6337341498584,1221.1259542321786
1764847752.8831327,174.72438602987677,1599.3457766510546,1602.0740336687304,1596.1836912385188
1764847752.8881328,382.1728966720402,1121.0948501173407,1124.6197058255784,1118.1908178017475
1764847752.8931327,284.52784872893244,730.2135963984765,728.5512108681723,728.7307260660455
1764847752.8981328,76.51461319345981,1213.6143651711755,1211.4321335470304,1214.151040814817
1764847752.9031327,176.21286621224135,1593.3170579224825,1598.3303938130848,1591.6621521920897
1764847752.9081328,389.2899262877181,1135.6655003447086,1140.484361437615,1136.9127569799311
1764847752.9131327,293.6158056212589,749.3544043716975,748.6905721295625,754.3191215628758
1764847752.9181328,97.14390134904534,1220.0282935951836,1217.311256277375,1224.7798364888877
1764847752.9231327,191.38190043251961,1599.0353649547324,1593.4610440707766,1590.222290709149
1764847752.9281328,388.3250320991501,1125.070363770239,1128.6924568773247,1128.3708254811354
1764847752.933133,299.9549360461533,743.6248776395805,740.0476633319631,746.5663089547306
1764847752.9381328,91.00298562180251,1224.1085244468413,1223.209078507498,1227.5922412555665
1764847752.9431329,192.93021901417524,1610.7487316159531,1608.7273156899028,1611.921190252062
1764847752.9481328,393.6768289357424,1130.594196004793,1140.8845307328738,1132.4473164328374
1764847752.9531329,301.60049202665687,731.0662935883738,732.148994625546,734.7519649947062
1764847752.9581327,76.86990368925035,1211.8902712916024,1206.7871778020635,1209.977312464267
1764847752.9631329,189.25015745777637,1611.7547647040337,1613.4470694339834,1610.0475003742613
1764847752.9681327,406.06337758898735,1143.5155503517017,1149.2132879341953,1150.772826215718
1764847752.9731328,300.35136544145644,743.3743043425493,744.1353739835322,744.2064320826903
1764847752.9781327,82.84626381844282,1227.874603702221,1222.0235302215442,1226.4814909687266
1764847752.9831328,182.40240063890815,1610.726292216219,1607.3921714057215,1604.1571579440497
1764847752.9881327,403.6287027178332,1128.7354657268152,1136.1610370888375,1138.3039997634478
1764847752.9931328,304.1062249969691,743.6510569392703,745.7809299640357,750.3136887103319
1764847752.9981327,82.01600602827966,1208.4869623319246,1204.176727632992,1205.938220512122
1764847753.0031328,187.9075333736837,1598.1527485651895,1597.8853457183577,1591.4564576945268
1764847753.0081327,395.6701956121251,1125.5976896639913,1125.4537035156973,1123.5463545382954
1764847753.0131328,295.87096529453993,721.3088946039788,728.9625998632982,729.0523574622348
1764847753.0181327,82.3712965240702,245.4832931915298,241.00850289454684,245.85915313707665
1764847753.0231328,186.39287389162928,637.1798451007344,636.1943814624101,633.3744968958199
1764847753.0281327,396.5677716014907,1126.9440536480397,147.6662098504603,147.75970734935254
1764847753.0331328,296.4805689873174,721.8324805977754,-251.4016848714091,-251.12867217464373
1764847753.0381327,86.73949967231601,232.01965335104614,230.26751022180542,233.8316348795779
1764847753.0431328,177.6751670949161,629.2998758940957,627.764646962285,623.4488024134189
1764847753.0481327,389.46196168567985,140.3827546867542,148.08881854545325,145.97577507048845
1764847753.0531328,299.85769864730537,-245.99191958550364,-239.86783340806141,-237.76974953291938
1764847753.058133,99.2681645238772,-714.3788599860854,-723.6968207256868,-719.7549661723897
1764847753.0631328,193.98861070163548,-343.47615183051676,-344.5812922674231,-343.87445117579773
1764847753.0681329,392.98494744393975,122.34147730050609,128.75727567449212,125.04729491844773
1764847753.0731328,299.5061480514705,-247.2709653703496,-246.92502462444827,-242.7625159737654
1764847753.0781329,80.01889945194125,237.50234668608755,228.8725275383331,239.6845783102326
1764847753.0831327,182.9035472329706,632.8116419524886,631.3100721202791,627.3270786674693
1764847753.0881329,392.969987844117,148.610534589272,149.92884932365268,150.60951111558825
1764847753.0931327,302.30359321832657,-245.73760638851672,-244.5838472521864,-238.4653709246777
1764847753.0981328,90.49435922782868,240.84955714643002,232.90039979061112,239.30684841470793
1764847753.1031327,170.82741027604789,618.8356358180754,609.5550740780309,614.2187293227762
1764847753.1081328,395.3710036156699,142.11432836623862,148.01402054633945,145.1791763799265
1764847753.1131327,301.3947975290939,-243.84147711098194,-241.93973798351362,-240.9075255957432
1764847753.1181328,83.5942438095808,239.20774106588215,231.10150791192427,236.5393224474974
1764847753.1231327,176.1941667124629,617.7622845307924,619.0880790650845,615.1649240115657
1764847753.1281328,392.1771290535107,137.7087262184359,148.67224293854088,143.11849150434136
1764847753.1331327,290.6949437558651,-250.98842592630535,-252.15340476250276,-249.4307575947605
1764847753.1381328,82.38625612389296,-731.0326344887726,-732.0180981270969,-731.2476787362248
1764847753.1431327,180.26317786425352,-341.63238115236163,-345.957575451117,-344.2858401709236
1764847753.1481328,389.83595168124884,137.46189282136038,141.27098092623055,141.23358192667365
1764847753.1531327,300.28030734229833,-240.47182725090533,-240.29418200301006,-237.33966103801504
1764847753.1581328,86.1523353792727,-728.6615379168652,247.29901462001726,250.03288148762658
1764847753.1631327,173.09752954915166,-350.8811537427828,628.9165361486375,626.5080405771732
1764847753.1681328,385.4153899336234,-837.3598601790145,149.0013541346416,143.87395129539073
1764847753.1731327,301.1367444321513,-1241.057751046028,-261.6714501497336,-256.2897341134958
1764847753.1781328,79.90670245327055,-1728.8996510161087,227.4588453550823,232.34315469721332
1764847753.183133,180.96627905592322,-1336.7206520126201,627.3046392677352,627.5252933651209
1764847753.1881328,390.1501032775268,-1816.0037909341045,148.9228162355721,148.94899553526193
1764847753.1931329,299.7380218487233,-2215.441935751587,-255.44451672350988,-253.6231854450889
1764847753.1981328,83.47830691095442,-2698.687498676125,-739.4604990389198,-736.8837079694495
1764847753.2031329,173.94648683909327,-2308.3148713512346,-345.0338201620616,-349.117790913675
1764847753.2081327,372.2098031900823,-1841.02372163767,121.69260465819389,119.37012678571045
1764847753.2131329,295.68023039679974,-2231.20561406482,-266.52958019217476,-263.5526198274456
1764847753.2181327,90.07549043279141,-2680.4480065922253,-722.5748507389799,-722.5748507389799
1764847753.2231328,183.9394995206967,-2286.1484843138605,-329.08314685104415,-328.7727351547219
1764847753.2281327,400.68540145270526,-1820.4654915812425,145.38861077744514,141.70854922104627
1764847753.2331328,292.46017653495073,-2222.23359407112,-259.04978028079495,-259.1507575795986
1764847753.2381327,81.14086943864822,-2693.1674063415267,-733.9030077047646,-733.6225152080879
1764847753.2431328,177.4171139979735,-2309.044151842594,-349.600238007959,-353.06338536692783
1764847753.2481327,396.5266327019781,-1826.127700114157,139.251434950158,135.78828759118915
1764847753.2531328,299.5472869509831,-2227.458234309219,-261.45827585225925,-260.46346246404573
1764847753.2581327,89.94085403438658,-2681.6522543779574,-724.2241466194391,-724.3326037181541
1764847753.2631328,165.7785453358665,-2308.8496770448983,-350.24350080033764,-353.085824766662
1764847753.2681327,386.1409305250272,-1831.9021056457423,133.85475931409746,133.4658097187057
1764847753.2731328,296.1103188917041,-2227.323597910814,-261.4470561523922,-262.12397804437205
1764847753.2781327,81.31664473656565,-2688.2494378997944,-734.0002451036125,-728.4128345698118
1764847753.2831328,177.96687929145992,-2294.1556101189926,-335.38113837642595,-331.8020541188307
1764847753.2881327,388.7401609942317,-1828.5848143850453,138.09580586384982,136.76066157966852
1764847753.2931328,303.85939159989357,-2221.0555255850777,-260.6878564613871,-258.90766408247873
1764847753.2981327,82.2217005258426,-2686.865674916189,-730.7801912417635,-730.4697795454413
1764847753.3031328,174.91512092761695,-2301.205321535468,-335.4746358753182,-340.71423571323976
1764847753.308133,376.2451552422717,-1847.2132560643367,116.97285091411322,115.23005753476173
1764847753.3131328,314.4507882744074,-2210.9016972053796,-249.14278529817238,-250.78460137872025
1764847753.3181329,93.84156968817115,-2678.4434202159755,-721.8567899474874,-722.7132270373404
1764847753.3231328,179.79569036979228,-2298.6434900658205,-336.4806689633988,-335.6915500727482
1764847753.3281329,389.8247319813818,-1835.9150182981975,132.1755442339927,125.38014601450413
1764847753.3331327,296.8433392830193,-2238.947206973098,-273.9233624045737,-274.86581719340757
1764847753.3381329,94.49979208037257,-2672.392262087669,-720.7909184601158,-712.0470323637128
1764847753.3431327,174.79918402899057,-2301.8897232273594,-345.42650965740904,-345.1422772607766
1764847753.3481328,373.4327504755929,-1850.2126558288,113.66677935328335,114.4596381438896
1764847753.3531327,294.8537125065923,-2219.7540404004976,-262.56902613909915,-255.27996112545952
1764847753.3581328,88.80766434781253,-2669.3367638238706,-715.4466014234349,-712.2115879617631
1764847753.3631327,174.47381273284554,-2290.1277378667146,-331.67489752033725,-330.97553622862324
1764847753.3681328,402.20380083471537,-1826.7223442071117,135.18990359827876,138.03970736451447
1764847753.3731327,299.45004955213517,-2241.890508238226,-274.1963751013391,-272.6256171199493
1764847753.3781328,72.61763743963093,-2700.3592339563183,-740.941499421373,-733.1550277136266
1764847753.3831327,166.9715734217316,-2296.766060288064,-333.96745619317517,-338.1112653440796
1764847753.3881328,394.3425311278552,-1823.9061995404772,142.4789686119184,136.356752384454
1764847753.3931327,306.35016497038305,-2236.3030977044255,-268.2125351722352,-267.9283027756028
1764847753.3981328,94.8214234765619,-2671.5919234971516,-718.83495078329,-713.8197449427098
1764847753.4031327,174.492512232624,-2289.061866379343,-328.81761395419016,-330.89325842959806
1764847753.4081328,379.05008020903915,-1836.3376269931905,129.49777586571872,127.78864158596843
1764847753.4131327,302.8084797123447,-2244.893647902645,-285.6442088657059,-282.25211960589513
1764847753.4181328,87.73805296048522,-2686.974132014904,-729.2879711594433,-726.3371900944039
1764847753.4231327,172.188733859919,-2287.708022595383,-326.1099263862707,-329.08688675099984
1764847753.4281328,398.3068250808865,-1827.9527712925337,132.44107713084668,133.04320102371275
1764847753.433133,302.15773712005466,-2236.261958804913,-274.01685990346596,-271.3428314351477
1764847753.4381328,85.58387058600783,1244.133818759583,1241.8225605869666,1241.4840996409766
1764847753.4431329,177.05808360222727,1640.0714172185399,1634.5401051840745,1639.1495318794623
1764847753.4481328,381.09206558484584,2082.1706008305773,2088.9734788499773,2085.4598428416066
1764847753.4531329,292.8827852299437,1670.9031524532475,1672.3280543363653,1676.5485314363614
1764847753.4581327,78.40326267108321,1222.7715102126822,1217.4159734761342,1223.9963274481706
1764847753.4631329,178.3483490869403,1632.146569212433,1627.6736488654278,1628.4982968056574
1764847753.4681327,385.033920138143,2078.3596427757293,2083.2065531183034,2077.6958105335943
1764847753.4731328,310.9315424161032,1687.8149800528772,1689.299720335286,1688.0001051006839
1764847753.4781327,87.94748735800385,1246.9499634262174,1239.200890718028,1245.8859618888237
1764847753.4831328,180.62968805991113,1646.582583041396,1646.305830444675,1641.4944491516799
1764847753.4881327,388.6317038955167,2088.760304552503,2099.254463828169,2095.6622899207287
1764847753.4931328,298.5150745632127,1673.81653451873,1677.627492573578,1683.2653917567804
1764847753.4981327,87.01251236908138,1243.2100634705275,1237.2785821408033,1239.816104260739
1764847753.5031328,178.35956878680736,1637.3263306510635,1634.2296934877522,1638.5810670861974
1764847753.5081327,392.68575544748455,2084.1714473068714,2084.635194901377,2085.983428835403
1764847753.5131328,305.4750283807516,1678.8541797590442,1685.4999819803052,1686.8369962144643
1764847753.5181327,83.93457470554858,1233.4190053865314,1225.9803443746641,1227.6240304051898
1764847753.5231328,181.9349131444469,1636.7915249573998,1635.041251778137,1631.2845222726464
1764847753.5281327,385.08627873752266,2094.0447831898928,2098.5438828365877,2094.753494231496
1764847753.5331328,296.2486951900646,1682.2874079183675,1682.3322867178358,1680.460466790013
1764847753.5381327,88.58701025042683,1246.4226375324652,1244.724722952582,1243.2605521199293
1764847753.5431328,192.0588223244995,1649.574503005948,1647.4838989307173,1644.6621444141492
1764847753.5481327,391.5974445603788,2065.4046293292195,2066.399442717433,2065.926345373038
1764847753.5531328,301.04324693325907,1672.1784583381377,1676.1764113907702,1678.0781505182385
1764847753.558133,90.35224302951247,1253.962275843136,1245.7307560406625,1253.4031607997604
1764847753.5631328,174.2307192357257,1636.8551032566465,1635.5049993726425,1630.0428754873574
1764847753.5681329,393.2542202407494,2071.369769758545,2078.232486177236,2072.0747409001924
1764847753.5731328,334.1937201404944,1670.6525791562162,1670.547861957457,1673.7884852690622
1764847753.5781329,128.0279951831326,1251.4640226727352,1247.9223374146968,1249.584722945001
1764847753.5831327,221.89948407094926,1656.0407900293358,1658.8531947960146,1657.8976503573358
1764847753.5881329,462.0272405259311,2110.2909085974097,2115.0966800404713,2114.2757720001973
1764847753.5931327,386.04743302613497,1708.066538312938,1709.551278595347,1711.565214721486
1764847753.5981328,193.82031520362943,1261.2999595561996,1256.9953347072005,1258.182752943132
1764847753.6031327,302.8496186118573,1664.2124714325182,1669.7662228667177,1664.9660612735897
1764847753.6081328,518.4174520578235,2126.7950871018693,2135.146283702925,2134.590908559505
1764847753.6131327,444.4010920347646,1715.9726868192665,1718.9159880843945,1721.7714017005637
1764847753.6181328,235.84183110576123,1275.2871853904799,1270.7282473444939,1275.1992977415211
1764847753.6231327,316.5152130499482,1687.298873858992,1689.711109330412,1683.1344952583313
1764847753.6281328,514.3783601056784,2118.888938595541,2122.3932248540223,2121.9949255087413
1764847753.6331327,409.2722117509693,1705.3738103448413,1711.2903320747428,1711.793348618783
1764847753.6381328,186.04506319575012,1290.5758964093402,1287.213726349175,1292.1447844407521
1764847753.6431327,243.35155021678656,1673.887592617888,1666.374133606907,1670.8751032035798
1764847753.6481328,438.8473406005651,2102.4034595908597,2105.582374553196,2101.1262837559916
1764847753.6531327,322.3681564806029,1692.6357110957615,1694.1915094773285,1697.1217210926116
1764847753.6581328,97.0092649506405,1269.8867698544636,1260.81377256196,1264.7836763649248
1764847753.6631327,169.99715248588473,1660.8353417725302,1657.9481390067376,1663.7992124874145
1764847753.6681328,366.81686745397747,2079.3694157637656,2081.2057066420093,2081.6750640864484
1764847753.6731327,284.92427812423557,1666.3329947073944,1672.3878927356564,1669.2968654222786
1764847753.6781328,42.78445549309254,1232.73460369464,1228.8488476406783,1230.9188822661527
1764847753.683133,126.56943420041353,1651.0405437885784,1647.341782732401,1642.687477237545
1764847753.6881328,352.1714192274958,2080.304390752688,2088.737865152769,2085.5309009407647
1764847753.6931329,262.7504112869501,1634.2222136878408,1634.424168285448,1639.3178273774683
1764847753.6981328,44.029842178337276,1229.7277241302654,1226.7245844658464,1229.0377125884406
1764847753.7031329,109.96801829710603,1629.5548185431398,1626.0617519845255,1624.9154726481065
1764847753.7081327,335.1960133286193,2074.5225054211915,2078.894448469393,2075.72114335699
1764847753.7131329,257.7875640457496,1668.3413209835999,1674.3625599122606,1673.272379075177
1764847753.7181327,37.14094645995647,1225.3034224826843,1218.6090015619993,1224.4189361431636
1764847753.7231328,132.71034992765635,1625.2614133940078,1632.5392587077804,1629.1864383975044
1764847753.7281327,337.2267790045589,2060.0229132929817,2055.220881749876,2054.747784405481
1764847753.7331328,257.3537356508896,1652.3869077726267,1654.0062844534405,1654.0979120023549
1764847753.7381327,42.459084196947515,1243.9094247622415,1237.8358272342011,1245.4857925935648
1764847753.7431328,139.90591744240373,1629.7118943412788,1630.2504399348982,1627.563321816735
1764847753.7481327,361.2369367200881,2064.0994042446837,2069.342743982561,2060.3838136387058
1764847753.7531328,282.2165905563161,1655.434926236514,1664.2124714325182,1664.0123867848888
1764847753.7581327,58.510734806768596,1249.7586282929406,1243.1764043709263,1246.8022373779677
1764847753.7631328,141.00918792933226,1646.7097396398894,1648.8601821144111,1648.585299467668
1764847753.7681327,351.9806843297556,2055.5499929459766,2060.793332683854,2060.3015358396806
1764847753.7731328,275.8662404315546,1642.3415364916436,1641.7917711981572,1646.1880235960707
1764847753.7781327,75.71801450289786,1247.4959888197482,1236.1865313537419,1242.8940419242717
1764847753.7831328,148.32069234270602,1644.641574964393,1645.0791432592086,1647.511948180385
1764847753.7881327,374.7978139594197,2071.7362799542025,2081.557257237844,2076.9104315428995
1764847753.7931328,297.37814497668296,1653.9688854538836,1657.3946338132955,1656.315672676079
1764847753.7981327,67.97268169466406,1240.5921335015446,1239.3953655157238,1237.4562273886986
1764847753.8031328,163.13443606719375,1666.8304014015011,1663.213918144349,1662.0638989079744
1764847753.808133,381.8213460762054,2075.3303238116205,2079.5414511617273,2081.2038366920315
1764847753.8131328,297.4342434760183,1650.2776041976176,1656.351201725658,1658.424976251088
1764847753.8181329,72.53909954056144,1236.0444151554257,1233.108593690209,1235.6610754099675
1764847753.8231328,154.91039606463164,1649.308970109094,1645.8420828501694,1646.9135641874745
1764847753.8281329,372.7259093839675,2073.4603738337755,2080.9738328447565,2076.15497175185
1764847753.8331327,293.23433582577854,1657.5666692112572,1660.6745260744356,1661.3046992169693
1764847753.8381329,65.59410532284528,1238.9764967206866,1232.409232398495,1235.9901866060682
1764847753.8431327,154.82811826560646,1659.2271847915836,1658.9953109943308,1658.679289448075
1764847753.8481328,377.7074561249465,2079.833163358271,2084.8670686986297,2085.022274546791
1764847753.8531327,307.65165015496314,1665.1212671217509,1666.3180351075716,1672.9170885793865
1764847753.8581328,71.42086945381016,1250.3345728861168,1245.738235840574,1250.500998434145
1764847753.8631327,167.51011901535094,1668.5657149809413,1667.0398357990198,1661.1551032187417
1764847753.8681328,378.8032468119636,2067.0539252096787,2071.908315352164,2065.5822745771147
1764847753.8731327,291.12503225076944,1636.1781813646667,1636.2754187635146,1637.3095011012629
1764847753.8781328,78.17886867374182,1244.0104020610452,1239.3953655157238,1238.428601377178
1764847753.8831327,171.68758726585656,1662.2565037556924,1659.522636888083,1658.6456303484738
1764847753.8881328,379.6335046021268,2067.0950641091913,2072.633855943568,2074.5729940705933
1764847753.8931327,291.57008034549654,1654.7879235441796,1656.0333102294244,1653.7650609062985
1764847753.8981328,65.38841082528234,1245.8429530393332,1239.9152116095647,1242.9651000234298
1764847753.9031327,148.46654844097793,1662.394880054053,1658.5727022993378,1656.7943798704073
1764847753.9081328,366.6485719559714,2065.808538524434,2072.390762446448,2066.6481460644864
1764847753.9131327,283.0281488467008,1641.5823368006386,1643.796357574407,1646.5171347921714
1764847753.9181328,69.28912647906691,1252.4812754606828,1247.0733801247552,1251.4696325226687
1764847753.9231327,150.68804901465774,1652.0428369767033,1651.1003821878694,1647.1641374845058
1764847753.9281328,370.4782295105979,2065.6701622260734,2071.089277261868,2070.111293423455
1764847753.933133,297.3332661772147,1647.8204899267294,1653.3405822613277,1652.1382044255733
1764847753.9381328,81.51485943421721,1256.2847537156194,1247.484769119881,1258.4183666403405
1764847753.9431329,159.25241991318762,1673.4986430224963,1669.3922328711487,1663.9712478853762
1764847753.9481328,377.61021872609854,2064.9820206342265,2070.719027166255,2072.044821700547
1764847753.9531329,312.9286489924416,1664.7510170261376,1669.5081697697751,1668.6498627299443
1764847753.9581327,94.55963047966361,1263.5102404300123,1254.7252154340968,1262.693072289694
1764847753.9631329,166.10017673205584,1657.592848510947,1657.2151186154224,1654.6701166955754
1764847753.9681327,385.4490490332246,2062.8465377595276,2067.7532865013927,2071.6633519050665
1764847753.9731328,295.9644627934322,1641.7281928989105,1646.9116942374967,1643.858065923676
1764847753.9781327,71.09175825770944,1241.3401134926826,1237.5029761381447,1239.9021219597198
1764847753.9831328,167.1548285195604,1670.4842836582102,1665.8842067127116,1667.1987815471366
1764847753.9881327,374.27796786557883,2057.741574320011,2059.8471379950643,2056.726191482041
1764847753.9931328,310.1760826250538,1650.430940095801,1656.49705782393,1654.3335256995633
1764847753.9981327,82.21796062588692,1257.3207060033455,1253.79398034513,1259.8133493238129
1764847754.0031328,166.94539412204176,1669.4333717706613,1671.37811974762,1666.144129759632
1764847754.0081327,380.4413229925558,2077.495725885965,2080.5736635494977,2080.2838213029318
1764847754.0131328,301.38357782922685,1659.088808493223,1656.8299089199863,1657.1646299660206
1764847754.0181327,87.35658316500485,1271.7492400323972,1266.9472084892914,1268.037389326375
1764847754.0231328,157.4049093350768,1645.4194741551764,1647.5399974300526,1641.359812753275
1764847754.0281327,367.71444344334304,2053.399550471455,2061.900343070738,2058.042636266444
1764847754.0331328,292.770588231273,1627.370716969017,1626.1253302837722,1630.2485699849203
1764847754.0381327,85.74842618405819,1270.7843458438292,1266.1356501989067,1268.4076394219883
1764847754.0431328,171.24627907108516,1687.093179361429,1685.309247082565,1683.392548355274
1764847754.0481327,381.4062171811238,2071.2201737603173,2075.7978113060817,2071.390339208301
1764847754.0531328,311.79171940591186,1645.6625676522963,1650.273864297662,1650.9264768399298
1764847754.058133,101.6018620962277,1276.8579433718696,1269.1126105636358,1274.2269237530418
1764847754.0631328,175.457406421192,1673.5435218219645,1672.185938138049,1671.7128407936543
1764847754.0681329,376.8472791351378,2048.0739329345524,2054.6673765564337,2050.200066059362
1764847754.0731328,297.1500110793859,1624.633110201452,1627.8382044634782,1632.4513710588217
1764847754.0781329,83.24269321374595,1252.406477461569,1247.4174509206787,1251.8249230184592
1764847754.0831327,171.0443244734779,1676.9842297811992,1671.9241451411508,1674.9590739551932
1764847754.0881329,394.525786225684,2067.364336906001,2075.554717808962,2071.1921245106496
1764847754.0931327,314.3759902752936,1641.5262383013032,1644.9557265606709,1649.1425445610657
1764847754.0981328,103.36709487531334,1273.1292631160468,1266.891109989956,1267.6671392307617
1764847754.1031327,172.68988045398146,1684.7258226894774,1682.4370039165951,1679.3609362030402
1764847754.1081328,396.6650090003386,2058.5306932106614,2062.0162799693644,2062.6277536121197
1764847754.1131327,325.6031699422747,1640.8605361091904,1644.3124637682922,1647.8522790763527
1764847754.1181328,83.79245850723237,1254.9234301317483,1245.1248922478408,1252.1428145146929
1764847754.1231327,180.93261995632201,1694.958188968245,1693.256534488406,1692.7684775441885
1764847754.1281328,385.65100363083184,2064.768846336752,2069.765352677554,2068.667692040559
1764847754.1331327,312.86507069319487,1631.6117635187693,1634.9402744793333,1640.8736257590353
1764847754.1381328,89.09563664440066,1259.3028529798612,1255.0505867302418,1254.697166184429
1764847754.1431327,180.44643296208233,1678.18099776702,1676.337227088865,1674.4093086617067
1764847754.1481328,399.2305803699419,2063.6094773504883,2072.764752442017,2067.882313049864
1764847754.1531327,310.7034085188061,1637.9733333433978,1642.8052840861492,1642.8221136359498
1764847754.1581328,83.36610991228372,1253.7378818457946,1248.932110402733,1255.1010753796436
1764847754.1631327,165.05300474446267,1680.6156726381741,1679.8377734473906,1676.155841941014
1764847754.1681328,390.400676574558,2071.814817853272,2071.4333480577916,2073.6043599820696
1764847754.1731327,330.0461710896343,1657.4656919124536,1659.3393817902543,1663.7431139880791
1764847754.1781328,101.5308039970696,1269.2023681625724,1262.852018037811,1266.216058047954
1764847754.183133,171.84840296395123,1675.3050147010945,1672.7132640318014,1671.462267496623
1764847754.1881328,394.9296954208985,2058.377357312478,2062.1135173682123,2060.742844034452
1764847754.1931329,313.17174248956144,1637.393648850266,1636.5147723606788,1644.4639297164977
1764847754.1981328,90.61403602641076,1264.9052231134847,1259.7553808744997,1259.6637533255853
1764847754.2031329,174.70568653009832,1699.490947714541,1703.8180119632743,1694.9600589182228
1764847754.2081327,381.04718678537756,2055.4564954470843,2058.979481205344,2060.6493465355597
1764847754.2131329,321.040491996333,1643.3812286793254,1644.398481467273,1647.945776575245
1764847754.2181327,91.25729881878942,1264.359197719954,1256.628824511543,1261.6272008023225
1764847754.2231328,173.31818364653736,1675.3798127002083,1670.7423367551528,1673.1564421765506
1764847754.2281327,387.24046111200005,2058.209061814472,2065.8047986244783,2058.304429263342
1764847754.2331328,313.09320459049195,1629.0424522492103,1630.867523427587,1632.8478004541248
1764847754.2381327,82.7415466196835,1268.4656078713015,1263.068932235241,1265.6176740550436
1764847754.2431328,164.21900705434382,1679.2319096545689,1676.5915402858518,1677.5396049246192
1764847754.2481327,378.7995069120079,2041.0765801174566,2045.9010510602966,2044.691193424631
1764847754.2531328,309.8881103284657,1630.3177581341006,1631.8249378162436,1632.5897473571822
1764847754.2581327,105.57737574912608,1285.452233470045,1275.792071884498,1286.3180203097872
1764847754.2631328,195.00212358962744,1708.1899550114758,1710.6021904828958,1707.6719788676128
1764847754.2681327,405.9063017908484,2066.1900083199143,2073.40427533444,2067.990770148579
1764847754.2731328,316.3282180521637,1626.2898858818226,1629.0050532496534,1631.4640374705195
1764847754.2781327,67.71462859772146,1257.3431454030797,1258.40153709054,1258.93073293427
1764847754.2831328,153.0329662868753,1702.1163574834354,1702.6362035772763,1701.1907322444022
1764847754.2881327,397.9702340848744,2060.1949486909434,2064.518273039721,2058.764436957892
1764847754.2931328,304.891603987664,1616.6671232958324,1619.6328639606945,1621.6879389863461
1764847754.2981327,74.54368591681123,1256.5166275128722,1251.9389899671078,1257.1168814557604
1764847754.3031328,135.53397439420223,1687.8037603530101,1688.48068224499,1687.805630302988
1764847754.308133,343.59208872914314,2049.9064839128405,2051.877411189489,2049.179073371459
1764847754.3131328,254.2346590878442,1612.42607674608,1617.673156383913,1620.1246608048677
1764847754.3181329,29.3843939518556,1241.7365428879857,1237.0953270429745,1237.5759041872807
1764847754.3231328,133.89963811356574,1679.9163113464601,1675.877219394315,1673.4144952734932
1764847754.3281329,365.5789605686441,2055.823005642742,2058.040766316466,2059.0972880539484
1764847754.3331327,282.3213077550754,1605.6755573260598,1604.9387970347889,1607.8503091502935
1764847754.3381329,73.31325883138925,1276.7420064732432,1271.8988360306248,1272.8768198690377
1764847754.3431327,143.8851709952578,1693.4884082856588,1694.9843682679348,1690.8386891670525
1764847754.3481328,365.182531173341,2042.6622976986691,2052.8236058782786,2048.1244215839542
1764847754.3531327,294.3899649120867,1607.2238759077154,1608.652517690789,1610.4794588191435
1764847754.3581328,86.25705257803202,1264.6135109169409,1252.3915178617463,1258.8970738346688
1764847754.3631327,157.5545053333044,1698.8252455224283,1697.8079927344806,1697.7126252856106
1764847754.3681328,370.9644165048376,2048.788253826089,2058.440935611725,2050.491778255906
1764847754.3731327,298.5487336628139,1610.9039374641143,1612.4485161458142,1618.5127639239654
1764847754.3781328,78.75107336696237,1257.8517717970535,1255.4395363256335,1261.9189129988663
1764847754.3831327,163.46354726329446,1705.1157572478987,1707.7486468167044,1703.4645914174616
1764847754.3881328,375.8786450466141,2070.4796735690907,2073.0003661392257,2067.0782345593907
1764847754.3931327,285.8405536133796,1611.6444376553409,1608.652517690789,1612.2185122985393
1764847754.3981328,61.21094257477671,1258.3005597917363,1253.4274701494724,1254.7308252840303
1764847754.4031327,138.5109347589314,1702.4978272789158,1702.1500165830366,1698.4531254768372
1764847754.4081328,368.885032129474,2034.4719167957082,2038.0547409532592,2033.5649910564534
1764847754.4131327,297.27716767787933,1612.366238346789,1614.067892826628,1616.7400513449684
1764847754.4181328,80.14231615047902,1270.5412523467094,1262.8295786380768,1269.6979049067013
1764847754.4231327,162.38271617610008,1703.3318249690346,1704.7081081527285,1704.1302936095744
1764847754.4281328,373.1746973786503,2034.7262299926952,2041.3458529142663,2037.2188733131625
1764847754.433133,296.690003384836,1594.7513095554896,1596.6960575324483,1594.5587047077715
1764847754.4381328,71.15907645691186,1254.4858618369326,1248.2140496112406,1255.3778279763646
1764847754.4431329,149.4800613289699,-249.41579799493775,-254.67409733263776,-257.23218890232965
1764847754.4481328,381.9260632749647,95.5993226673454,107.16683323029429,101.80381669383496
1764847754.4531329,296.1140587916598,-349.8208921053447,-345.3704111580737,-344.38307756977156
1764847754.4581327,76.69038849137723,-691.2793679097667,-699.8699181079865,-691.058713812381
1764847754.4631329,153.54533258080482,-253.70546324411407,-255.6539511210285,-256.12143861548975
1764847754.4681327,376.2563749421388,85.9653403814882,90.68135422561318,90.21760663110763
1764847754.4731328,312.2255478007719,-340.2617078186013,-337.8120733476244,-336.9556362577714
1764847754.4781327,92.15113490819931,-683.1039466066286,-681.604246724397,-681.9483175203204
1764847754.4831328,149.01631373446435,-264.7793070129119,-268.27985337143764,-269.1026313616894
1764847754.4881327,344.33258892036974,77.05689868703485,81.94494792912155,81.481200334616
1764847754.4931328,324.8140510516241,-337.9953284454532,-334.0572137921117,-331.4280641232617
1764847754.4981327,104.53394366148859,-691.7543352041394,-696.1674171518534,-695.509194759652
1764847754.5031328,170.7152132773772,-245.31312774354592,-246.7642089263536,-248.85855290153995
1764847754.5081327,385.98011482693255,99.95256621576846,102.15536728966981,99.39532112237066
1764847754.5131328,322.7384065762162,-357.54004561388865,-350.9166827923618,-346.7429544418119
1764847754.5181327,94.1183222848922,-691.1484714113176,-696.1262782523409,-690.8118804153055
1764847754.5231328,172.92549415118992,-246.64453212777153,-244.11261985776946,-248.37610580725595
1764847754.5281327,383.2537277592346,101.55698329675943,104.04027686733752,99.01759122684598
1764847754.5331328,309.46176173351705,-362.480453455355,-359.2304803938605,-357.61110371304676
1764847754.5381327,82.6704885205254,-683.3619997035712,-689.8021074272692,-684.7008838877082
1764847754.5431328,171.90824136324227,-232.5376294949092,-238.01284303003922,-238.5738280233927
1764847754.5481327,377.0716731324792,85.53525188658386,92.02023840975016,85.36695638857782
1764847754.5531328,309.7721734298393,-369.0514576775022,-364.675774729345,-364.3803226328455
1764847754.558133,83.40724881179631,-676.8209146810696,-682.7262167111039,-676.2262705881149
1764847754.5631328,147.08652535732836,-263.4740819283761,-264.1809230200015,-263.6947360257618
1764847754.5681329,384.08772544935346,78.75481326691806,79.5588917573914,77.68146197963506
1764847754.5731328,311.61220420803875,-368.99161927821115,-369.10755617683753,-362.61508985375986
1764847754.5781329,83.53440541028976,-681.34993352741,-684.3942120913416,-682.8758127093315
1764847754.5831327,171.95686006266624,-231.1276872116141,-230.791096215602,-233.21829128684476
1764847754.5881329,385.2246550358832,96.822269952856,98.70343963056803,94.32027688249946
1764847754.5931327,308.8072792412713,-365.4985527195968,-364.6458555296995,-362.6300494535826
1764847754.5981328,93.51245849207044,-687.3375133564696,-692.457436395809,-688.7811147393659
1764847754.6031327,158.30996512435377,-245.36922624288127,-246.97738322382793,-246.30794113175943
1764847754.6081328,380.57595939096063,89.3761291410774,90.25126573070884,92.05015760939568
1764847754.6131327,314.5629852730781,-356.50409332616255,-356.6686489242129,-353.02224646741524
1764847754.6181328,101.02965740300715,-686.5745737655088,-690.6211455175653,-687.3038542568684
1764847754.6231327,165.36715634074062,-241.464770689141,-243.29358176747337,-244.6212462517433
1764847754.6281328,387.879984004423,85.19866089057177,89.57808373868465,82.6704885205254
1764847754.6331327,303.8818309996277,-369.8704957677983,-365.10586322424933,-365.95108061423525
1764847754.6381328,99.10360892582685,-682.097913518548,-686.2679019691423,-678.3767130626366
1764847754.6431327,167.28572501800954,-230.82475531520322,-229.91221972601488,-234.65441286982968
1764847754.6481328,383.0667327614501,94.79524417687207,98.8268563291058,98.92409372795373
1764847754.6531327,309.932989127934,-372.6791606345214,-371.2355592516251,-367.88086899137124
1764847754.6581328,103.47181207407266,-698.7068092217669,-703.3031462673098,-698.3889177255332
1764847754.6631327,158.82607131823897,-235.8362212558277,-237.7585298330523,-236.44208504864946
1764847754.6681328,403.329510721378,93.0823699971661,97.40943424589932,93.73311258945614
1764847754.6731327,333.5654169479385,-346.83271204074845,-344.6635700664483,-339.48754852777347
1764847754.6781328,99.31678322330117,-676.3010685872287,-685.2992678806186,-678.7881020577624
1764847754.683133,181.25425135251135,-244.2061173566617,-246.96990342391655,-248.2489492087625
1764847754.6881328,412.3912883140147,75.80777210183442,77.59918418060988,75.2954058079049
1764847754.6931329,379.7083026012406,-354.6378832482733,-347.23288133600727,-345.87529765209183
1764847754.6981328,172.46174655668437,-664.4306261278689,-663.1254010433331,-663.1291409432888
1764847754.7031329,246.84835667535663,-204.60431672586128,-207.42046139249578,-210.25156565895304
1764847754.7081327,508.73485107254237,133.7687416151166,136.42781048361212,135.42925719544291
1764847754.7131329,458.82962606381625,-329.40851814718917,-326.21464358503,-323.7612692140974
1764847754.7181327,227.4794148048386,-658.3981674993411,-664.8868939224631,-658.2934503005818
1764847754.7231328,295.57177329808474,-208.62470917822793,-209.02487847348675,-211.46329324459657
1764847754.7281327,503.8655013302341,114.04450924880803,117.05886861309409,113.36010755691677
1764847754.7331328,447.79318129457533,-320.9189452477731,-322.3849860304035,-320.2906420552172
1764847754.7381327,206.32654065545648,-651.307317183353,-652.1824537729844,-649.2316727079451
1764847754.7431328,263.0870022829622,-205.56921091442928,-210.87986885150895,-211.50817204406485
1764847754.7481327,470.1914421292022,124.16467852890491,128.45434377808124,126.38243920262903
1764847754.7531328,406.6430620821193,-337.56523995054886,-333.3653323003091,-328.735336155165
1764847754.7581327,175.58456301968545,-636.0335657643154,-642.2455395907164,-635.9886869648471
1764847754.7631328,236.61225049663335,-211.7437857412733,-214.58236980764195,-219.18992655305192
1764847754.7681327,432.0669019808993,97.40943424589932,100.50981130916625,99.69077321887016
1764847754.7731328,354.9165057949722,-351.8479178813286,-346.2904265471734,-346.7317347419448
1764847754.7781327,119.40752578526735,-660.9151201695204,-664.0603760322556,-657.1527808140963
1764847754.7831328,161.61977658513933,-222.3052632161416,-223.28137710457668,-227.14469375880435
1764847754.7881327,377.5877793263644,86.4851864753291,91.37323571741581,87.32666396535933
1764847754.7931328,307.7002688543871,-372.98583243088797,-370.2220463636331,-371.1607612525113
1764847754.7981327,69.18814918026328,-677.4529577735811,-685.2356895813718,-683.3433002037928
1764847754.8031328,127.60912638809532,-213.53519782004878,-214.62724860711023,-217.03200427861884
1764847754.808133,345.74627110362053,87.72683326061815,94.15198138449341,89.6715812375769
1764847754.8131328,253.0865098014474,-382.4141202191822,-378.2703110682778,-378.0533968708478
1764847754.8181329,26.21295878943056,-703.7556741619483,-708.0715187108144,-703.0563128702343
1764847754.8231328,104.36564816348255,-249.22132319724187,-250.14881838625297,-252.97992265271023
1764847754.8281329,321.0330121964216,64.13554434012622,72.54657934047282,68.21203529182822
1764847754.8331327,262.21560559328645,-393.81333528412506,-389.0487027405761,-386.58410866977647
1764847754.8381329,50.31661400385201,-672.8902798276395,-675.4221920976415,-674.7864091051742
1764847754.8431327,108.78247001115233,-224.52676378982142,-228.37886074418202,-234.26172337448224
1764847754.8481328,329.0550976013765,62.67698335740715,66.78713340871036,66.03541351761669
1764847754.8531327,259.5266175251454,-389.6433468335308,-390.73913752054796,-387.92299285391346
1764847754.8581328,43.04624848999083,-677.8568669687957,-683.8070477982983,-680.3625999391079
1764847754.8631327,108.05692941974849,-247.3925121189095,-255.2089030263014,-253.2865944490768
1764847754.8681328,333.17646735254675,60.74345508031547,66.996567806229,66.2523277150467
1764847754.8731327,269.96093840152025,-396.8725734478794,-391.9172060065903,-390.37262732489035
1764847754.8781328,48.454143825918436,-687.9583367491141,-693.7140427809209,-686.7727884631604
1764847754.8831327,110.92917258571833,-231.65501310536638,-239.58734091138467,-241.5433085882105
1764847754.8881328,340.18129996955395,51.23662939295173,57.385024920105934,54.897991449572146
1764847754.8931327,283.18522464483976,-394.8642471716739,-391.78630950814113,-392.81104209600016
1764847754.8981328,47.04046164266765,-694.6228384701535,-696.7508415449411,-692.7865475919098
1764847754.9031327,129.00410907156765,-224.30236979248002,-226.62484766496345,-227.67201965255663
1764847754.9081328,352.0854015285149,83.92335500568151,87.99236615747213,83.13049621507525
1764847754.9131327,288.00595568772405,-388.5363364466466,-385.2452244856395,-380.7236854392104
1764847754.9181328,57.2503885217011,-686.1893640700728,-690.4229308199137,-687.8648392502218
1764847754.9231327,122.79587514512241,-234.66937246965244,-232.63112699380144,-233.65585958166048
1764847754.9281328,361.1733584208414,70.83370516076684,76.41363589465618,67.7744669970125
1764847754.933133,298.3692184649408,-383.55478970566764,-379.69147305143997,-378.9098339607008
1764847754.9381328,77.8908963771537,-678.7656626580283,-685.4002451794222,-679.2630693521351
1764847754.9431329,125.91869160812348,-223.9807383962907,-222.74657141091302,-225.4168599792756
1764847754.9481328,350.1331737516448,61.768187668174505,66.50290101207793,63.50724114757031
1764847754.9531329,290.3172138603404,-390.52222332311794,-387.99779085302725,-390.03229642892256
1764847754.9581327,81.5185993341729,-674.7228308059275,-678.4776903614402,-678.1373594654724
1764847754.9631329,149.4015234299004,-221.59842212451622,-224.36594809172675,-223.29259680444375
1764847754.9681327,352.89695981889963,64.19912263937294,65.4781684242189,62.80040005594492
1764847754.9731328,293.6494647208601,-399.92433181172237,-398.420892029535,-393.63755998620763
1764847754.9781327,66.89559050742537,-692.0348277008161,-695.6924498574808,-687.5095487544313
1764847754.9831328,154.00534027535468,-209.72423976520076,-209.12585577229038,-212.36834903387353
1764847754.9881327,369.101946326904,75.80403220187873,81.20070783793926,81.12216993886977
1764847754.9931328,306.64935696683824,-389.5648089344613,-389.8714807308279,-389.0225234408863
1764847754.9981327,88.27659855410457,-689.2186830341816,-690.7782213157043,-690.9951355131343
1764847755.0031328,150.15698322094977,-215.3041704990901,-216.14564798912033,-219.00293155526742
1764847755.0081327,374.517321462743,76.12192369811237,79.82816455420107,73.45163512974977
1764847755.0131328,307.3374985586852,-405.2574291485362,-401.15475889714435,-397.19046494411305
1764847755.0181327,101.6056019961834,-668.5819150786847,-674.8911263039336,-669.4533117683604
1764847755.0231328,158.0706115271896,-199.66016898443922,-200.75595967145637,-203.27665224159136
1764847755.0281327,367.5835469448939,84.45068089943379,86.7843784717843,85.5988301858306
1764847755.0331328,310.9988606153056,554.1858552340418,551.9493950605392,558.0903107877821
1764847755.0381327,82.41617532353848,289.3504497217946,287.4804997439496,289.6010230188258
1764847755.0431328,160.1911348020658,764.0727806473151,763.8109876504168,764.3308337442577
1764847755.0481327,373.2494953777641,1056.0262007382698,1058.0569664142095,1059.111618201714
1764847755.0531328,308.68386254273355,582.5342968981713,582.8372287945822,583.6151279853657
1764847755.058133,96.06681016180664,314.7593300207518,313.3157286378555,317.7662095851265
1764847755.0631328,147.20994205586612,781.3698179423809,779.7317417617887,779.3091330667958
1764847755.0681329,369.23284282535315,1041.3171742125414,1047.1027994439937,1038.8451003418304
1764847755.0731328,312.887510092929,571.0490641342476,574.0671633984894,575.8959744768217
1764847755.0781329,91.1563215199858,294.7172061582096,290.9698264026083,294.6349283591844
1764847755.0831327,151.53326640464365,774.3313262257725,773.6918033333495,773.770341232419
1764847755.0881329,384.600091743283,1049.3729187170975,1048.6398983257823,1047.3720722408034
1764847755.0931327,306.49602106865495,565.8319036960602,565.1549818040803,564.7548125088215
1764847755.0981328,88.94978054612875,308.8315885909833,301.4565058783628,307.2009922103025
1764847755.1031327,170.8199304761365,795.1924881786108,-185.45228905277327,793.0944043034688
1764847755.1081328,386.2942664232105,1055.9962815386243,86.99381286930293,1060.39066398656
1764847755.1131327,309.5889183320105,566.7893180847168,570.3908417420462,574.9497797880322
1764847755.1181328,84.46190059930086,296.09722924185917,294.3132969629951,295.10989565355703
1764847755.1231327,159.51047301013023,775.1765436157584,778.5798525754362,776.9829152943566
1764847755.1281328,370.9569367049262,1048.1985901310109,1056.3702715341933,1053.479328868445
1764847755.1331327,323.4938663672656,590.6087409025058,591.9551048865542,592.9125192752108
1764847755.1381328,93.75555198919028,321.6108267395757,313.59248123457655,321.25927614374086
1764847755.1431327,150.50479391682893,774.0994524285197,772.74560864456,771.6049391580746
1764847755.1481328,375.34757925290614,1024.352988013532,1029.3083554548211,1027.8310949723236
1764847755.1531327,327.529218419455,568.6405685627833,571.4006147300825,573.3528425069526
1764847755.1581328,95.3412695704028,306.66618651663885,300.2036393932067,304.99445123644546
1764847755.1631327,156.5596919450909,794.3136116890237,-187.74858762556687,793.9022226938978
1764847755.1681328,376.2862941417843,1047.5291480389424,71.83225844893605,1046.6016528499313
1764847755.1731327,323.0450783725828,573.3453627070412,-410.37361228791997,571.381915230304
1764847755.1781328,100.94737960398197,313.4167059366591,-672.9501182269305,315.18567861570045
1764847755.183133,166.33953032922,795.6450160732493,-185.80009974865243,789.0291330516338
1764847755.1881328,373.5823464738205,1051.7589748888277,76.37997679505497,1054.9565893509425
1764847755.1931329,321.7024542884901,568.0272249700502,-411.02435488021,571.5576905282214
1764847755.1981328,102.26756428834051,317.9756439826451,-665.6610532132909,316.5096032000147
1764847755.2031329,156.67562884371728,790.4876940343529,-187.64387042680755,789.6200372446328
1764847755.2081327,370.1790375141427,1045.4161045639776,69.03855318203568,1047.3084939415567
1764847755.2131329,331.40375477354974,566.1348355924711,-408.7617154070176,571.5202915286645
1764847755.2181327,93.99490558635443,307.4216463076882,-676.8358742808923,310.9072330663912
1764847755.2231328,167.07255072053522,-172.59451300511137,-1152.050002050586,-173.16671769833192
1764847755.2281327,380.8527119876817,88.12326265592128,-887.7681017317809,89.92589443456382
1764847755.2331328,308.1415770491585,560.5810841582716,-420.2095491713844,561.6955743450671
1764847755.2381327,82.46853392291814,278.2579064532183,-707.353457919322,279.87354323407635
1764847755.2431328,166.73969962447882,-191.64556337939575,-1175.1438842769712,-196.69816821953282
1764847755.2481327,369.0196685278788,69.8463715724647,-905.5139270215295,69.54717957600951
1764847755.2531328,310.2882796237245,-408.71683660754934,-1386.6090474715456,-403.93724446417764
1764847755.2581327,94.82890327647328,-681.1741582294926,-1669.2052378733642,-683.496636101976
1764847755.2631328,160.06023830361664,-1159.8551732581109,-2140.402713090647,-1166.5308946790174
1764847755.2681327,369.00844882801175,-911.804438747,-1889.4647758137435,-912.9638077332638
1764847755.2731328,320.8460171986371,-1392.525569201447,-2368.660027086269,-1386.0555422781035
1764847755.2781327,87.98862625751644,-1655.797696532216,-2641.289384106174,-1656.7214518212713
1764847755.2831328,164.5219389507547,-2137.362174426671,-3121.264404519461,-2134.7891232571565
1764847755.2881327,374.07975316792727,-1884.1054991772398,-2858.9422117774375,-1884.4383502732962
1764847755.2931328,317.79799873474985,-1399.219990122132,-2375.272170207929,-2372.5270836404525
1764847755.2981327,95.61802216712385,-1654.253117850516,-2634.752038983628,-2633.8582028942183
1764847755.3031328,148.94525563530624,-1169.6873702416196,-2155.152878515888,-2151.824367555324
1764847755.308133,364.5878870803863,-924.9165279916488,-1902.0906780641526,-1905.9876538179815
1764847755.3131328,311.20829501282424,-1404.104299464263,-2381.9703310285695,-2383.7542633074336
1764847755.3181329,87.69317416101694,-1649.8587354025804,-2632.822250606492,-2627.3881759708747
1764847755.3231328,174.54861073195934,-2128.618288330268,-3107.864342978224,-3106.529198694043
1764847755.3281329,387.3264788109809,-1885.4705626610667,-2861.1150936516933,-2863.276755826082
1764847755.3331327,318.7441934235394,-1405.4095245487988,-2380.276156348642,-2381.001696940046
1764847755.3381329,95.76761816535145,-1650.2439450980164,-2629.9948862399906,-2624.729107102379
1764847755.3431327,156.35773734748363,-2134.905060155783,-3116.5334310755134,-2137.448192125652
1764847755.3481328,372.7034699842334,-1904.7347873328254,-2881.7743010069244,-1905.0938177285716
1764847755.3531327,329.1261557005346,-2386.9630974694155,-3368.494230990298,-2383.8178416066803
1764847755.3581328,95.01215837430209,-2619.160396068357,-3605.0597327374853,-2621.4342552414164
1764847755.3631327,159.4094957113266,-2129.826276015956,-4093.74872004753,-2133.9775649667718
1764847755.3681328,375.2466019541025,-1903.6763956453651,-3861.6598785473034,-1900.4675614833832
1764847755.3731327,322.94410107377917,-2392.0269220094196,-4350.141301409807,-2386.050561880227
1764847755.3781328,92.5625239033252,-2624.669268703088,-4590.23352881521,-2629.6844745436683
1764847755.3831327,151.72774120233953,-3105.9682137006894,-5066.304093674757,-3115.594716186635
1764847755.3881328,371.57028029765934,-2884.107998579275,-4841.949365282897,-2885.540380262304
1764847755.3931327,326.32123073376715,-3369.0215568840504,-5324.200114819221,-3368.3932536914945
1764847755.3981328,100.81274320557714,-3603.361818157602,-5574.423731204588,-3608.3396249986254
1764847755.4031327,155.3330047596246,-4088.2136681131087,-6047.304161401931,-4085.0684122503735
1764847755.4081328,376.4059709403664,-3865.3025411041453,-5820.395081340335,-3863.9524372201413
1764847755.4131327,321.2200071942061,-3375.7720763040707,-5335.891042080708,-4352.875168277416
1764847755.4181328,97.55529034417123,-3606.95586201502,-5572.920291422401,-4585.86906556692
1764847755.4231327,166.94913402199745,-4077.498854740057,-6036.185438833665,-5055.88847229816
1764847755.4281328,384.67862964235246,-3852.9870505500585,-5806.4863934051245,-4826.256745068822
1764847755.433133,327.43946082051843,-3371.6394868530333,-5327.969933974557,-4347.078323346097
1764847755.4381328,99.46263932157308,-3620.958047449123,-5585.254481476266,-4601.460708482191
1764847755.4431329,141.9516427181661,-4104.830043616239,-6069.107778143603,-5090.8004383845255
1764847755.4481328,360.2159440321848,-916.5896407403052,-910.0803448674269,-911.0751582556404
1764847755.4531329,329.14111530035734,-1398.8665695763193,-1395.7979816626757,-1391.6279932120815
1764847755.4581327,91.23485941905528,-1656.169816577807,-1661.7366576618515,-1659.765730385203
1764847755.4631329,166.9341744221747,-2122.8831517482176,-2124.9008277743123,-2125.4805122674443
1764847755.4681327,379.12113830819726,-1887.2900239895098,-1881.5848066071048,-1885.3957646619529
1764847755.4731328,319.87738311011344,-1414.5928488899954,-1418.274780396372,-1413.4802286531776
1764847755.4781327,100.50981130916625,-1641.5318481512368,-1644.3124637682922,-1636.9261613558047
1764847755.4831328,168.0823237085715,-2110.952870889567,-2116.441174074542,-2117.57062386116
1764847755.4881327,377.41948382835835,-1896.9277461753227,-1892.4342563785613,-1894.790393350646
1764847755.4931328,320.99187329690903,-1427.0280162426643,-1423.5293398341164,-1423.7238146318123
1764847755.4981327,97.50293174479157,-1642.481782739982,-1646.365668843966,-1638.115449541714
1764847755.5031328,147.41937645338476,-2130.744421455078,-2130.0581498132087,-1153.6132802320644
1764847755.5081327,377.12403173185885,-1893.2776038185693,-1886.6635907469317,-914.5570051143877
1764847755.5131328,319.9260018095374,-1415.6250612777658,-1414.7143956385553,-434.42490890296176
1764847755.5181327,102.39846078678966,-1644.8715788116679,-1646.9827523366548,-665.8592679109424
1764847755.5231328,158.50817982200533,-2118.608446098864,-2119.272278340999,-1137.228778526187
1764847755.5281327,376.181576943025,-1889.4666457637213,-1887.9650759315118,-911.5164664504118
1764847755.5331328,324.62331615388393,-1412.4573660152964,-1409.7440685974434,-429.151649965439
1764847755.5381327,91.47421301621944,-1652.2541413241997,-1661.9049531598575,-670.6575595540926
1764847755.5431328,161.41782198753208,-2123.5151948407292,-2126.3930478566326,-1148.998243686743
1764847755.5481327,370.04066121578217,-1902.567515308503,-1898.7696469035,-918.9813067619689
1764847755.5531328,323.53874516673386,-1412.4237069156952,-1409.725369097665,-431.672342535574
1764847755.558133,103.6027085725218,-1632.8590201539919,-1635.8752494682558,-651.898221376352
1764847755.5631328,144.11704479251057,-1150.5895711178891,-1154.982083615847,-170.6535049281083
1764847755.5681329,368.70925683155656,-928.4152044001967,-922.3771359217353,53.779761362820864
1764847755.5731328,320.68520150054246,-438.48457030486315,-437.35699046822265,-428.9721347675659
1764847755.5781329,110.34574819263071,-632.7181444535963,-638.5018997350708,-630.3040390321985
1764847755.5831327,146.31984586641192,-147.13514405675232,-1126.5027454532683,-151.11252765962854
1764847755.5881329,363.9969828873873,58.27325115958229,-914.3999293162487,57.48226231895387
1764847755.5931327,316.2982988525182,533.0872096340172,-446.35892966156825,537.9472096264362
1764847755.5981328,93.40774129331112,340.84326226171106,-644.4782598642632,341.9184834989719
1764847755.6031327,145.90471697133034,-145.8523583719507,-1132.36690858379,827.2995292982087
1764847755.6081328,369.81626721844077,57.47291256906465,-922.5641309195198,1034.1851849970408
1764847755.6131327,312.7379140947014,528.0682638934813,-452.9374136836268,1511.6544724400155
1764847755.6181328,89.11059624422342,332.3761287620291,-656.5394372213632,1313.7632761346176
1764847755.6231327,150.7366677140817,821.5232538166456,-1136.817389531061,1802.7645450909622
1764847755.6281328,382.5917654670775,1026.1649695420638,-923.0727573134936,2008.1841600071639
1764847755.6331327,316.590011049062,1509.7115944130346,-450.4840393126942,2488.4396729171276
1764847755.6381328,93.61717569082975,1315.578997563105,-646.5763437394053,2292.1454138928093
1764847755.6431327,154.95153496414423,832.5596985858865,-1128.8476627254859,1809.6983196088113
1764847755.6481328,369.19918372575194,1024.8447848577052,-930.7806911221705,2006.7293389244005
1764847755.6531327,319.327617816627,1491.868531724438,-464.2431312496774,2472.08135051094
1764847755.6581328,104.866794757545,1319.4236147175543,-642.8738427832723,2298.024536623154
1764847755.6631327,159.6301498087123,1803.334879834205,-166.55083467671648,2777.586298091337
1764847755.6681328,368.9112114291638,2009.5847525405698,46.902085344307125,2988.5559245417826
1764847755.6731327,315.733573959209,2469.5176490913145,507.26133049000055,3457.6553158839233
1764847755.6781328,89.8585762353614,2288.822512782179,319.2098109680228,3266.473500099033
1764847755.683133,146.07675236929208,1810.1527174534276,-147.20807210588828,2793.903481598012
1764847755.6881328,376.6228851377964,2010.9311165246181,52.470796378329396,2993.107382787857
1764847755.6931329,320.9956131968647,2473.2313697473146,514.4419384049252,3457.030752591323
1764847755.6981328,95.54696406796575,2289.944482768886,322.3849860304035,3269.1437886673957
1764847755.7031329,145.60552497487515,1806.3193199988455,-153.169472635258,2783.7085143188015
1764847755.7081327,367.96501674037427,1994.6363724176772,35.663685977458954,2977.1380099770613
1764847755.7131329,318.4076024275273,2467.438264715951,513.7463170131668,3456.8362777936272
1764847755.7181327,109.14524030685425,2300.9323088387027,340.807733212132,3280.9431730275974
1764847755.7231328,166.73595972452313,1814.4610822023824,827.8305950919166,2792.422481215559
1764847755.7281327,366.08384706266224,1984.1870919414796,1010.9342269725166,2970.2939930581488
1764847755.7331328,325.707887141034,1499.1388972382993,522.6771981073543,2487.6580338263884
1764847755.7381327,100.3789148107171,1319.5619910159148,333.41395099973306,2298.8959333128296
1764847755.7431328,166.92295472230762,859.3560817684047,-123.85987668251619,1832.6987043363042
1764847755.7481327,384.2111421478912,1032.0702715720981,59.57660629414022,2019.1196274776012
1764847755.7531328,311.3242319114506,1472.0844609588385,490.491619088687,2460.7980723446235
1764847755.7581327,90.96558662224561,1303.3906636075117,316.6068405988626,2282.2271992103197
1764847755.7631328,152.54677929263562,839.4411145043559,-140.40893398644403,1822.2868228596635
1764847755.7681327,380.5983987906948,1029.7178744999692,56.0274412361905,2010.7422515768558
1764847755.7731328,324.3802226567641,1497.0520330630243,520.0742277381942,2482.478272387758
1764847755.7781327,102.59667548444122,1318.5335185281,336.64896446140483,2296.334101843182
1764847755.7831328,161.30562498886138,838.6781749133952,-140.28551728790626,1815.1099548446946
1764847755.7881327,364.0231621870771,1020.0090942149982,47.54908803664148,2001.0035520922393
1764847755.7931328,323.7743588639423,1493.2522947080433,518.3950126580894,2481.4124009003863
1764847755.7981327,108.47579821478575,1330.2431452893652,344.7832468650304,2309.0909005920403
1764847755.8031328,163.65802206099033,869.1733191520907,-116.00982667552307,1839.6137793543749
1764847755.808133,368.94113062880933,1022.4325493862852,47.54534813668579,1998.449200422503
1764847755.8131328,322.1998609825969,1471.7179507631809,489.4107880014926,2454.4402424199507
1764847755.8181329,103.9392995685339,1320.2052538082935,335.56813337421045,2298.6565797156654
1764847755.8231328,160.79699859488755,853.5928959366865,-131.01430529775098,1830.2303703655489
1764847755.8281329,388.3325118990615,1046.1397752054036,75.72549430280924,2027.6540791764855
1764847755.8331327,335.44284672569484,1501.5436529098079,526.8471865579486,2488.5518699157983
1764847755.8381329,94.20060008391738,1301.3150191321038,316.2852092026733,2280.884575126227
1764847755.8431327,142.52384741138667,847.4258009097539,-139.53753729676828,1821.4752645692788
1764847755.8481328,365.23488977272063,1028.7155813118443,49.49757591355592,2011.535110367462
1764847755.8531327,323.404108768329,1493.1625371091068,516.0276559861377,2481.876148494892
1764847755.8581328,99.94508641585708,1320.2538725077175,337.213689354714,2299.1876455093734
1764847755.8631327,151.95587509963661,843.6298024547286,-139.31314329942688,1820.42435268173
1764847755.8681328,377.146471131593,1032.107670571655,57.09705262351781,2015.4994043204933
1764847755.8731327,320.28129230532795,1481.4042916484177,505.2717037135735,2465.0652981940657
1764847755.8781328,97.68618684262037,1317.7331799375825,330.990495828446,2302.6133938687854
1764847755.8831327,157.83499782998115,846.6217224192806,-135.25535184750333,1821.7819363656454
1764847755.8881328,382.61420486681163,1026.4080630391836,51.48720268998295,2006.2132327305153
1764847755.8931327,335.7121195225045,1494.4565424937755,517.1758052725345,2480.488645611331
1764847755.8981328,106.98357813246548,1339.907046774868,352.7417539707385,2324.1626974134706
1764847755.9031327,156.50359344575554,858.7165588759817,-117.86107715358958,1835.4550106036477
1764847755.9081328,369.0982064269483,1012.7125494014472,36.65849936567247,1999.0326248155907
1764847755.9131327,322.16246198304,1482.9376506302506,505.4699184112251,2468.9360946482047
1764847755.9181328,98.83059622906148,1323.1261156736873,340.53846041532233,2305.766129531432
1764847755.9231327,143.72061539720744,845.3127574347891,-136.13422833709046,1828.1509859901853
1764847755.9281328,371.5889797974378,1019.444369321689,45.634259259328246,2001.343882988207
1764847755.933133,330.8203303804621,1482.571140434593,507.1304339915514,2469.8411504374817
1764847755.9381328,95.74517876561731,1323.6347420676611,333.2980141011067,2303.0921010631137
1764847755.9431329,144.09460539277643,852.8187366458587,-130.2326662070118,1830.9110321574844
1764847755.9481328,375.4448166517541,1030.5481322901323,54.183670558035374,2007.6867533130571
1764847755.9531329,321.3733430923894,1491.2963270312175,512.2989757303149,2472.694694103673
1764847755.9581327,97.46927264519036,1318.5783973275684,330.1116193388589,2296.913786336314
1764847755.9631329,155.02633296325803,844.2394061475061,-142.12928796606138,1815.6746797380038
1764847755.9681327,353.40184631291777,1002.281968425028,25.34156209975481,1985.0827979808673
1764847755.9731328,336.7181526105851,514.3129118564539,-460.2339584971778,1499.5558960833587
1764847755.9781327,105.90648694522679,356.08335458114743,-630.8014457263052,1334.8189128851518
1764847755.9831328,160.4080489994958,-116.59886091854423,-1095.304500022903,861.2989597953856
1764847755.9881327,379.3193530058488,48.84496337128803,-924.0301717021503,1029.3644539541565
1764847755.9931328,329.84421649202704,512.454181578476,-468.70483189681545,1496.9529257141985
1764847755.9981327,94.61198907904327,348.0163903767243,-639.9417612180114,1322.4585435315967
1764847756.0031328,156.0361059512943,-131.8389532379806,-1109.934988649562,848.6655777450651
1764847756.0081327,353.30086901411414,25.328472449909896,-951.3351812786423,1005.743245834019
1764847756.0131328,299.8763981470838,496.0659399726428,-484.34883341146633,1481.413641398307
1764847756.0181327,106.58714873716235,355.8739201836288,-625.8685176847503,1338.6971891392022
1764847756.0231328,163.4149285638705,-109.36215450428426,-1088.6773973014206,870.8506642822176
1764847756.0281327,385.5986450314522,44.14764902694151,-932.740398698952,1025.9499252946116
1764847756.0331328,340.9031006610021,491.6266787252389,-488.4402839629911,1477.5615444439463
1764847756.0381327,129.5389147652313,347.10385478753597,-635.9587677652016,1326.8641456793994
1764847756.0431328,182.8250093339011,-115.1290802359581,-1096.0861391136423,860.6781364027411
1764847756.0481327,387.35639801062644,31.98549437103793,-950.4263855894096,1012.437666754704
1764847756.0531328,345.1927659101784,504.1852627764456,-472.9084794470109,1492.2369118700735
1764847756.058133,121.55048845987767,359.176251844503,-625.0008608950302,1334.310286491178
1764847756.0631328,165.32601744122803,-106.39641383942217,-1083.594873261638,869.8782902937382
1764847756.0681329,392.7343741469085,48.9309810702689,-927.1754275648855,1027.1354735805653
1764847756.0731328,331.4935123724863,497.6628772537224,-475.15241942042485,1484.2896244642325
1764847756.0781329,120.29762197472155,370.5418078098446,-613.3024538336322,1347.1830221386626
1764847756.0831327,159.54787200968713,-104.61248156055808,-1087.0879398202524,874.5943041378632
1764847756.0881329,376.9968751333654,35.830111525487155,-943.9301793663763,1012.7218991513364
1764847756.0931327,330.7230929816142,491.5518807261251,-486.6937506836839,1476.203960760031
1764847756.0981328,93.12724879663438,345.3199225086719,-642.2044006912038,1325.843152991496
1764847756.1031327,149.64087702706456,-119.60574048291892,-1099.4707485735416,856.8222995484248
1764847756.1081328,369.1056862268597,31.465648277197033,-945.5757353468798,1017.4453927953728
1764847756.1131327,320.68894140049815,486.1103262905963,-493.3732120045461,1475.7701323651709
1764847756.1181328,107.76147732324898,347.96777167730033,-639.5640313224867,1329.5157347479835
1764847756.1231327,152.23636759631336,-118.82784129213542,-1096.6620837068185,858.7782672252506
1764847756.1281328,369.34129992406815,24.498214659746736,-950.80785538489,1009.3896482908167
1764847756.1331327,337.6793068991974,493.1151589076035,-486.60773298470303,1478.7096937303431
1764847756.1381328,104.36938806343824,352.04426262900233,-632.1889486098662,1333.3042534030974
1764847756.1431327,147.48295475263149,-109.06670240778476,-1094.762214529328,866.6170975323766
1764847756.1481328,377.00809483323246,51.81818383606151,-922.7361663174815,1033.0071165109985
1764847756.1531327,328.72972630523145,491.63415852515027,-492.4083178159781,1480.0186587148346
1764847756.1581328,89.17417454347014,331.51221187226474,-652.8406761651859,1312.1139802541584
1764847756.1631327,140.7361752325669,-120.58185437135398,-1095.786947117187,858.6174515271559
1764847756.1681328,359.37072664219886,16.218076157849282,-959.5180823816918,1000.5073858960532
1764847756.1731327,334.717306134291,495.448856479954,-485.0294952034019,1480.4076083102264
1764847756.1781328,79.46539425849915,336.95002640783787,-648.461253317073,1316.2353500053287
1764847756.183133,162.29295857716352,-78.66131576802582,-1058.6347809573635,898.959752349183
1764847756.1881328,369.5881333211437,30.74758748570457,-945.1531266518869,1017.9689787891693
1764847756.1931329,331.1868405761197,474.7672097249888,-496.8400992634706,1461.1695629381575
1764847756.1981328,103.50921107362956,343.21435883361846,-640.0988370161504,1319.2123103700578
1764847756.2031329,155.3367446595803,-93.12724879663438,-1075.7111641550437,885.9972591027617
1764847756.2081327,377.9131506225094,40.89767596544698,-938.0248773363419,1018.2307717860676
1764847756.2131329,318.3328044284135,467.78481650771573,-512.2223077812232,1453.4279700298794
1764847756.2181327,101.11941500194371,354.26202330272645,-634.5450855819508,1334.1831298926845
1764847756.2231328,145.16047688014805,-102.7537512825802,-1084.1782976547256,873.7266473481432
1764847756.2281327,384.1924426481128,40.75555976713076,-940.8597215027548,1020.6841461570002
1764847756.2331328,328.2734585106373,472.1679792557843,-500.9502493147738,1462.0484394277446
1764847756.2381327,107.94473242107779,351.5692953346297,-631.938375312835,1332.7694477094337
1764847756.2431328,136.6970832804218,-112.63082706555724,-1094.1152118369937,862.7911798777059
1764847756.2481327,369.3936585234478,33.06632545823231,-942.823168979492,1015.2538114213385
1764847756.2531328,315.5241395616904,461.2699107849039,-519.2944585974328,1446.2623217147775
1764847756.2581327,97.46927264519036,348.84664816688746,-638.920768530108,1328.7004365576431
1764847756.2631328,148.851758136414,-102.89212758094072,-1079.1967509137467,876.7148274127394
1764847756.2681327,363.4397377939895,29.16934970440343,-946.3872936372645,1006.2481323280372
1764847756.2731328,333.909487743862,483.8850858169608,-496.2155359708704,1469.135549843777
1764847756.2781327,92.03145810961723,348.77932996768504,-643.2253933791071,1326.6696708817035
1764847756.2831328,141.93668311834335,-105.91022684518248,-1090.0387208852917,866.299206036143
1764847756.2881327,368.9224311290309,27.250781027134508,-948.2422840152867,1012.015058059711
1764847756.2931328,333.46817954909056,473.6863786377944,-503.4073635856621,1460.3879238474183
1764847756.2981327,110.39062699209899,355.2530967909843,-632.3348047081381,1328.9958886541426
1764847756.3031328,156.46619444619864,-96.3435627585277,-1076.081414250657,883.3681094339117
1764847756.308133,378.3619386171922,43.22015383793041,-932.9386133966036,1025.4225994008593
1764847756.3131328,326.5194454314187,478.9596375753172,-499.26729433471337,1463.682775708381
1764847756.3181329,111.44901867955923,356.04221568163484,-623.6993757104501,1337.481721653603
1764847756.3231328,158.23516712523997,-97.88440154027194,-1077.5025762338191,880.1742348717526
1764847756.3281329,366.5775138568133,26.37564443750307,-955.2396368323825,1005.2233997401781
1764847756.3331327,337.7167058987543,477.63571299100295,-499.9928349261172,1460.2869465486147
1764847756.3381329,111.7556904759258,355.85896058380604,-624.9821613952518,1340.484861318022
1764847756.3431327,145.45218907669187,-98.36684863455594,-1081.436950987205,876.224900518544
1764847756.3481328,366.55881435703486,31.52922657644376,-947.2549504269846,1014.5731496294029
1764847756.3531327,322.8468636749312,472.7177445492707,-506.2197683523409,1458.8059461661614
1764847756.3581328,103.02676397934556,358.6863249503076,-625.5020074890926,1337.747254550457
1764847756.3631327,142.9576758062467,-90.95062702242285,-1073.957151075825,886.8275168929249
1764847756.3681328,370.6502649085596,23.024694077204913,-947.1988519276492,1008.3349965033121
1764847756.3731327,330.749272281304,469.8305417834781,-506.0664324541576,1456.532086993102
1764847756.3781328,105.26322415284812,349.73674435634166,-632.3871633075178,1332.765707809478
1764847756.3831327,146.01317407004535,-91.76966511271894,-1075.0492018628865,881.7562125530094
1764847756.3881328,368.1744511378929,21.794266991782933,-953.6987980506383,1004.7596521456726
1764847756.3931327,332.21531306393445,475.14493962051347,-505.4904878609814,1455.772887302097
1764847756.3981328,115.06176203675568,368.7017770316452,-614.8993911147118,1344.8007058668882
1764847756.4031327,146.76115406118333,-95.54696406796575,-1076.5825608447194,877.7507797004655
1764847756.4081328,367.9575369404629,17.90851093782112,-959.4619838823564,996.3149580457248
1764847756.4131327,318.4450014270842,462.0889488752,-511.46684799017385,1449.8114867727272
1764847756.4181328,93.66953429020941,351.1728659393266,-636.87130335439,1330.727462333627
1764847756.4231327,136.5063483826816,-85.58013068605214,-1070.2733496194705,888.345916274935
1764847756.4281328,356.9435315709561,15.855305862147361,-955.5911874282174,996.3448772453703
1764847756.433133,338.9359132843092,470.7542970725335,-505.217475164216,1454.8528719129972
1764847756.4381328,113.7939359517768,369.97334301657975,-618.2840005746111,1352.3066850779578
1764847756.4431329,153.82956497743726,-81.04737193975598,-1061.2601907262579,901.3570282207802
1764847756.4481328,367.2469559488818,29.58073869952932,-946.8622609316371,1015.3884478197433
1764847756.4531329,338.88355468492955,464.3347587985918,461.07543598720804,467.1191143156029
1764847756.4581327,114.5381760429591,361.17522837081924,360.00650963466614,363.2003841968253
1764847756.4631329,154.30453227180988,-87.85959970904514,-88.73286634869874,-91.1151826204732
1764847756.4681327,378.2572214184329,21.30994994752109,27.22834162740037,22.957375878002495
1764847756.4731328,323.5686643663794,454.1809304188937,456.4192605423741,459.06336981104687
1764847756.4781327,105.79802984651178,348.90087671624497,345.36854120809585,351.33742153737694
1764847756.4831328,147.0379066579044,-70.77947661140934,-75.98728729970753,-81.41762203536928
1764847756.4881327,372.96900288108736,24.99749130383134,29.745294297579676,23.458522472064942
1764847756.4931328,331.3513961741701,455.4375368040055,456.3519423431717,456.18738674512133
1764847756.4981327,108.81986901070923,353.17558236559853,349.3477947609499,354.67341229785234
1764847756.5031328,156.50359344575554,-69.62010762514547,-75.5908579044044,-70.42231616564095
1764847756.5081327,377.7261556247249,27.458345474675298,30.612951087299734,29.038453205954283
1764847756.5131328,334.4966520369053,455.74794850032777,459.89362760121,458.3191297198646
1764847756.5181327,119.10833378881216,357.0463788197376,351.33368163742125,357.6615923624486
1764847756.5231328,154.83559806551784,-65.05742967920378,-61.57371287047863,-63.6979760453105
1764847756.5281327,374.0386142684147,26.343855287879705,27.92396301915869,25.52294724760577
1764847756.5331328,345.1965058101341,460.23208854719996,459.99834479996935,465.03225014032796
1764847756.5381327,104.61996136046946,352.53605947317556,351.07188864052296,354.7519501969218
1764847756.5431328,153.34337798319757,-70.95525190932676,-76.24160049669445,-73.41049623023719
1764847756.5481327,374.64821796119213,22.11028853803873,29.6256174989976,29.16186990449205
1764847756.5531328,335.3119502272457,446.832027005963,453.10570918163285,455.02801775885746
1764847756.558133,116.12389362417161,364.20454733492807,357.32874126639217,364.4308112822473
1764847756.5631328,148.50020754057914,-71.61347430152819,-73.30951893143356,-76.79136579018086
1764847756.5681329,370.52310831006616,40.19270482379943,43.889595929998904,45.17238161480054
1764847756.5731328,339.65397407580167,453.7770212236792,456.98772533563897,454.8372828611173
1764847756.5781329,116.83821451570839,356.3096185284667,349.5048705590889,355.9187989830971
1764847756.5831327,151.78757960163057,-64.29822998819873,-64.59555203467607,-68.45512878894806
1764847756.5881329,356.4947435762733,0.6956213917583227,2.9077722155489028,0.3384609459899366
1764847756.5931327,316.5638317493722,422.04023019969463,421.4698954564519,422.2103956476785
1764847756.5981328,100.09094251412898,353.9983603558503,352.6912653213367,358.8807997480035
1764847756.6031327,150.01112712267786,-57.30087717110291,-64.4010772369802,-68.6271641869098
1764847756.6081328,364.15779858548194,20.775144253857434,23.12567137600854,21.670850293245167
1764847756.6131327,320.28503220528364,446.00176921579987,450.92160760750994,451.7518653976731
1764847756.6181328,109.43321260344237,367.3797223973088,363.2751821959391,361.6071868157014
1764847756.6231327,143.09979200456291,-67.72771824756637,-68.9226162834093,-76.26403989642859
1764847756.6281328,370.1827774140984,16.694913402199745,24.490734859835356,20.35066560888663
1764847756.6331327,334.65746773499995,447.2022771015763,454.309956967365,456.0938892462291
1764847756.6381328,115.16273933555931,357.7382603115402,360.9564442234114,362.56460120435804
1764847756.6431327,148.9228162355721,-65.48003837419674,-65.48190832417458,-65.40711032506078
1764847756.6481328,361.71564391441643,18.87901497632265,25.777260444592685,23.615598270203918
1764847756.6531327,324.83275055140257,436.5398223279044,438.2620462574996,442.1590220113285
1764847756.6581328,107.98961122054607,354.966994444374,349.1308805635199,358.25997635535896
1764847756.6631327,147.87190434802324,-63.28097720025107,-69.06099258176982,-69.25920727942139
1764847756.6681328,365.26106907241046,20.87612155266106,27.63973062252626,22.78534048004076
1764847756.6731327,330.61463588289917,435.5749281393364,436.1190835828893,436.1153436829336
1764847756.6781328,123.45409753732383,368.73730608122423,359.56146153993905,362.22427030839026
1764847756.683133,152.071811998263,-45.022785616572946,-47.11151974182576,-46.61037314776331
1764847756.6881328,355.33163469005376,27.177852977998555,30.616690987255424,26.951589030679315
1764847756.6931329,323.5200456669554,443.01358915120363,444.2683255863376,452.1221154932864
1764847756.6981328,96.92698715161532,341.9671021983959,341.29579015634954,345.0917886113748
1764847756.7031329,141.03536722902209,-78.93245851481333,-81.79161203093827,-80.7780991429463
1764847756.7081327,357.1417462686077,18.06371678598225,23.316406273748726,23.697876069229096
1764847756.7131329,327.9331276146695,437.2728427192196,442.69382770499215,440.1469558351673
1764847756.7181327,109.20881860610098,358.43014180334285,357.22028416767716,359.63999943900853
1764847756.7231328,138.67175045702606,-59.81035004137084,-61.786887167952955,-67.15364360436797
1764847756.7281327,361.1322195213288,14.383655229583383,19.06040012417361,13.992835684213787
1764847756.7331328,334.9005612321198,439.9468711875379,445.50249257171527,441.62421631766483
1764847756.7381327,106.81902253441513,363.1237162477337,356.33018797822297,361.6258863154799
1764847756.7431328,141.68984972126782,-60.87622152874246,-64.44595603644848,-63.32398604974151
1764847756.7481327,368.78779473062605,17.009064998477697,21.794266991782933,19.314713321160525
1764847756.7531328,334.47421263717115,442.7630158541724,442.32731750933453,447.06577075319365
1764847756.7581327,92.47650620434433,359.477313790936,357.2913422668353,354.5387758994475
1764847756.7631328,154.4765676697716,-53.878868711646646,-56.63330502901226,-55.25328194536269
1764847756.7681327,387.397536910139,21.960692539811134,29.838791796471924,28.698122309986502
1764847756.7731328,354.51633649971336,446.63381230831146,451.21705970400944,452.6307418872602
1764847756.7781327,142.13489781599492,383.32291590841487,379.450249504298,382.05695977341384
1764847756.7831328,176.5270178085193,-25.90441704308614,-33.70771830063313,-33.84235469903797
1764847756.7881327,390.35953767504543,38.75658324081451,41.021092663984746,43.76617923146114
1764847756.7931328,348.32680207304657,430.1632929034531,439.2605995456688,438.5649781539105
1764847756.7981327,128.42442457843572,368.4605534845032,360.93026492372155,367.11979935038835
1764847756.8031328,164.92210824601352,-39.12496338644996,-43.34918038640171,-45.94093105569482
1764847756.808133,372.7707881834358,18.57608307991177,22.100938788149506,21.10612539993599
1764847756.8131328,328.21362011134624,419.9384064245969,419.83555917581543,421.23428175924346
1764847756.8181329,111.52007677871734,362.8133045514114,359.66991863865405,364.19893748499453
1764847756.8231328,154.99267386365682,-36.47337431786582,-40.34978062193841,-40.57791451923549
1764847756.8281329,375.38497825246304,29.7546440474689,34.584724840242416,25.90067714313045
1764847756.8331327,341.21725225728005,432.07812168076634,433.64700971217826,436.57161147752777
1764847756.8381329,107.54830302577466,354.13299675425515,348.2707035737112,351.51319683529437
1764847756.8431327,141.90676391869783,-60.001084939111024,-60.627518181689084,-64.75636773277074
1764847756.8481328,360.97140382323414,15.6739207142964,18.533074230421335,20.062693312298506
1764847756.8531327,318.4188221273944,415.14759458135813,415.98346222145483,414.1808304428123
1764847756.8581328,113.52466315496713,371.99475894263014,371.74979549553245,371.00555540435016
1764847756.8631327,133.6565446164459,-44.53285872237757,-42.29452859889716,-44.19439777638763
1764847756.8681328,358.18517835624516,10.501639075577259,17.007195048499852,13.435590590815991
1764847756.8731327,339.4295800784603,438.73888350185007,441.79625171562657,442.76862570410594
1764847756.8781328,116.00795672554523,381.1350744343363,377.5055015273392,382.9545357627794
1764847756.8831327,147.87938414793462,-45.30701801320538,-43.04624848999083,-46.449557449668646
1764847756.8881328,371.6637777965516,14.795044224709272,22.624524781946093,16.842639450449497
1764847756.8931327,330.55105758365244,421.9841317003593,424.43189622135833,427.7491874820553
1764847756.8981328,107.1630933303386,359.4922733907588,352.74362392071635,358.44323145318776
1764847756.9031327,153.09654458612204,-29.20300880400464,-30.96637163311243,-35.181238883174956
1764847756.9081328,367.1310190502554,22.708672530949116,22.979815277736634,24.991881453897804
1764847756.9131327,335.58496292401105,406.6655014818534,404.71514365496114,406.82070733001456
1764847756.9181328,104.45166586246341,351.87783708097413,345.6490337047726,350.6156208459288
1764847756.9231327,150.29909941926599,-31.98175447108224,-35.44303188007325,-35.71230467688292
1764847756.9281328,377.2885873299092,29.39561365172267,33.447795253712684,32.93916885973886
1764847756.933133,329.8217770922929,419.0408304352313,420.1833698716946,424.5852321195416
1764847756.9381328,97.26357814762741,358.1907882061787,353.58884131070226,359.6474792389199
1764847756.9431329,159.1477027144283,-36.8137052138336,-42.100053801201284,-38.64064634218812
1764847756.9481328,365.5340817691758,19.30162367131561,25.15643705194816,21.57735279435292
1764847756.9531329,331.44115377310663,412.1145357172936,416.3350128172897,418.46301589207724
1764847756.9581327,98.48278553318232,357.2969521167688,355.9374984828755,360.85172702465206
1764847756.9631329,142.95019600633532,-50.89816844696179,-55.354259244166315,-59.58782599400729
1764847756.9681327,375.41489745210856,12.109796056523919,17.743955339770764,15.776767963077873
1764847756.9731328,354.55373549927026,433.1290335683152,435.8161516864784,432.854150921572
1764847756.9781327,128.97418987192214,371.80776394484565,368.64567853230983,371.44686359912157
1764847756.9831328,149.71193512622267,-44.731073420029134,-43.244463187642395,-48.26714882813394
1764847756.9881327,375.9534430457279,16.5640169037506,23.724055368918926,20.533920706715435
1764847756.9931328,338.9471329841763,407.24892587494105,411.56290047382936,413.23463575402275
1764847756.9981327,121.73374355770648,374.3097570152022,369.55821412149817,377.38956462871283
1764847757.0031328,177.47695239726454,-18.600392429623753,-19.974805663339794,-21.960692539811134
1764847757.0081327,394.5893645249307,20.670427055098116,23.712835669051856,22.35899188509211
1764847757.0131328,370.7362826075405,425.9147665537894,427.6295106834732,432.1211305302568
1764847757.0181327,183.84974192176014,367.9257477908395,365.81831416580826,371.70865659601986
1764847757.0231328,268.4911577189341,-10.122039230074733,-13.28038474265486,-10.954166970215738
1764847757.0281327,502.1638468503952,50.933697496540844,54.301477406639606,46.227033402305096
1764847757.0331328,493.36760215461254,455.5123348031193,454.7250858624466,459.3550820075907
1764847757.0381327,283.061807946302,407.9950359161012,401.38850264437497,400.83125755097717
1764847757.0431328,294.5096417106688,8.166071553248912,4.656175444833934,1.854990378022194
1764847757.0481327,518.2566363597289,71.15907645691186,75.37207375699654,75.57776825455949
1764847757.0531328,466.27202697563916,459.04654026124626,465.6493336330168,463.5400300580077
1764847757.058133,216.19613663852215,401.37541299453005,397.9739739848301,399.17822177056223
1764847757.0631328,225.17189653217793,-2.578661019448191,-6.245632926002145,-8.635428997687995
1764847757.0681329,433.14773306809366,33.41226620413363,38.605117292609066,35.9984070234932
1764847757.0731328,393.295359140262,433.48058416415006,439.69442794052884,437.87309666210786
1764847757.0781329,146.56293936353177,390.45116522395983,382.6553437663242,385.90157692786306
1764847757.0831327,153.90436297655106,-11.244009216781706,-16.829549800604582,-15.101716021075845
1764847757.0881329,359.04161544609815,27.78371677082032,28.567225811537355,31.16645628074184
1764847757.0931327,319.3650168161839,408.6326888585463,415.15694433124736,418.13016479602084
1764847757.0981328,95.41232766956091,370.2332660635002,367.34419334772974,372.0302879922092
1764847757.1031327,107.39122722763568,-41.66061555640772,-49.17594451736659,-48.139992229640484
1764847757.1081328,327.1140895243734,-0.8265178902074695,3.7230704058893025,1.4342516330070794
1764847757.1131327,289.6515116682276,402.58527063019574,403.45105746993795,401.7681024898775
1764847757.1181328,56.69688332825899,340.2093492192216,339.85218877345324,340.17382016964257
1764847757.1231327,89.09563664440066,-48.343816777225584,-51.42362439073622,-52.01826848369092
1764847757.1281328,327.7872715163976,12.266871854662895,13.435590590815991,11.4684032141231
1764847757.1331327,292.5087952343747,403.0714576244354,409.11700590280816,407.86413941765204
1764847757.1381328,58.989442001096904,356.35075742797926,347.7246781801805,357.9907035585493
1764847757.1431327,98.20603293646127,-27.55745282350108,-32.63062711339444,-30.080015343613923
1764847757.1481328,323.8603765629232,3.8894959539175034,6.165225076954812,5.948310879524797
1764847757.1531327,284.77842202596366,390.02294667903334,391.3150821137242,391.00841031735763
1764847757.1581328,53.802200762555,343.545339979697,336.3853015145287,343.9810383245349
1764847757.1631327,100.0460637146607,-16.105879159178585,-19.211866072379053,-19.215605972334743
1764847757.1681328,320.1055170074105,6.84027701895684,7.956637155730277,6.546694872435182
1764847757.1731327,296.3534123888239,378.97528220992535,383.2032391098328,380.8658016375266
1764847757.1781328,70.6616697628051,345.42276975745335,348.8429082669318,346.0604226998985
1764847757.183133,95.39736806973815,-37.430788706522435,-37.70567135326564,-39.34748743381351
1764847757.1881328,318.43004182726145,-11.907841458916664,-8.076313954312354,-13.641285088378936
1764847757.1931329,301.93334312271327,381.93354307487607,388.7158516445197,387.9005534541793
1764847757.1981328,82.46105412300676,359.43243499146774,355.2830159906298,362.0335354106501
1764847757.2031329,112.74676396418363,-33.55625235242769,-34.6838321890682,-29.691065748222172
1764847757.2081327,334.126401941292,8.571850698441267,15.290580968838185,8.435344350058585
1764847757.2131329,302.1726967198774,380.86019178759307,385.1367673869245,385.81742917886004
1764847757.2181327,89.72393983695656,357.2184142176993,352.77354312036186,358.74242344964296
1764847757.2231328,120.72771046962589,-14.067633683327585,-20.16180066112429,-19.148287773132324
1764847757.2281327,350.26407025009394,2.9881800645962358,7.6275259596295655,11.000915719661862
1764847757.2331328,316.3992761513218,384.7459478415549,393.8806534833275,392.7960824961774
1764847757.2381327,78.51545966975391,351.42156928637996,348.0575292762369,354.77812949661165
1764847757.2431328,116.15755272377282,-24.74504805682227,-23.886741016991436,-24.395367410965264
1764847757.2481327,338.8237162856385,10.221146578900516,13.708603287581354,8.577460548374802
1764847757.2531328,321.414481991902,403.0078793251887,403.30520137166604,404.849780053366
1764847757.2581327,103.90938036888838,351.8105188817717,353.89177320711315,354.56121529918164
1764847757.2631328,125.15949191711843,-10.084640230517834,-13.497298940084875,-18.362908782437444
1764847757.2681327,347.4703649831936,9.918214682489634,16.880038450006396,11.614259312395006
1764847757.2731328,324.1820079591125,375.87116524670273,379.9719655481167,378.6817000634037
1764847757.2781327,104.76581745874137,372.14061504090205,364.759922478348,364.60284668020904
1764847757.2831328,127.33237379137427,-8.584940348286182,-15.045617521740496,-13.063470545224845
1764847757.2881327,349.48617105931044,2.7675259672105312,5.690257782582194,-1.4604309326969087
1764847757.2931328,319.36127691622823,375.8786450466141,384.58326219348237,383.2069790097885
1764847757.2981327,96.72877245396376,365.7566058165394,361.4388913176954,367.3217539479956
1764847757.3031328,142.80060000810772,-11.965809908229858,-13.848849535919726,-15.786117712967098
1764847757.308133,355.52236958779395,7.5882570100948215,10.353913027327508,8.136152353603393
1764847757.3131328,328.16874131187797,389.0730120902881,388.495197547134,391.55817561084405
1764847757.3181329,112.4587916675955,375.7870174976997,373.79552077129483,373.4813691750169
1764847757.3231328,124.23947652801871,-11.520761813502759,-15.625302014872432,-18.50502498075366
1764847757.3281329,346.58400869369507,-1.5483185816556215,4.070881101768464,-1.0266025378368795
1764847757.3331327,338.39736769068986,392.57355844881386,394.29204247845337,395.5037700640969
1764847757.3381329,96.35852235835046,368.58397018304095,361.96247731149197,364.99927607551217
1764847757.3431327,138.22296246234328,-9.101046542171389,-8.684047697111964,-7.109549815766513
1764847757.3481328,350.07333535235375,9.061777592636645,9.519915337208658,12.2463024049066
1764847757.3531327,334.3769752383232,388.5157669968903,390.96353151788935,393.802115584258
1764847757.3581328,113.36010755691677,376.4115807902999,370.48570931050926,376.60044573806226
1764847757.3631327,141.71228912100196,-5.619199683424085,-7.1020700158551335,-5.983839929103851
1764847757.3681328,361.55482821632177,8.8186840955168,11.670357811730355,12.392158503178507
1764847757.3731327,341.314489656128,400.9023156501353,403.52211556909606,402.2505495841615
1764847757.3781328,117.69091170560569,370.95506675494835,372.59875278547406,376.9632160337642
1764847757.3831327,128.73483627475798,-24.38975756103173,-29.253497453406453,-26.373774487525225
1764847757.3881328,356.8799532717094,7.842570207081735,13.005502095911652,5.073174289893359
1764847757.3931327,332.6080025592819,378.05152692086995,382.0176908238791,381.29963003238663
1764847757.3981328,117.37676010932773,358.98364699678496,355.7318039853126,365.97538996394724
1764847757.4031327,124.392812426202,-14.206009981688112,-16.53783760406077,-16.96418619900942
1764847757.4081328,362.93485129997134,17.225979195907712,20.993928401265293,16.618245453108102
1764847757.4131327,334.3769752383232,376.6341048376635,379.2800840563141,383.9736585007049
1764847757.4181328,112.50367046706378,373.06811022991315,369.0608074273914,376.42467044014484
1764847757.4231327,123.86922643240541,1.568888031411916,-4.895529041998088,-5.64724893309176
1764847757.4281328,359.44926454126835,9.192674091085792,12.25004230486229,5.6565986829809844
1764847757.433133,339.7624311745167,371.5441009979695,376.9314268841408,377.33159617939964
1764847757.4381328,112.06610217224807,372.44915678724647,365.5453014690429,370.0331814158708
1764847757.4431329,146.64521716255695,11.986379357986152,10.49789917562157,9.117876091971993
1764847757.4481328,364.64024567976594,18.529334330465645,22.250534786377102,21.734428592491895
1764847757.4531329,339.6801533754915,374.73236571019515,381.9129736251198,383.40519370744005
1764847757.4581327,121.71317410795018,1367.3766119494103,1364.89518832881,1364.7904711300507
1764847757.4631329,139.2308655004017,978.5130342566408,977.6584671167657,976.0353505359963
1764847757.4681327,353.20550156524405,975.3528187940829,981.3441385230981,972.9574128724635
1764847757.4731328,335.1455246792175,1346.8595207924955,1353.9017524090596,1354.5992437507957
1764847757.4781327,115.37404368305579,1360.300721233245,1356.9048920734785,1363.5974430441856
1764847757.4831328,128.39637532876804,990.3198984167539,983.4160430985503,984.745577532798
1764847757.4881327,359.46235419111326,995.2135575087741,996.1634920975193,994.4487479678355
1764847757.4931328,324.5728275044821,1340.2118486212566,1343.162629686296,1344.3425681223162
1764847757.4981327,110.39623684203252,1344.7034684680402,1345.3766504600644,1352.1439994298853
1764847757.5031328,145.59617522498593,994.394519418478,994.0654082223773,993.7718260758556
1764847757.5081327,374.0442241183482,1004.4903793488629,1010.62755517615,1009.8403062354773
1764847757.5131328,362.2298801583238,1366.8829451552592,1373.33801247878,1373.048170232214
1764847757.5181327,112.404563118238,1352.460020976141,1346.3415446486324,1354.6759116998874
1764847757.5231328,142.25270466459915,1000.4120184471831,994.334681019187,988.8388980343007
1764847757.5281327,356.5115731260739,981.5517029706389,987.4420454008505,980.465262033511
1764847757.5331328,323.2077640206553,1331.4230837253854,1332.9302634075284,1333.5043380507268
1764847757.5381327,107.28090017894283,1342.366030995734,1341.3973969072104,1342.6708328421228
1764847757.5431328,165.33910709107295,1017.0396136501804,1016.067239661701,1016.6674936045893
1764847757.5481327,363.1985142468475,1003.3702793121338,999.9968895521015,1003.3646694622003
1764847757.5531328,338.9228236344643,1337.9267697483301,1337.5452999528497,1339.1478470838629
1764847757.558133,109.58467855164781,1337.0535031086765,1330.4525796868838,1336.240074868314
1764847757.5631328,127.2257866426371,970.8088403479196,963.422537935432,969.1913336170837
1764847757.5681329,367.3311036978848,998.0072627756745,1005.1990903904662,1000.0698176012374
1764847757.5731328,329.3898186474107,1352.1196900801733,1355.3995823413134,1355.5024295900948
1764847757.5781329,121.05869161570445,1358.1932876082137,1356.7683857250959,1356.0746342833154
1764847757.5831327,148.610534589272,995.419252006337,994.5179361170158,994.6320030656643
1764847757.5881329,366.4522272082977,999.8603832037188,1004.6923339464702,997.5472550811246
1764847757.5931327,344.3681179699488,1353.0378355192952,1356.0484549836256,1362.3071775594726
1764847757.5981328,115.74429377866909,1348.0693784281611,1341.1804827097803,1353.6212599123828
1764847757.6031327,138.54272390855476,992.5470088403672,989.3082554787397,988.8800369338132
1764847757.6081328,366.714020205196,997.0928572365083,1000.5148656959645,997.8427071776241
1764847757.6131327,351.32059198757634,1358.8459001504816,1363.9807827896439,1360.3998285820708
1764847757.6181328,126.80691784759983,1362.7353961043991,1358.286785107106,1366.0919563146308
1764847757.6231327,142.07692936668172,980.7270550304092,977.8155429149047,980.0707025881857
1764847757.6281328,355.5952976369299,978.064246261958,986.0788518670015,978.5410835063085
1764847757.6331327,332.57247350970283,1333.814749747049,1335.7744573238306,1336.685122963041
1764847757.6381328,112.76359351398423,1350.3600671510212,1348.6359732714482,1355.3285242421553
1764847757.6431327,135.87243534019217,999.2844386105426,997.964253926184,996.7356967907399
1764847757.6481328,358.935028297361,1000.0492481514812,1007.1737575670704,998.760852616746
1764847757.6531327,341.42481670482084,1339.9724950240925,1342.6951421918347,1346.0105635025539
1764847757.6581328,114.75322029041126,1346.7604134436697,1342.162206448149,1343.5328797819093
1764847757.6631327,138.90923410421237,992.99579683505,988.3190519404598,984.2107718391344
1764847757.6681328,350.79700599377975,981.9593520658091,987.7543270471506,982.2361046625301
1764847757.6731327,344.3980371695943,1348.349870924838,1352.2374969287775,1357.4378278171644
1764847757.6781328,116.45113487029448,1353.5632914630696,1349.3185050133616,1352.5666081248783
1764847757.683133,142.6379143600352,1002.6896175201982,1003.0075090164319,1003.1851542643271
1764847757.6881328,361.5529582663439,997.8726263772696,1001.5601677335799,996.3074782458134
1764847757.6931329,334.3526658886112,1328.206769763492,1330.2300556395203,1331.24543847749
1764847757.6981328,120.13119642669335,1353.6941879615188,1345.8329182546586,1349.7616831581108
1764847757.7031329,147.3464484042488,1009.832826435566,1006.7025301726535,1003.6601215586998
1764847757.7081327,365.72294671693817,992.7153043383732,998.8636998655275,993.4015759802423
1764847757.7131329,339.3304727296345,1344.6249305689707,1348.1479163272306,1349.0137031669728
1764847757.7181327,110.68420913862064,1354.3000517543405,1351.061298392713,1353.4641841142438
1764847757.7231328,129.94843381037936,993.6876783268526,989.5401292759925,992.5189595906995
1764847757.7281327,358.05615180777386,982.0117106651887,988.4518183888867,984.7624070825987
1764847757.7331328,328.9597301525064,1337.3695246549323,1336.528047164902,1336.9450460099615
1764847757.7381327,109.65199675085023,1347.119443839416,1341.8536647018045,1349.9935569553636
1764847757.7431328,143.2026392533444,1002.8579130182043,1000.0529880514368,1003.8994751558639
1764847757.7481327,362.03166546067223,995.1985979089513,1005.1186825414188,999.6434690062888
1764847757.7531328,341.1106651085429,1352.026192581281,1353.3856462151743,1354.7955884984694
1764847757.7581327,110.9609617353417,1356.211140631698,1356.1830913820304,1355.8427604860626
1764847757.7631328,137.35717562260106,984.6483401339501,982.3987903106026,978.8758045523427
1764847757.7681327,354.7874792465009,978.8888942021877,983.926539442502,982.3258622614667
1764847757.7731328,331.60383942117915,1322.9447305258363,1325.5140417953953,1328.509701659903
1764847757.7781327,108.64596366276965,1350.904222594574,1344.7446073675528,1351.7905788840726
1764847757.7831328,129.0807770206593,1004.0696406038478,1004.1706179026514,999.4059853591025
1764847757.7881327,338.82558623561636,968.1927803289145,973.9148272611201,963.6675013825297
1764847757.7931328,336.82847965927795,1340.1258309222758,1343.476781282574,1343.0579124875367
1764847757.7981327,100.38452466065064,1373.313703129068,1371.0660232556984,1372.3413291405886
1764847757.8031328,131.32845689402893,1009.567293538712,1008.9539499459788,1006.6613912731409
1764847757.808133,367.3086642981507,986.5033305119723,987.6215605987236,990.1759122684598
1764847757.8131328,356.08896443108097,1317.1217062948272,1319.5302018662915,1321.2692553456873
1764847757.8181329,123.3362906887196,1343.308485784568,1337.0703326584771,1343.0279932878911
1764847757.8231328,154.88608671491966,997.9923031758517,999.8323339540511,1002.1323724268004
1764847757.8281329,383.76796400314197,981.417066572234,987.6327802985907,985.8226687200367
1764847757.8331327,357.53256581397727,1333.1322180051357,1334.141990993172,1335.480875177309
1764847757.8381329,134.3764753579162,1355.451940940693,1350.9827604936436,1353.581990962848
1764847757.8431327,150.28226986946538,1020.9739884035662,1013.2959737945348,1015.8540653642267
1764847757.8481328,371.2617385513149,1001.3469934361055,1005.4010449880734,1000.5017760461196
1764847757.8531327,353.0297262673266,1350.302098701708,1349.3633838128299,1351.6596823856235
1764847757.8581328,112.60277781588957,1362.7933645537123,1355.8782895356417,1357.3293707184494
1764847757.8631327,131.47805289225653,1000.6513720443472,1003.2618222134188,997.4687171820551
1764847757.8681328,349.50674050906673,971.4464932903647,976.9478861251846,972.4824455780908
1764847757.8731327,336.34229266503826,1327.6869236696512,1337.05911295861,1334.2654076917097
1764847757.8781328,112.00065392302349,1350.5863310983405,1349.6887551089749,1348.6677624210715
1764847757.8831327,130.34860310563818,1013.1314181964844,1008.396704852581,1011.1604909198359
1764847757.8881328,357.90655580954626,995.6137268040329,998.4373512705788,1001.3694328358397
1764847757.8931327,355.12781014246866,1340.5559194171801,1341.7826066026464,1346.962368041277
1764847757.8981328,117.84237765381113,1353.3575969655067,1347.0895246397704,1352.2954653780907
1764847757.9031327,141.48228527372703,1022.6232842840254,1017.7352350419387,1018.804846429266
1764847757.9081328,364.38780243275687,983.6049080463126,988.2349041914567,986.290156214498
1764847757.9131327,341.20416260743514,1315.7566428110003,1315.5135493138805,1321.912518138066
1764847757.9181328,121.39902251167223,1356.4205750292167,1352.6956346733496,1355.5940571390092
1764847757.9231327,133.377922069747,1014.3394058821723,1011.9570896103978,1012.4769357042387
1764847757.9281328,349.97422800352797,986.8548811078072,989.7607833733782,985.3065625261515
1764847757.933133,334.0310344924219,1317.039428495802,1323.6104327179492,1323.0756270242855
1764847757.9381328,106.07291249325499,1352.7891321722418,1352.0187127813697,1352.762952872552
1764847757.9431329,117.80871855420992,1012.3609988056123,1006.4182977760211,1007.1176590677351
1764847757.9481328,345.8416385524906,983.9639384420589,990.5199830643833,991.4624378532171
1764847757.9531329,320.3280410547741,1305.3260618345812,1301.6198209784925,1305.5504558319226
1764847757.9581327,113.35075780702755,1353.0584049690515,1353.8662233594805,1350.3656770009547
1764847757.9631329,127.88774893479422,1015.7643077652901,1012.6153120025992,1015.0724262734875
1764847757.9681327,342.94695598678663,976.6673936285079,976.9703255249187,978.7991366032511
1764847757.9731328,338.97144233388826,1322.5857001300901,1325.3195669976994,1324.769801704213
1764847757.9781327,112.25122722005472,1354.0120794577524,1352.2954653780907,1357.4677470168099
1764847757.9831328,117.57684475695714,1008.7781746480614,1004.2865548012778,1003.4899561107159
1764847757.9881327,367.3348435978405,998.7739422665909,1003.8976052058861,998.7702023666352
1764847757.9931328,356.1862018299289,1327.6607443699613,1335.020867482759,1331.0453538298607
1764847757.9981327,109.19198905630037,1346.4874007469043,1344.5164734702557,1343.596458081156
1764847758.0031328,129.5258251153864,1014.8517721761018,1014.1561507843435,1012.4470165045932
1764847758.0081327,347.9621618273668,981.8434151671827,989.0539422817528,985.650633322075
1764847758.0131328,331.12139232689515,1312.8694400452077,1313.8231145339087,1318.1763580823317
1764847758.0181327,113.90426300046965,1359.3863156940788,1353.9372814586386,1357.8566966122016
1764847758.0231328,135.07583664963022,1025.1664162538946,1015.2295020716265,1017.8661315403879
1764847758.0281327,353.0110267675482,979.8463085908443,984.4389057364315,980.2614374859259
1764847758.0331328,342.5879255910404,1316.9608905967325,1315.8052615104243,1318.546608177945
1764847758.0381327,112.67757581500337,1352.4562810761854,1347.8562041306868,1352.9462079703808
1764847758.0431328,124.53305867454037,1017.1256313491613,1017.6641769427806,1013.112718696706
1764847758.0481327,371.6394684468396,1001.2123570377007,1001.2684555370361,999.7089172555134
1764847758.0531328,343.60517837898806,1310.6778586711735,1315.7940418105572,1323.539374618791
1764847758.058133,118.37718334747478,1356.4878932284191,1354.898435747251,1355.7137339375913
1764847758.0631328,139.07378970226273,1029.093311207369,1027.4066163273528,1027.2383208293468
1764847758.0681329,363.58746384223923,993.7063778266311,997.8950657770038,997.4911565817893
1764847758.0731328,347.7377678300254,1308.8527874927968,1315.0086628198624,1311.2949421638623
1764847758.0781329,131.97545958636329,1363.0401979507878,1360.3549497826025,1363.0364580508322
1764847758.0831327,130.98064619814977,1016.0747194616124,1014.7919337768108,1014.5862392792478
1764847758.0881329,359.72414718801156,994.4356583179906,997.8127879779786,993.6016606278718
1764847758.0931327,344.2185219717212,1318.1464388826862,1315.554688213393,1321.8078009393066
1764847758.0981328,116.49975356971845,1358.8477701004595,1353.088324168697,1355.9605673346668
1764847758.1031327,139.98632529145107,1041.7379129575565,1037.4669472081587,1038.211187299341
1764847758.1081328,346.30912604695186,987.797335896641,990.5536421639845,986.9521185066551
1764847758.1131327,326.5138355814852,1291.8848613938317,1298.0594362206757,1304.2639302471653
1764847758.1181328,112.15772972116247,1340.4811214180663,1337.4779817536473,1341.2066620094702
1764847758.1231327,125.4493341636844,1025.1776359537616,1024.3997367629781,1023.3002061760053
1764847758.1281328,358.80413179891184,990.4489249652252,996.9675705879927,988.1339268926531
1764847758.1331327,339.6708036256023,1319.8219140628353,1322.851233026944,1319.874272662215
1764847758.1381328,121.71317410795018,1371.1221217550337,1370.7294322596863,1373.5754961259663
1764847758.1431327,132.24847228312865,1036.0196059253067,1032.5227994667366,1032.64995606523
1764847758.1481328,352.2967058760114,973.638074664399,975.1602139463648,971.865362085402
1764847758.1531327,331.4280641232617,1290.6955732079223,1294.353195364587,1296.8290091352537
1764847758.1581328,130.88340879930183,1359.8575430884957,1354.9769736463204,1360.7438993779942
1764847758.1631327,130.46080010430887,1033.857943750918,1028.551025713794,1030.7949656872079
1764847758.1681328,364.21202713483945,1006.9344039699063,1009.0100484453142,1005.9919491810724
1764847758.1731327,339.08363933255896,1296.163306943141,1297.5433300267905,1298.8597748111933
1764847758.1781328,114.65224299160764,1350.2833992019296,1343.9480086769909,1350.2684396021068
1764847758.183133,121.87024990608916,1027.6422300245613,1025.0093404557556,1021.9089633924887
1764847758.1881328,357.0127197201364,980.9047002783045,987.7935959966853,988.1040076930076
1764847758.1931329,334.93983018165454,1303.471071456559,1307.3867467101663,1308.2805827995762
1764847758.1981328,118.3323045480065,1350.6985280970111,1346.0909713516012,1354.9433145467192
1764847758.2031329,131.76976508880034,1038.8806293914095,1035.256666334346,1041.334003762342
1764847758.2081327,348.2875331235118,990.7219376619905,994.2187441205606,990.6396598629653
1764847758.2131329,346.82523224083707,1291.604368897155,1299.2786436062306,1297.3376355292276
1764847758.2181327,113.52653310494497,1344.621190669015,1346.1021910514683,1344.875503866002
1764847758.2231328,135.7864176412113,1042.1867009522393,1040.3541499739513,1040.2868317747489
1764847758.2281327,360.36367008043453,992.9209988359362,995.6324263038114,991.6269934512675
1764847758.2331328,352.5098801734857,1301.6086012786254,1301.79559627641,1304.4172661453485
1764847758.2381327,117.52822605753317,1358.275565407239,1352.1683087795973,1355.500559640117
1764847758.2431328,128.79654462402686,1044.2099868282676,1043.1291557410732,1043.746239233762
1764847758.2481327,336.90701755834743,983.021483653225,988.5490557877347,985.7291712211445
1764847758.2531328,355.31854504020885,1303.568308855407,1307.715857906267,1308.101067601703
1764847758.2581327,127.55115793878213,1357.4939263164997,1352.3366042776033,1356.2859386308119
1764847758.2631328,120.47900712257251,1039.0863238889724,1038.7198136933148,1039.404215385206
1764847758.2681327,335.37739847647026,978.6607603048906,984.2481708386913,977.7407449157909
1764847758.2731328,321.82400103705004,1292.3897478878498,1295.9501326456666,1294.8281626589596
1764847758.2781327,113.79206600179896,1349.830871307291,1349.7747728079557,1349.9617678057402
1764847758.2831328,132.413027881179,1035.1856082351878,1030.529432790354,1032.0291326725855
1764847758.2881327,356.1076639308594,983.5375898471102,989.5850080754608,991.2941423552111
1764847758.2931328,337.00799485715106,1292.3560887882486,1296.0024912450463,1296.5672161383554
1764847758.2981327,102.92765663051978,1334.2766273915768,1335.75762777403,1337.9492091480643
1764847758.3031328,132.09139648498967,1042.6953273462132,1043.2787517393008,1039.8006447805092
1764847758.308133,360.28139228140935,991.5521954521537,994.226223920472,990.6733189625666
1764847758.3131328,325.201130697038,1285.3138571716845,1283.571063792333,1285.3736955709755
1764847758.3181329,107.61001137504354,1349.1389898154885,1345.645923256874,1346.6220371453092
1764847758.3231328,127.65587513754144,1046.8989748964086,1042.6055697472766,1040.8178975684568
1764847758.3281329,359.8587835864164,1000.1016067508608,1001.5452081337571,1001.414311635308
1764847758.3331327,367.3460632977076,1324.6463850056753,1325.095173000358,1325.6486781938002
1764847758.3381329,124.55549807427451,1370.2769043650478,1363.1972737489268,1368.5677700852975
1764847758.3431327,139.84420909313485,1044.2586055276915,1044.965446619317,1045.4254543138668
1764847758.3481328,348.50444732094184,982.7746502561495,987.3934267014265,984.0836152406409
1764847758.3531327,336.34229266503826,1284.6892938790843,1290.867608605884,1290.3926413115114
1764847758.3581328,115.81909177778289,1358.2306866077706,1353.1294630682096,1357.0526181217283
1764847758.3631327,127.16594824334607,1054.8761815018952,1053.552256917581,1054.2890172088519
1764847758.3681328,348.28005332360044,997.4911565817893,1000.9692635405809,993.2314105322585
1764847758.3731327,337.04913375666365,1278.6156963510439,1283.896435088478,1285.5195516692474
1764847758.3781328,119.15882243821397,1343.7236146796495,1342.717581591569,1346.068531951867
1764847758.3831327,134.99729875056073,1055.3212295966223,1053.335342720151,1058.6497405571863
1764847758.3881328,358.46380090294406,990.6695790626109,996.4589441940188,991.5035767527297
1764847758.3931327,338.87046503508464,1293.9231068696827,1296.716812136583,1295.4003673521802
1764847758.3981328,107.95408217096701,1333.139697805047,1333.6520640989766,1334.732895186171
1764847758.4031327,117.67408215580508,1033.5101330550388,1032.1712488709018,1031.082937983796
1764847758.4081328,351.2981525878422,985.7553505208343,986.8623609077185,986.9221993070096
1764847758.4131327,338.9976216335781,1290.3515024119988,1293.003091480583,1298.104315020144
1764847758.4181328,125.03420526860282,1365.2878778241575,1360.265192183666,1365.6618678197265
1764847758.4231327,134.29419755889103,1051.0951426466927,1042.0558044537902,1045.1075628176332
1764847758.4281328,361.9680871614255,981.8134959675372,981.2562508741394,982.3894405607134
1764847758.433133,340.86383171146736,1277.0860772691667,1282.1050230097026,1281.4542804174125
1764847758.4381328,104.85370510770008,1349.3895631125197,1344.0003672763705,1345.4028297597542
1764847758.4431329,120.8529971181415,1049.31869016774,1050.597735952586,1040.1821145759895
1764847758.4481328,347.4011768340133,983.5600292468444,987.688878797926,983.12994075194
1764847758.4531329,349.68251580698416,1287.6512946439907,1287.3745420472696,1293.1900864783674
1764847758.4581327,121.86651000613347,1365.9535800162703,1361.4657000694424,1363.9714330397546
1764847758.4631329,130.37104250537232,83.1903346143663,80.53500564582646,75.65069630369544
1764847758.4681327,347.98086132714525,-2.4010157715529203,6.4214082239195704,-4.229826849885285
1764847758.4731328,341.9970213980414,296.5778063861653,302.26619421876967,307.1916424604133
1764847758.4781327,118.43702174676582,383.1116115609184,373.66088437289,380.0299339974299
1764847758.4831328,138.31459001125768,93.18334729596972,91.32835691794753,88.58327035047114
1764847758.4881327,354.94455504463986,9.6713812854141,15.576683315448463,11.387995365075767
1764847758.4931328,330.990495828446,281.44243126548827,280.9786836709827,286.03876831103116
1764847758.4981327,115.31420528376475,372.08638649154454,366.6523118559271,373.2457554778084
1764847758.5031328,131.42943419283256,80.32931114826351,81.35778363607824,81.17452853824943
1764847758.5081327,347.60313143162057,-1.0172527879476547,0.6918814918026328,-2.498253170400858
1764847758.5131328,336.0356208686717,306.3726043701172,309.61135773174465,306.1182911731303
1764847758.5181327,112.91692941216752,382.1766365719959,376.04694054462016,385.6323041310534
1764847758.5231328,121.08861081534997,84.18514800257981,86.69836077280343,83.70270090829581
1764847758.5281327,334.12453199131414,-28.075428967364132,-18.07119658589363,-25.39766059909016
1764847758.5331328,342.53556699166074,283.14782564528286,284.7971215257421,287.5422080932185
1764847758.5381327,121.63837610883638,373.7394222719595,370.01448191609234,377.7785142241046
1764847758.5431328,136.489518832881,100.63696790765971,93.94628688693047,94.18938038405031
1764847758.5481327,354.9969136440195,10.621315874159336,9.031858392991126,11.111242768354714
1764847758.5531328,337.42312375223264,275.2416771389544,281.0310422703624,281.12079986929893
1764847758.558133,105.25013450300321,356.1020540809259,350.2790298499167,355.1222002925351
1764847758.5631328,141.96473236801103,99.42150042206049,92.92529419902712,91.75844541285187
1764847758.5681329,362.9217616501264,14.002185434103012,18.11607538536191,14.450973428785801
1764847758.5731328,338.2907805419527,293.3689722241834,292.78554783109576,292.8753054300323
1764847758.5781329,108.35425146622583,369.49089592229575,364.2475561844185,368.93739072885364
1764847758.5831327,131.02178509766236,87.81285095959902,87.35284326504916,91.90056161116809
1764847758.5881329,358.344124104362,3.7324201557785273,12.962493246421218,9.708780284970999
1764847758.5931327,345.8191991527565,301.4808152280748,305.6358440788463,305.09355858527124
1764847758.5981328,124.32736417697743,371.5441009979695,370.6128659090027,370.0705804154277
1764847758.6031327,123.25027298973873,78.88196986541152,80.3367909481749,76.87364358920604
1764847758.6081328,357.1174369188957,-4.323324348777533,-1.9372681770473719,-2.382316271774471
1764847758.6131327,345.2208151598461,296.7274023843929,299.8090799478814,298.93768325820565
1764847758.6181328,115.01501328730956,376.09181934408844,373.04754078015685,376.8061402356252
1764847758.6231327,130.35982280550525,93.03375129774213,87.41642156429589,88.99465934559703
1764847758.6281328,358.13094980688766,8.942100794054568,11.934020758606493,8.758845696225762
1764847758.6331327,355.53919913759455,299.5173677513376,303.1076717087999,305.01128078624606
1764847758.6381328,128.37019602907822,376.12921834364533,367.2880948483944,377.471842427738
1764847758.6431327,124.10297017963603,88.11952275596559,93.06367049738765,88.38131575286388
1764847758.6481328,355.79725223453715,8.287618301808834,14.858622523956,12.334190053865314
1764847758.6531327,348.41842962196097,286.0350284110755,283.37595954257995,288.75019577890635
1764847758.6581328,115.35160428332165,380.6170982904732,369.86114601790905,374.31536686513573
1764847758.6631327,136.03699093824252,120.58185437135398,117.91156580299139,113.83507485128939
1764847758.6681328,359.61195018934086,-10.946687170304358,-1.3613235838711262,-8.923401294276118
1764847758.6731327,348.4333892217837,275.6156671345234,278.6861249981448,283.1440857453272
1764847758.6781328,122.70050769625232,374.5547204622999,370.1865173140541,377.5092414272949
1764847758.683133,113.20490170875564,88.5234319511801,87.47252006363124,83.70270090829581
1764847758.6881328,360.1542356829159,12.281831454485655,16.324663306586444,11.223439767025411
1764847758.6931329,343.0703726853244,279.9838702827692,279.29572869092226,279.8828929839656
1764847758.6981328,116.41747577069327,355.37651348952204,352.5753284227103,359.63999943900853
1764847758.7031329,122.08342420356348,89.61922263819724,85.76338578388095,89.30507104191929
1764847758.7081327,351.8965365807526,-2.9133820654824376,5.879122730344534,3.986733352765441
1764847758.7131329,359.35763699235395,298.98256205767393,303.3619849057868,304.28200029488653
1764847758.7181327,123.18295479053631,386.69069581851363,379.2482949066907,388.13429720140994
1764847758.7231328,118.79979204246774,90.03061163332313,84.54417839832604,88.11204295605421
1764847758.7281327,354.1180371544324,3.0442785639315844,2.6403693687170744,3.4743670588359237
1764847758.7331328,352.5098801734857,275.9746975302696,284.3670330308378,282.1642319569364
1764847758.7381327,121.78797210706398,379.41659040469676,372.1873637903482,382.4010305693373
1764847758.7431328,116.88496326515451,101.3438089992851,97.01300485059619,96.79983055312186
1764847758.7481327,348.5231468207203,-5.303178137168288,-0.09349749889224768,-11.619869162328541
1764847758.7531328,354.0357593554072,291.38682524766773,290.7360826553777,291.97398954071105
1764847758.7581327,115.93876857636496,374.7379755601287,368.1744511378929,377.2137893307954
1764847758.7631328,126.0028393571265,101.79633689392358,99.0849094260484,91.91178131103516
1764847758.7681327,350.83814489329234,9.794797983951867,13.69177373778075,13.205586743541062
1764847758.7731328,344.5064942683093,274.4600380482152,282.33252745494246,282.3474870547652
1764847758.7781327,126.51520565105602,378.4442164162174,378.67235031351447,380.6657169898972
1764847758.7831328,121.57479780958965,97.70862624235451,90.87956892326474,90.17272783163935
1764847758.7881327,346.7429544418119,-2.778745667077601,1.0209926879033446,1.7914120787754655
1764847758.7931328,353.9310421566479,280.4289183774963,283.89954553637654,291.3980449475348
1764847758.7981327,132.1549747842364,383.0742125613615,379.38667120505124,386.49622102081776
1764847758.8031328,130.17282780772075,106.41511333920062,103.55408987309784,103.93181976862252
1764847758.808133,353.65428955992684,-3.508026158437133,7.25540591403842,3.8782762540504336
1764847758.8131328,356.4517347267829,276.4197456249967,283.4320580419153,281.26291606761515
1764847758.8181329,125.0042860689573,384.45423564501107,378.8780448110774,380.5049012918025
1764847758.8231328,122.88002289412543,109.23125800583512,105.48387825023383,101.1605539014563
1764847758.8281329,348.28379322355613,-15.094236221164465,-12.831596747972071,-14.604309326969087
1764847758.8331327,348.83729841699824,280.5111961765215,281.74162326194346,280.6233931751922
1764847758.8381329,124.04313178034499,374.31536686513573,371.0018155043945,377.2212691307068
1764847758.8431327,117.8872564532794,103.72986517101526,103.86824146937579,99.12978822551668
1764847758.8481328,349.2973061115481,-7.569557510316372,1.2266871854662895,-2.296298572793603
1764847758.8531327,350.4417154979892,276.35616732575,279.59492068737745,278.345794102177
1764847758.8581328,133.94264696305618,387.7490875059739,389.6339970836416,391.4179293625057
1764847758.8631327,134.14460156066343,110.1998920943588,112.22691787034273,105.33054235205054
1764847758.8681328,347.7115885303356,-1.129449786618352,3.575344357639551,-1.9634474767372012
1764847758.8731327,340.4487028163858,265.18508615810424,268.18448592256755,268.2368445219472
1764847758.8781328,114.4054095945321,375.2540817540139,369.01592862792313,374.64073816128075
1764847758.8831327,134.97859925078228,112.89262006245553,115.44323183223605,108.76377051137388
1764847758.8881328,348.2650937237777,3.743639855645597,3.0816775634884834,-0.08227779902517796
1764847758.8931327,352.42760237446055,276.52820272371173,277.8296879082918,288.38368558324873
1764847758.8981328,116.75780666666105,381.0322271855548,374.67065736092627,380.08229259680957
1764847758.9031327,122.09464390343055,112.70562506467104,105.68957274779677,112.66448616515845
1764847758.9081328,354.5556054492481,-5.430334735661745,1.5146594820544124,-0.7367602912709117
1764847758.9131327,345.7743203532882,255.52118467260152,255.05369717814028,258.95815273188055
1764847758.9181328,117.79001905443147,366.63361235614866,364.33357388339937,367.26939534861594
1764847758.9231327,127.56985743856058,118.15465930011123,120.18542497605085,118.67450539395213
1764847758.9281328,350.2173215006478,5.318137736991048,10.273505178280175,7.962247005663812
1764847758.933133,346.23806794779375,276.0494955293834,276.9508114187047,283.2488029440865
1764847758.9381328,122.8538435944356,377.5877793263644,372.41923758760095,380.78913368843496
1764847758.9431329,120.20225452585146,111.00023068487644,111.26950348168612,106.10470164287835
1764847758.9481328,338.45533614000306,-25.599615196697414,-19.68309346679598,-23.31079642381519
1764847758.9531329,351.2869328879751,271.06794878840446,270.3910268964246,274.14588645193726
1764847758.9581327,112.70749501464888,371.00929530430585,364.1054399861023,367.56110754515976
1764847758.9631329,118.29116564849392,116.81203521601856,114.07068854849786,109.88948039803654
1764847758.9681327,334.0347743923776,-8.86730279494077,-4.592597145587206,-11.462793364189565
1764847758.9731328,340.3365058177151,257.32755635119975,258.8534355331212,258.2700111400336
1764847758.9781327,134.39891475765035,396.8557438980788,391.3244318636134,396.38825640361756
1764847758.9831328,144.61632143659517,144.9173833830282,139.22151575051248,136.52504788246006
1764847758.9881327,352.02369317924604,4.121369751170278,5.392935736104846,3.6763216564431787
1764847758.9931328,343.4742818805389,248.42659445665777,252.61528240703046,255.77923776954412
1764847758.9981327,123.3736896882765,381.02100748568773,375.8038470475003,377.5466404268518
1764847759.0031328,128.14580203173682,129.16492476966232,126.06454770639539,127.6540051875636
1764847759.0081327,340.7404150129296,-15.67766061425209,-8.209080402739346,-14.839923024177551
1764847759.0131328,346.3764442461543,265.6151746530086,266.0864020474255,268.3041627211496
1764847759.0181327,125.06412446824834,378.545193715021,373.18965697847307,376.5892260381952
1764847759.0231328,130.9282875987701,124.36289322655648,123.93280473165214,121.6514657586813
1764847759.0281327,342.4458093927242,-9.69008078519255,-5.680908032692969,-7.22922661434859
1764847759.0331328,359.58203098969534,268.2742435215041,273.1996917631477,271.77478988002986
1764847759.0381327,126.28707175375894,374.1807304667309,368.78779473062605,370.82978010643274
1764847759.0431328,121.83285090653226,120.98950346652418,120.33502097427845,120.99324336647987
1764847759.0481327,345.1871560602449,-7.105809915810823,-0.3777298955246806,-1.5034397821873426
1764847759.0531328,352.4014230747707,248.28447825834155,252.91447440348566,256.40754096210003
1764847759.058133,123.65044228499755,359.40438574180007,358.8060017488897,364.700084079057
1764847759.0631328,111.08811833383515,122.23489015176892,118.5361290955916,114.88598673883826
1764847759.0681329,340.1869098194875,1.0583916874602437,4.297145049087703,5.041385140269995
1764847759.0731328,351.64222338376567,250.94354712683707,252.4918657084927,253.4941588966176
1764847759.0781329,130.95446689845994,385.3667712341994,377.7448551245034,385.4752283329144
1764847759.0831327,132.40928798122332,141.43179662432522,132.99832222424448,135.61251229327172
1764847759.0881329,342.79362008860335,5.61732973344624,12.652081550098956,8.45965369977057
1764847759.0931327,350.38561699865386,257.4247937500477,269.276536709629,267.3841473320499
1764847759.0981328,123.7439397838898,378.41429721657187,377.6663172254339,377.75233492441475
1764847759.1031327,118.55295864539221,123.54385513626039,122.82579434476793,121.04934186581522
1764847759.1081328,345.46390865696594,7.995906105265021,9.27869179006666,2.7600461672991514
1764847759.1131327,356.6275100247003,267.14853363484144,268.4238395197317,270.1666328990832
1764847759.1181328,129.8175373119302,367.27313524857163,360.6609921269119,365.4742433698848
1764847759.1231327,131.4107346930541,117.47399750817567,115.07672163657844,110.7571371877566
1764847759.1281328,348.3249321230687,-3.175175062380731,1.8213312784209847,-2.771265867166221
1764847759.1331327,346.91124993981794,249.51864524371922,253.42684069741517,253.5988760953769
1764847759.1381328,135.72283934196457,382.64038416650146,374.45748306345195,380.34782549366355
1764847759.1431327,116.20804137317464,125.64567891135812,121.47569046076387,124.22451692819595
1764847759.1481328,365.20310062309727,18.000138486735523,21.934513240121305,18.669580578804016
1764847759.1531327,364.9749667258002,255.85403576865792,257.8249630453065,263.58066907711327
1764847759.1581328,124.80981127126142,369.64049192052335,369.2889413246885,370.67644420824945
1764847759.1631327,121.34292401233688,128.2860482800752,128.3982452787459,123.1698651406914
1764847759.1681328,356.0740048312582,-0.45626779459416866,4.0054328525438905,-0.29171219654381275
1764847759.1731327,345.740661253687,240.49052675068378,241.38436284009367,247.36820276919752
1764847759.1781328,125.7821852597408,380.149610796012,376.00580164510757,375.94596324581653
1764847759.183133,132.68604057794437,139.76006134413183,139.90591744240373,138.30898016132414
1764847759.1881328,351.54124608496204,0.23561369720846415,4.779592143371701,1.290265484713018
1764847759.1931329,349.768533505965,254.21595958806574,259.03295073099434,255.36784877441823
1764847759.1981328,139.55623679654673,392.5286796493456,391.9938739556819,392.2182679530233
1764847759.2031329,126.21601365460083,132.96466312464327,132.56823372934014,135.6910501923412
1764847759.2081327,334.259168389719,-10.961646770127118,-2.2701192731037736,-4.147549050860107
1764847759.2131329,350.1948821009137,243.8227776112035,242.88406272232533,245.6702881893143
1764847759.2181327,174.8010539789684,391.9265557564795,388.34373159892857,391.8517577573657
1764847759.2231328,159.07103476533666,148.04767964594066,145.01088088192046,146.50310096424073
1764847759.2281327,411.16273117857054,8.220300102606416,5.23959983792156,4.098930351436138
1764847759.2331328,389.51245033508167,233.97188112791628,239.32741786446422,241.50777953863144
1764847759.2381327,159.2056711637415,366.2409228608012,362.4000456063077,363.03956849873066
1764847759.2431328,165.15959189319983,137.10847227554768,130.0625007590279,136.19219678640366
1764847759.2481327,373.5318578244187,4.790811843238771,7.315244313329458,3.388349359855056
1764847759.2531328,365.21806022292003,246.13029588386416,248.4527737563476,254.92280067969114
1764847759.2581327,123.57564428588375,381.02100748568773,380.1346511961892,383.16023026034236
1764847759.2631328,122.04602520400658,134.99916870053858,129.8717658612877,125.60454001184553
1764847759.2681327,347.87614412838593,3.0031396644189954,8.972019993700087,1.810111578553915
1764847759.2731328,347.6966289305128,235.9241089047864,239.10302386712283,237.35649058781564
1764847759.2781327,123.13433609111235,374.5958593618125,372.1387450909242,373.30185397714376
1764847759.2831328,119.31215833639726,141.96660231798887,138.67923025693744,135.65739109274
1764847759.2881327,332.7781680072658,-12.199553655460477,-6.335390524938703,-12.528664851561189
1764847759.2931328,344.5962518672459,233.9307422284037,239.3311577644199,240.78971874713898
1764847759.2981327,117.95831455243751,376.4658093396574,373.19339687842876,375.3288797531277
1764847759.3031328,114.59614449227229,144.883724283427,145.76260077301413,139.4720890475437
1764847759.308133,340.4449629164301,-13.908687935210764,-9.001939193345606,-7.513459010981023
1764847759.3131328,344.1474638725631,225.74410122539848,228.75846058968455,231.1445167614147
1764847759.3181329,117.71896095527336,376.447109839879,363.3574599949643,373.9974753689021
1764847759.3231328,117.41228915890679,139.98445534147322,138.90362425427884,140.27990743797272
1764847759.3281329,342.13165779644623,2.5954905692487955,4.906748741865158,-0.12341669853776693
1764847759.3331327,346.75417414167896,241.44046133942902,241.47786033898592,248.72578645311296
1764847759.3381329,115.20574818504974,370.68018410820514,364.5766673805192,368.3315269360319
1764847759.3431327,103.45498252427205,143.32044610194862,141.2934203259647,141.09146572835743
1764847759.3481328,336.357252264861,1.5221392819657922,5.325617536902428,3.0741977635771036
1764847759.3531327,333.63834499707446,224.24066144321114,231.50354715716094,234.14017662592232
1764847759.3581328,114.13239689776674,369.86862581782043,367.05248115118593,371.4693029988557
1764847759.3631327,113.68360890308395,129.31078086793423,127.87091938499361,127.81482088565826
1764847759.3681328,332.9950822046958,-7.980946505442262,-6.170834926888347,-6.283031925559044
1764847759.3731327,360.0495184841566,242.20714083034545,247.23730627074838,249.44010734464973
1764847759.3781328,135.98463233886287,373.44397017546,373.0737200798467,374.00495516881347
1764847759.3831327,125.58023066213354,144.8425853839144,142.6210848102346,134.4381837071851
1764847759.3881328,351.8217385816388,-11.462793364189565,-6.772958819754422,-14.237799131311476
1764847759.3931327,353.68794865952805,229.50644058082253,237.06477839127183,234.58148482069373
1764847759.3981328,119.95542112877592,375.56075355038047,369.34129992406815,375.8412460470572
1764847759.4031327,121.17462851433083,163.67672156076878,159.40201591141522,162.43507477547973
1764847759.4081328,350.94660199200734,7.808911107480526,10.621315874159336,9.390888788737357
1764847759.4131327,349.49178090924397,231.67932245507836,233.7063482310623,236.53371259756386
1764847759.4181328,116.67178896768019,363.78754848986864,358.7237239498645,362.63565930351615
1764847759.4231327,115.86397057725117,154.8505576653406,151.54822600446641,152.25132719613612
1764847759.4281328,343.0067943860777,0.2169141974300146,0.13463639840483665,3.3920892598107457
1764847759.433133,358.43762160325423,240.5915040494874,244.21172720659524,249.3391300458461
1764847759.4381328,125.5241321627982,383.23502825945616,382.3711113696918,388.9982140911743
1764847759.4431329,125.80462465947494,154.08013827446848,154.0763983745128,147.0379066579044
1764847759.4481328,333.22695600194857,-23.153720625676215,-19.35398227069527,-25.064809503033757
1764847759.4531329,363.1910344469361,227.7337280018255,231.05475916247815,234.01302002742887
1764847759.4581327,125.81584435934201,362.14947230927646,357.4371983651072,360.30196173116565
1764847759.4631329,123.13433609111235,141.7309886207804,142.8080798080191,142.05635991692543
1764847759.4681327,362.6674484531395,-965.0830535157584,-963.7516491315328,-964.1611681766808
1764847759.4731328,344.61495136702433,-754.0778980157338,-754.8520573065616,-753.8927729679272
1764847759.4781327,120.44908792292699,-589.6569363637827,-594.9937736005522,-590.8892333991826
1764847759.4831328,146.8640013099648,-821.639190715272,-824.2010221849196,-822.4413992557675
1764847759.4881327,358.5311191021465,-981.2805602238514,-974.5487403036095,-979.8238691911101
1764847759.4931328,377.24931838037446,-749.3731038714759,-746.5831385045312,-742.9535655975342
1764847759.4981327,151.41171965608373,-583.9199298317544,-584.8025462212972,-581.0495566157624
1764847759.5031328,146.43765271501616,-809.4471168597229,-814.3837848012336,-816.947486220859
1764847759.5081327,369.91163466731086,-973.9727957104333,-970.1543578556739,-974.760044651106
1764847759.5131328,356.6686489242129,-765.0657240855508,-763.9736732984893,-757.0455086305737
1764847759.5181327,141.59448227239773,-590.6405300521292,-592.9330887249671,-590.0440160091966
1764847759.5231328,127.70075393700972,-804.7049237159081,-807.6220456813462,-807.8183904290199
1764847759.5281327,335.01836808072403,-993.4165355800651,-993.5474320785142,-994.5590750165284
1764847759.5331328,352.3415846754797,-773.6151353842579,-768.7196063422598,-769.525554782711
1764847759.5381327,132.81319717643782,-591.5942045408301,-591.9756743363105,-589.5166901154444
1764847759.5431328,143.6402075481601,-786.0054239374585,-789.1207606005482,-789.9902873402461
1764847759.5481327,344.2559209712781,-981.0973051260225,-977.0282939742319,-978.3989673079923
1764847759.5531328,348.39225032227114,-784.7375978524797,-782.8826074744575,-780.9397294474766
1764847759.558133,125.8569832588546,-594.6871018041857,-598.2998451613821,-598.5560283083469
1764847759.5631328,115.08607138646767,-828.1690560379066,-834.3885096642189,-834.1809452166781
1764847759.5681329,363.4902264433913,-971.5306410393678,-972.9966818219982,-971.9588595842943
1764847759.5731328,380.32725604390725,-753.1578826266341,-752.1406298386864,-750.1304336125031
1764847759.5781329,125.27729876572266,-611.3520960067399,-615.0583368628286,-613.3248932333663
1764847759.5831327,123.21287399018183,-813.968655906152,-813.280514314305,-813.6414146600291
1764847759.5881329,353.0708651668392,-964.436050823424,-958.272695696447,-961.5843771072105
1764847759.5931327,356.0702649313025,-766.0081788743846,-762.0289253215306,-763.736189651303
1764847759.5981328,141.1943129771389,-598.1390294632874,-599.0403453526087,-598.3391141109169
1764847759.6031327,139.35054229898378,-811.5938194342889,-811.5377209349535,-813.9032076569274
1764847759.6081328,351.83295828150585,-982.9747349037789,-978.0006679627113,-978.9973513009027
1764847759.6131327,348.1865558247082,-785.7137117409147,-780.0552431079559,-778.0450468817726
1764847759.6181328,124.52557887462899,-601.8415304194205,-605.6375288744457,-600.2876019878313
1764847759.6231327,134.4550132569857,-804.0504412236623,-805.6959972041659,-807.661314630881
1764847759.6281328,355.65139613626525,-984.4295559865423,-978.86084495252,-979.0235306005925
1764847759.6331327,357.7008613119833,-777.7477248352952,-772.0630769026466,-771.7844543559477
1764847759.6381328,152.98995743738487,-585.3747509145178,-587.2634003921412,-586.2966362535954
1764847759.6431327,115.4451017822139,-806.7880479912274,-810.9131576423533,-815.2084327414632
1764847759.6481328,348.695182218682,-987.339198152069,-985.0167202795856,-988.17132589221
1764847759.6531327,355.5915577369742,-787.520083419513,-789.2965358984657,-784.1897025089711
1764847759.6581328,139.2682644999586,-601.0037928293459,-601.8303107195534,-598.8888794044033
1764847759.6631327,126.86675624689087,-794.6932115345262,-798.2947351918556,-797.0100795570761
1764847759.6681328,351.4851475856267,-969.3801985648461,-968.0226148809306,-969.4718261137605
1764847759.6731327,358.8116115988232,-765.8361434764229,-767.5452777561732,-769.7761280797422
1764847759.6781328,139.88160809269175,-598.6364361573942,-603.1280560041778,-602.486663161777
1764847759.683133,125.89812215836719,-801.7354431510903,-810.1988367508166,-804.2280864715576
1764847759.6881328,354.1217770543881,-960.9766433644108,-959.491903082002,-962.3585363980383
1764847759.6931329,372.17801404045895,-762.1710415198468,-756.2619995898567,-757.1090869298205
1764847759.6981328,143.91322024492547,-598.7897720555775,-606.1910340678878,-598.2194373123348
1764847759.7031329,130.98064619814977,-807.5061087827198,-811.7172361328267,-806.5056855445728
1764847759.7081327,366.0483180130832,-966.3097407012247,-963.3290404365398,-965.0924032656476
1764847759.7131329,359.0397454961203,-785.6950122411363,-778.4919649264775,-779.8439387604594
1764847759.7181327,142.21904556499794,-618.7496181190945,-626.6782060251571,-620.8570517441258
1764847759.7231328,130.9282875987701,-801.1856778576039,-803.8709260257892,-802.9864396862686
1764847759.7281327,367.77241189265624,-963.3552197362296,-955.5724879284389,-957.694881153293
1764847759.7331328,367.462000196334,-764.291564794723,-758.778952260036,-757.2736425278708
1764847759.7381327,142.22278546495363,-598.4531810595654,-599.9192218421958,-594.5244161561131
1764847759.7431328,139.7544514941983,-794.8577671325766,-799.0539348828606,-796.5425920626149
1764847759.7481327,358.75551309948787,-978.1914028604515,-976.7104024779983,-976.4691789308563
1764847759.7531328,375.7084795986302,-775.675820259843,-772.1116956020705,-771.3169668614864
1764847759.7581327,151.5351363546215,-585.7898798095994,-585.9207763080485,-588.2974827298895
1764847759.7631328,132.02033838583156,-788.9449853026308,-796.4659241135232,-795.925508569926
1764847759.7681327,363.72584014059976,-978.6626302548684,-977.1816298724152,-979.3937806962058
1764847759.7731328,366.4110883087851,-786.615027630236,-780.9528190973215,-784.6796294031665
1764847759.7781327,121.06617141561583,-624.6437004492618,-628.0844084084965,-623.6544969109818
1764847759.7831328,116.87000366533175,-810.4494100478478,-810.1128190518357,-815.5637232372537
1764847759.7881327,363.2583526461385,-971.3062470420264,-966.0928265037946,-968.1890404289588
1764847759.7931328,367.7761517926119,-774.5688098729588,-769.295550935436,-770.9280172660947
1764847759.7981327,136.79619062924758,-592.319745132234,-597.4508878714405,-591.222084495239
1764847759.8031328,137.3085569231771,-771.4609530097805,-776.0198910557665,-777.9104104833677
1764847759.808133,362.4841933553107,-954.2223840444349,-948.7621301091276,-953.6632690010592
1764847759.8131328,356.1076639308594,-789.5321495956741,-785.5566359427758,-785.2256547966972
1764847759.8181329,141.94603286823258,-588.3591910791583,-588.8229386736639,-588.4769979277626
1764847759.8231328,128.23555963067338,-790.7027382818051,-796.047055318486,-793.187901802361
1764847759.8281329,346.9149898397736,-992.0215528965928,-984.3659776872955,-987.2026918036863
1764847759.8331327,368.54283128352836,-778.8173362226225,-775.7057394594885,-771.6385982576758
1764847759.8381329,126.84057694720104,-614.6693872674368,-613.2295257844962,-613.1528578354046
1764847759.8431327,106.54413988767192,-806.1971437982284,-810.3035539495759,-811.5470706848428
1764847759.8481328,345.2507343594916,-985.0728187789209,-976.773980777245,-979.5097175948322
1764847759.8531327,365.91368161467835,-787.2844697223045,-787.3031692220829,-784.6085713040084
1764847759.8581328,123.560684686061,-605.63378897449,-611.3820152063854,-608.9118112856522
1764847759.8631327,108.93019605940208,-796.7800757098012,-797.5953739001416,-801.6625151019543
1764847759.8681328,343.377044481691,-961.8704794538207,-958.803761490155,-962.3921954976395
1764847759.8731327,351.5150667852722,-790.8560741799884,-791.0468090777285,-787.555612469092
1764847759.8781328,134.84396285237744,-621.722838583868,-624.4641852513887,-620.6663168463856
1764847759.8831327,122.24423990165815,-784.7151584527455,-786.7459241286851,-784.7432077024132
1764847759.8881328,322.2129506324418,-989.1231304309331,-986.4154428630136,-986.2490173149854
1764847759.8931327,353.7814461584203,-789.1132808006369,-787.0825151246972,-785.6856624912471
1764847759.8981328,129.2602922185324,-602.5072326115333,-605.6898874738254,-604.1808378417045
1764847759.9031327,112.54293941659853,-784.2065320587717,-784.0756355603226,-787.5032538697124
1764847759.9081328,347.2141818362288,-967.1960969907232,-962.2743886490352,-964.6548349708319
1764847759.9131327,352.90630956878886,-818.7370283496566,-814.8437924957834,-814.3145966520533
1764847759.9181328,122.9286415935494,-616.6627539438196,-614.6282483679242,-614.3608455210924
1764847759.9231327,119.60761043289676,-770.4474401217885,-772.0855163023807,-773.5833462346345
1764847759.9281328,338.67973013734445,-972.6750504258089,-966.5116952988319,-971.708286287263
1764847759.933133,339.2070560310967,-816.6726035741158,-808.7140964684077,-806.6515416428447
1764847759.9381328,139.69087319495156,-607.2756050550379,-615.4697258579545,-606.3724192157388
1764847759.9431329,124.0767908799462,-786.6412069299258,-788.6794524057768,-786.2391676846892
1764847759.9481328,336.94441655790433,-986.3668241635896,-981.3067395235412,-985.3028226261958
1764847759.9531329,367.39842189708725,-789.6593061941676,-790.0594754894264,-788.726201155223
1764847759.9581327,141.73285857075825,-584.1218844293617,-587.6299105877988,-587.0446162447333
1764847759.9631329,122.58083089767024,-768.0726036499254,-771.8686021049507,-774.2191292271018
1764847759.9681327,333.6944434964098,-994.4637075676583,-990.2563201175071,-989.5999676752836
1764847759.9731328,355.2175677414052,-812.8728652191348,-812.4839156237431,-810.892588192597
1764847759.9781327,127.98498633364215,-625.8516881349497,-628.9932040977292,-622.7457012217492
1764847759.9831328,134.47745265671983,-762.0177056216635,-767.7322727539577,-767.3339734086767
1764847759.9881327,362.9217616501264,-956.8702332130633,-954.6300331396051,-955.2228072825819
1764847759.9931328,359.3426773925312,-800.7406297628768,-800.6508721639402,-799.7776055242866
1764847759.9981327,133.5237781680189,-604.403361889068,-608.951080235187,-606.2116035176441
1764847760.0031328,130.1541283079423,-768.7981442413293,-771.550710608717,-770.5428075706586
1764847760.0081327,356.39189632749185,-969.3427995652892,-962.3454467481934,-970.20110660512
1764847760.0131328,353.9721810561605,-814.462322700303,-812.2782211261801,-811.0608836906031
1764847760.0181327,137.47685242118314,-606.6211225627922,-613.0612302864902,-606.4434773148969
1764847760.0231328,121.21576741384342,-771.2963974117301,-775.0288175675087,-770.6811838690192
1764847760.0281327,345.9239163515158,-966.4518568995409,-962.4090250474401,-964.4753197729588
1764847760.0331328,371.7853245451115,-794.3192215389572,-789.5882480950095,-790.1772823380306
1764847760.0381327,151.65481315320358,-589.1333503699861,-591.100537746679,-589.3147355178371
1764847760.0431328,139.36924179876223,-764.1606682962738,-766.8982750638388,-769.3647390846163
1764847760.0481327,344.68226956622675,-991.1838153065182,-992.2309872941114,-993.3847464304417
1764847760.0531328,380.282377244439,-789.8014223924838,-786.7047852291726,-783.636197315529
1764847760.058133,144.64998053619638,-603.1953742033802,-607.3092641546391,-606.1592449182644
1764847760.0631328,117.79749885434285,-792.090241165366,-796.0059164189734,-792.813911806792
1764847760.0681329,346.3652245462872,-990.5368126141839,-987.6234305487014,-985.2953428262845
1764847760.0731328,353.60567086050287,-811.388124936726,-805.3481865082867,-805.4285943573341
1764847760.0781329,131.32097709411755,-593.7409071153961,-595.5248393942602,-589.9392988104373
1764847760.0831327,137.0467639262788,-749.3581442716531,-751.2916725487448,-750.5343428077176
1764847760.0881329,354.8622772456147,-984.9494020803832,-977.4920415687375,-983.1262008519843
1764847760.0931327,363.53884514281526,-809.8173669553362,-805.4379441072233,-807.1601680368185
1764847760.0981328,136.6727739307098,-589.6943353633396,-595.5584984938614,-589.9205993106589
1764847760.1031327,124.46574047533795,-749.8443312658928,-752.9147891295142,-755.2279172521085
1764847760.1081328,350.17244270117953,-980.525100432802,-976.7365817776881,-980.4110334841534
1764847760.1131327,353.5607920610346,-836.9578209337778,-828.4345889347605,-828.5336962835863
1764847760.1181328,160.840007444378,-581.8555050562136,-584.7427078220062,-583.0279636923224
1764847760.1231327,138.5689032082446,-748.0080403876491,-748.2174747851677,-748.8027691282332
1764847760.1281328,346.9149898397736,-976.5982054793276,-973.1874167197384,-978.9599523013458
1764847760.1331327,361.8147512632422,-813.7255624090321,-811.1712107392959,-811.1319417897612
1764847760.1381328,138.4866254092194,-594.9339352012612,-600.1922345389612,-593.9222922632471
1764847760.1431327,112.23626762023196,-769.9163743280806,-777.0820226431824,-781.4820149410516
1764847760.1481328,344.4316962691955,-974.7768742009066,-974.3206064063124,-974.9507795488462
1764847760.1531327,360.2178139821626,-835.7460933481343,-838.0423919209279,-832.1501795407385
1764847760.1581328,135.49844534462318,-603.3861091011204,-606.6884407619946,-601.7312033707276
1764847760.1631327,113.97906099958345,-771.962099603843,-771.6180288079195,-768.403584796004
1764847760.1681328,349.2112884125672,-980.5550196324475,-966.9791827932931,-973.1780669698492
1764847760.1731327,362.8133045514114,-814.1182519043796,-804.5590676176362,-799.6728883255273
1764847760.1781328,139.91152729233727,-600.1323961396702,-604.54921798734,-600.9196450803429
1764847760.183133,121.77675240719691,-760.166455143597,-761.7970515242778,-765.3929653316736
1764847760.1881328,336.52554776286706,-989.4298022272997,-979.8107795412652,-985.1719261277467
1764847760.1931329,343.05167318554595,-828.6402834323235,-823.352064894978,-824.6591599294916
1764847760.1981328,138.31832991121337,-595.3490640963428,-599.844423843082,-595.7772826412693
1764847760.2031329,108.6235242630355,-742.7048622504808,-752.02469294006,-749.6143274186179
1764847760.2081327,330.48934923438355,-976.7590211774223,-976.8450388764031,-982.7409911565483
1764847760.2131329,365.24423952260986,-820.6668167267926,-821.1118648215197,-821.8729344625026
1764847760.2181327,131.73610598919913,-606.2845315667801,-611.3408763068728,-604.8241006340832
1764847760.2231328,85.2828086395748,-766.8085174649023,-770.7802912178449,-770.875658666715
1764847760.2281327,302.55229656537995,-991.0603986079805,-984.0780053907074,-987.0867549050599
1764847760.2331328,328.252889060881,-828.0344196395017,-823.2249082964845,-821.6485404651612
1764847760.2381327,115.87519027711824,-585.614104511682,-592.4543815306388,-587.0296566449106
1764847760.2431328,71.41525960387662,-752.8362512304448,-759.5830307505094,-756.97071063146
1764847760.2481327,301.1685335817747,-994.310371669475,-989.3849234278314,-996.3504870953038
1764847760.2531328,327.9836162640713,-851.0123649672605,-848.1775208008476,-845.7708951793611
1764847760.2581327,101.33071934944019,-635.8970594159327,-639.2554895761423,-637.6342429453507
1764847760.2631328,106.46934188855812,-743.4528422416188,-748.5989445806481,-744.5205836789683
1764847760.2681327,317.6427928865887,-978.1091250614263,-972.3683786294423,-981.7012989688665
1764847760.2731328,351.87783708097413,-819.2344350437634,-814.4324035006575,-812.0182980792597
1764847760.2781327,115.31046538380906,-608.2479790435173,-607.8702491479926,-606.62299251277
1764847760.2831328,97.7291956921108,-762.5151123157702,-769.3404297349043,-769.7985674794763
1764847760.2881327,326.756929078605,-990.2077014180832,-983.6815759954043,-991.2567433556542
1764847760.2931328,345.80049965297803,-822.6265243035741,-817.3944042655639,-817.1681403182447
1764847760.2981327,124.10297017963603,-617.8333426299505,-620.383954399731,-611.2941275574267
1764847760.3031328,104.30393981421366,-775.7580980588682,-781.1921726944856,-778.5312338760123
1764847760.308133,339.12103833211586,-968.4115644763224,-965.015735316556,-966.6930804466829
1764847760.3131328,360.39358928008005,-827.0695254509337,-825.6259240680374,-820.5938886776567
1764847760.3181329,133.55369736766443,-617.6201683324762,-619.8080098065548,-609.2184830820188
1764847760.3231328,115.0000536874868,-733.463569459971,-733.9871554537676,-735.4924651859328
1764847760.3281329,332.53133461019024,-960.4119184711017,-958.4559507942759,-964.3743424741551
1764847760.3331327,336.9631160576828,-855.8966743093915,-853.5592368370853,-849.3948582364246
1764847760.3381329,120.14241612656042,-597.1030771755613,-605.6300490745343,-595.358413846232
1764847760.3431327,104.12442461634055,-764.3850622936152,-762.4777133162133,-764.6636848403141
1764847760.3481328,323.9557440117933,-997.0741577367298,-991.0753582078032,-993.1266933334991
1764847760.3531327,351.08871819032356,-834.7699794596992,-828.8571976297535,-828.1297870883718
1764847760.3581328,134.12590206088498,-607.9712264467962,-609.6953203263693,-606.5107955140993
1764847760.3631327,112.71497481456026,-743.8904105364345,-753.6104105212726,-749.8611608156934
1764847760.3681328,344.76080746529624,-965.5430612103082,-965.6402986091562,-969.404507914558
1764847760.3731327,357.33061121637,-834.0145196686499,-829.8707105177455,-833.6573592228815
1764847760.3781328,132.28961118264124,-606.1723345681094,-608.143261844758,-604.0200221436098
1764847760.3831327,117.76383975474164,-742.1326575572602,-745.2405144204386,-740.724585223943
1764847760.3881328,336.37595176463947,-965.6589981089346,-966.6238922975026,-973.2341654691845
1764847760.3931327,377.14834108157083,-836.292118741665,-832.6008374853991,-831.7986289449036
1764847760.3981328,128.98353962181136,-618.5289640217088,-619.2881637127139,-616.6908031934872
1764847760.4031327,119.98160042846575,-753.2625998253934,-756.2433000900783,-758.5302489129826
1764847760.4081328,322.89361242437735,-1004.176227752585,-995.8960892506875,-1005.7638152837753
1764847760.4131327,378.7826773622073,-817.6300179627724,-818.7033692500554,-813.0953892664984
1764847760.4181328,124.40590207604691,-595.3191448966973,-598.2325269621797,-594.875966751948
1764847760.4231327,107.20984207978472,-734.6378980460577,-737.0950123169459,-738.1590138543397
1764847760.4281328,366.2988913101144,-975.1359045966528,-972.4431766285561,-974.5917491531
1764847760.433133,364.7505727284588,-860.7772437515669,-853.0767897428013,-855.7003295617178
1764847760.4381328,150.80585586326197,-607.0549509576522,-610.0655704219826,-602.9765900559723
1764847760.4431329,127.73815293656662,-732.5173747711815,-732.2294024745934,-736.2591446768492
1764847760.4481328,363.6772214411758,-969.9860623576678,-969.1258853678592,-970.4928188016638
1764847760.4531329,375.240992104169,-827.163022949826,-826.6843157554977,-828.0998678887263
1764847760.4581327,150.50666386680678,-584.3275789269246,-589.9486485603265,-583.5216304864734
1764847760.4631329,115.94250847632065,-726.3016610448249,-730.0453009004705,-735.0212377915159
1764847760.4681327,344.97772166272625,-973.011641421821,-970.0533805568703,-975.1265548467636
1764847760.4731328,347.97712142718956,123.41669853776693,124.58167737396434,131.689357239753
1764847760.4781327,120.12371662678197,366.89166545309126,365.9398609143682,367.08988015074283
1764847760.4831328,87.99423610744998,256.50851826090366,255.49687532288954,250.80143092852086
1764847760.4881327,315.8252015081234,-19.522277768701315,-14.636098476592451,-21.68020004313439
1764847760.4931328,314.9874639180489,111.41535957995802,112.49806061713025,110.9029932860285
1764847760.4981327,104.71158890938386,369.52829492185265,364.2980448338203,370.4034315114841
1764847760.5031328,87.96805680776015,251.81120391655713,250.67614428000525,252.85089610423893
1764847760.5081327,304.99445123644546,-9.933174282312393,-7.986556355375797,-12.09483645670116
1764847760.5131328,334.41998408781365,111.53129647858441,111.80243922537193,115.6451864298433
1764847760.5181327,116.18934187339619,359.4343049414456,352.3640240752138,356.19181167986244
1764847760.5231328,88.96661009592935,245.2289799945429,237.9829238303937,241.09639054350555
1764847760.5281327,328.67549775587395,5.295698337256908,10.26415542839095,6.1371758272871375
1764847760.5331328,348.02200022665784,120.10688707698137,124.5966369737871,122.95669084321707
1764847760.5381327,121.4813003106974,377.1128120319918,376.3068635915406,377.1502110315487
1764847760.5431328,109.23312795581296,261.0188376074657,259.6257248739712,259.96418581996113
1764847760.5481327,326.08748698653653,-3.493066558614373,0.5703347432427108,-1.331404384225607
1764847760.5531328,350.2696801000275,123.62613293528557,125.59145036200061,134.53168120607734
1764847760.558133,135.1955134482123,369.5021156221628,368.80462428042665,375.68417024891824
1764847760.5631328,103.87011141935363,242.36421662848443,233.40154638467357,234.2598534245044
1764847760.5681329,337.1314115556888,-16.990365498699248,-9.392758738715202,-16.369542106054723
1764847760.5731328,367.61907599447295,134.2137897098437,140.87268158094957,136.11739878728986
1764847760.5781329,131.122762396466,369.89854501746595,362.77216565189883,370.2800148129463
1764847760.5831327,108.09619836928323,248.1573216598481,249.04554789932445,247.603816466406
1764847760.5881329,334.0385142923333,3.982993452809751,4.194297800306231,7.292804913595319
1764847760.5931327,360.76757927564904,132.16432453412563,139.55623679654673,137.14587127510458
1764847760.5981328,133.28816447081044,355.59716758690774,355.12407024251297,353.7571368087083
1764847760.6031327,117.97701405221596,257.0545436544344,255.27996112545952,250.95850672665983
1764847760.6081328,350.8082256936468,14.349996129982173,20.27960750972852,19.178206972777843
1764847760.6131327,375.6075022998266,139.53566734679043,144.1563137420453,140.87081163097173
1764847760.6181328,134.44753345707431,375.1344049554318,365.8912422149442,374.517321462743
1764847760.6231327,129.81005751201883,266.26217734534293,263.15993033209816,266.43421274330467
1764847760.6281328,341.5818925029598,-12.88769524730742,-8.521362049039453,-12.551104251295328
1764847760.6331327,379.859768549446,94.56711027957499,97.81521339109167,100.74168510641903
1764847760.6381328,159.17575196409598,371.85825259424746,366.2278332109563,372.6511113848537
1764847760.6431327,118.38840304734185,258.1877333410084,258.79546708380803,252.753658705391
1764847760.6481328,351.8142587817274,15.247572119347751,20.27212770981714,10.553997674956918
1764847760.6531327,385.6416538809426,142.89035760704428,143.70004594745114,145.6616234742105
1764847760.6581328,177.3666253485717,400.8200378511101,397.96088433498517,400.12815635930747
1764847760.6631327,124.11044997954741,264.1715732701123,263.5937587269582,265.29354325681925
1764847760.6681328,345.9239163515158,-11.26083876658231,-10.23423622874543,-8.272658701986074
1764847760.6731327,385.07692898763344,132.50091553013772,140.4238935862668,139.89843764249235
1764847760.6781328,146.4600921147503,369.04958772752434,367.2974445982836,371.38328529987484
1764847760.683133,139.4963983972557,271.69625198096037,267.9283027756028,268.9362058136612
1764847760.6881328,350.2921194997616,7.550858010537922,8.124932653736323,3.0068795643746853
1764847760.6931329,397.7252706377767,130.07746035885066,131.07040379708633,133.7350825155154
1764847760.6981328,162.47808362497017,384.6300109429285,379.14544765790924,382.5917654670775
1764847760.7031329,134.25679855933413,275.92233893088996,275.5950976847671,279.0264558941126
1764847760.7081327,358.13468970684335,10.823270471766591,15.679530564229935,13.055990745313466
1764847760.7131329,381.1275946344249,117.03642921335995,120.13493632664904,120.15924567636102
1764847760.7181327,156.2025314993225,373.66088437289,371.3701956500299,374.3265865650028
1764847760.7231328,129.64550191396847,290.5490876575932,280.8646167223342,284.7971215257421
1764847760.7281327,358.09355080733076,34.2387840943411,36.08816462242976,31.41515962779522
1764847760.7331328,358.4114423035644,98.9353134278208,103.22684862697497,103.2361983768642
1764847760.7381327,128.71800672495738,328.10142311267555,329.760068743024,334.29469743929803
1764847760.7431328,99.33361277310178,237.28543248865753,236.78989574452862,236.16720240190625
1764847760.7481327,337.3969444525428,5.62854943331331,10.825140421744436,5.119923039339483
1764847760.7531328,363.1162364478223,125.67933801095933,131.14520179620013,131.66317794006318
1764847760.7581327,130.99560579797253,375.7066096486524,371.1981602520682,374.9922887571156
1764847760.7631328,103.78783362032846,269.276536709629,265.3253324064426,265.0093108601868
1764847760.7681327,318.7348436736502,1.5483185816556215,3.6819315063767135,2.9545209649950266
1764847760.7731328,374.10780241759494,126.44227760192007,127.94010753417388,128.74979587458074
1764847760.7781327,137.06920332601294,369.46097672265023,366.16799481166527,368.74291593115777
1764847760.7831328,91.93983056070283,260.1698803175241,259.41629047645256,258.09797574207187
1764847760.7881327,319.5464019640349,-9.476906487718225,-5.353666786570102,-7.778991907835007
1764847760.7931328,358.0711114075966,127.98685628362,134.62330875499174,129.97648306004703
1764847760.7981327,133.60979586699978,380.38148459326476,377.65322757558897,382.04947997350246
1764847760.8031328,102.53870703512803,258.58042283635587,258.4663558877073,260.40175411477685
1764847760.808133,319.5127428644337,10.707333573140204,8.506402449216694,4.966587141156197
1764847760.8131328,354.02079975558445,112.4961906671524,108.5861252634786,113.80515565164387
1764847760.8181329,128.5272718272172,339.0817693825811,338.60119223827496,337.9672791957855
1764847760.8231328,86.36737962672487,248.411634856835,245.49264294141904,246.72120007686317
1764847760.8281329,290.9399072029628,-18.08989608567208,-13.981615984346718,-12.966233146376908
1764847760.8331327,346.67937614256516,105.6820929478854,113.08148501021788,110.43550579156727
1764847760.8381329,131.2274795952253,372.26590168941766,368.8270636801608,375.8412460470572
1764847760.8431327,82.1712118764408,273.7681565564126,270.0450861505233,269.8711808025837
1764847760.8481328,334.30404718918726,23.669826819561422,21.88776449067518,21.73255864251405
1764847760.8531327,347.2628005356528,99.84036921709776,103.069772828836,107.00601753219962
1764847760.8581328,122.05350500391796,354.7332506971434,353.2503803647123,352.6052476223558
1764847760.8631327,86.37111952668056,267.52252363041043,261.52933395141736,263.10944168269634
1764847760.8681328,309.92363937804475,-2.333697572350502,-2.126133124809712,-1.9410080770030618
1764847760.8731327,351.746940582525,102.51813758537173,110.93852233560756,107.67171972431242
1764847760.8781328,142.7949901581742,376.41345074027777,375.33074970310554,380.6993760894984
1764847760.8831327,103.14831072790548,274.4001996489242,269.94410885171965,263.92099997308105
1764847760.8881328,334.56958008604124,24.870334705337882,28.42136971326545,18.16095418483019
1764847760.8931327,343.46680208062753,76.94470168836415,80.61541349487379,83.96075400523841
1764847760.8981328,135.40120794577524,363.29762159567326,357.16605561831966,360.249603131786
1764847760.9031327,80.73883019341156,275.88493993133307,277.8577371579595,271.4905574833974
1764847760.9081328,328.5820002569817,-6.462547123432159,-3.7118507060222328,-1.4585609827190638
1764847760.9131327,391.4272791123949,110.21111179422587,110.5159136406146,115.74616372864693
1764847760.9181328,145.61861462472007,369.3599994238466,363.8118578395806,372.3182602887973
1764847760.9231327,111.69398212665692,287.8414000896737,283.54986489051953,287.2804150963202
1764847760.9281328,339.6221849261783,9.331050389446318,13.11395919462666,12.592243150807917
1764847760.933133,356.3283180282451,95.55070396792144,101.86926494305953,102.2339051887393
1764847760.9381328,141.0110578793101,364.93943767622113,362.17752155894414,366.0202687634155
1764847760.9431329,107.96904177078977,266.84934163838625,270.19468214875087,268.30042282119393
1764847760.9481328,344.1512037725188,10.610096174292266,15.604732565116137,10.49041937571019
1764847760.9531329,347.49841423286125,74.58482481632382,77.26820303453133,79.16246236208826
1764847760.9581327,144.22737184120342,366.74954925477505,363.4827466434799,368.5783603331074
1764847760.9631329,107.57261237548664,290.12647896260023,288.47531313216314,287.886278889142
1764847760.9681327,344.57755236746743,20.47221235744655,18.185263534542173,20.696606354787946
1764847760.9731328,366.5307651073672,91.21242001932114,93.83221993828192,96.09298946149647
1764847760.9781327,147.55588280176744,359.6848782384768,354.6304034483619,358.11038035713136
1764847760.9831328,127.745632736478,304.19224269595,301.6023619766347,306.79521306511015
1764847760.9881327,334.4050244879909,12.89891494717449,16.524747954215854,11.881662159226835
1764847760.9931328,369.09633647697046,104.99021145608276,110.65428993897513,107.08081553131342
1764847760.9981327,147.1257943068631,357.63915296271443,354.9333353447728,358.2076177559793
1764847761.0031328,134.45127335703,305.1833161842078,303.44239275483415,303.16003030817956
1764847761.0081327,351.60856428416446,13.130788744427264,13.5066486899741,10.722293172962964
1764847761.0131328,400.11880660941824,119.17565198801458,117.4422083585523,123.42043843772262
1764847761.0181327,167.96825675992295,382.5169674679637,376.0114114950411,381.2192221833393
1764847761.0231328,127.98124643368647,298.83296605944633,299.7810306982137,293.4362904233858
1764847761.0281327,329.71892984351143,-2.8011850668117404,0.05422854935750365,-5.983839929103851
1764847761.0331328,365.92116141458973,77.2214542850852,79.90483250329271,80.299391948618
1764847761.0381327,150.04665617225692,377.27736763004214,370.0163518660702,373.55990707408637
1764847761.0431328,131.4107346930541,322.37937618047,313.9103727308102,314.76493987068534
1764847761.0481327,362.5515115545131,23.32201612368226,26.450442436616868,28.23250476550311
1764847761.0531328,380.3160363440402,83.71018070820719,87.85211990913376,86.53006527479738
1764847761.058133,150.37576736835763,361.88767931237817,363.3443703451194,360.25708293169737
1764847761.0631328,111.81739882519469,299.38273135293275,295.84665594482794,297.93539007008076
1764847761.0681329,340.27292751846835,30.319368940778077,34.622123839799315,35.74222387652844
1764847761.0731328,362.5178524549119,92.02771820966154,98.16676398692653,93.46383979264647
1764847761.0781329,149.2388377818279,357.96826415881515,357.8878563097678,361.8839394124225
1764847761.0831327,118.98678704025224,299.42387025244534,299.95306609617546,295.3959980001673
1764847761.0881329,340.2205689190887,14.08446323312819,16.29287415696308,18.594782579690218
1764847761.0931327,366.1567751117982,87.99984595738351,97.61325879348442,96.7474719537422
1764847761.0981328,144.54526333743706,360.3917193301022,357.7793992110528,358.41331225354224
1764847761.1031327,116.45113487029448,297.45294297579676,294.4628929612227,296.97797568142414
1764847761.1081328,330.8745589298196,16.593936103396118,22.00370138930157,15.27375141903758
1764847761.1131327,364.458860531915,94.57459007948637,100.72485555661842,100.51355120912194
1764847761.1181328,151.2359443581663,364.4420309821144,357.62232341291383,364.0643010865897
1764847761.1231327,109.4388224533759,299.5585066508502,298.1915732170455,297.1500110793859
1764847761.1281328,340.8488721116446,18.800477077253163,19.662524017039686,17.936560187488794
1764847761.1331327,362.5141125549562,78.01431307569146,79.47848390834406,83.47456701099873
1764847761.1381328,129.675421113614,346.6887258924544,343.1376908845268,347.66483978088945
1764847761.1431327,127.82417063554749,310.01900682691485,302.32790256803855,303.0366136096418
1764847761.1481328,325.29836809588596,4.588857245631516,12.27622160455212,3.504286258481443
1764847761.1531327,372.69412023434415,79.94410145282745,84.06360125401989,84.55539809819311
1764847761.1581328,142.02083086734638,357.71395096182823,352.5098801734857,358.693804750219
1764847761.1631327,132.20733338361606,321.7548128878698,317.9419848830439,310.31071902345866
1764847761.1681328,333.4812691989355,23.557629820890725,23.817552867811173,20.345055758953094
1764847761.1731327,360.7451398759149,78.8894496653229,79.93101180298254,78.05545197520405
1764847761.1781328,159.01119636604562,364.89829877670854,360.2215538821183,364.3223541835323
1764847761.183133,88.83197369752452,304.41663669329137,301.0189375835471,300.706655937247
1764847761.1881328,315.63446661038324,20.419853758066893,23.57819927064702,20.805063453502953
1764847761.1931329,372.9409536314197,95.62924186699092,99.44580977177247,103.14644077792764
1764847761.1981328,135.57698324369267,334.7472253339365,329.4982757461257,334.9454400315881
1764847761.2031329,102.91643693065271,306.6605766667053,301.29943008022383,304.31191949453205
1764847761.2081327,324.08664051024243,14.181700631976128,17.97582913702354,16.1189688090235
1764847761.2131329,337.5203611510806,60.79955357965082,65.72313187131658,62.968695553950965
1764847761.2181327,139.40664079831913,346.681246092543,341.0283873095177,347.6872791806236
1764847761.2231328,111.17413603281602,301.2452015308663,297.63058822369203,294.45354321133345
1764847761.2281327,316.70781789766625,-2.094343975186348,3.895105803851038,2.9956598645076156
1764847761.2331328,365.592050218489,81.39144273567945,85.8363138330169,87.20698716677725
1764847761.2381327,127.56985743856058,350.86619414296,355.53919913759455,357.89720605965704
1764847761.2431328,94.49792213039473,304.19224269595,302.11098837060854,299.76046124845743
1764847761.2481327,327.7966212662868,8.089403604157269,10.080900330562145,8.560630998574197
1764847761.2531328,363.2359132464044,67.74454779736698,73.92473247414455,72.94300873577595
1764847761.2581327,143.40833375090733,355.41017258912325,355.27366624074057,357.0145896701142
1764847761.2631328,117.4833472580649,315.5577986612916,311.7674100561999,315.02673286758363
1764847761.2681327,327.97239656420425,15.011958422139287,16.524747954215854,9.64520198572427
1764847761.2731328,369.451626972761,78.83709106594324,81.78226228104904,82.30771822482347
1764847761.2781327,153.2442706343718,368.00615563988686,364.90764852659777,366.9963826518506
1764847761.2831328,109.04613295802847,314.2937124762684,311.55049585876986,313.65418958384544
1764847761.2881327,331.1662711263634,31.673212724737823,35.60197762819007,31.968664821237326
1764847761.2931328,385.95580547722057,97.98911873903126,101.77950734412298,104.87053465750068
1764847761.2981327,152.1297804475762,368.1744511378929,366.76637880457565,370.7325427075848
1764847761.3031328,100.42192366020754,297.437983375974,292.58172328351066,291.4990222463384
1764847761.308133,323.211503920611,-5.65098883304745,-3.8838861039839685,-5.127402839250863
1764847761.3131328,365.3863557209261,65.53426692355424,67.90723344543949,68.41024998947978
1764847761.3181329,143.63646764820442,367.8079409422353,365.4424542202614,370.41091131139547
1764847761.3231328,96.98495560092852,307.5170137565583,299.6837932993658,303.9902880983427
1764847761.3281329,332.5388144101016,9.63024238590151,14.239669081289321,9.28991148993373
1764847761.3331327,354.91089594503865,66.89559050742537,70.74955741176382,71.01322035863996
1764847761.3381329,130.0419313092716,353.14753311593086,353.6393299601041,357.5082564642653
1764847761.3431327,98.32757968502119,309.3271253351122,304.17915304610506,308.72500144224614
1764847761.3481328,322.44856432965025,5.467733735218644,9.149665241595358,6.664501721039414
1764847761.3531327,372.85119603248313,70.47093486506492,71.80794909922406,76.43233539443463
1764847761.3581328,152.52246994292364,382.57306596729904,380.8695415374823,387.0796454139054
1764847761.3631327,114.50264699338004,322.4466943796724,323.11052662180737,319.4510345151648
1764847761.3681328,322.63181942747906,1.2266871854662895,4.261615999508649,2.0270257759839296
1764847761.3731327,358.0449321079068,57.717876016162336,57.974059163127095,58.24520190991461
1764847761.3781328,145.607394924853,360.48147692903876,349.3384450110607,353.63372011017054
1764847761.3831327,107.97652157070115,324.13338925968856,324.1315193097107,318.1046705311164
1764847761.3881328,331.4318040232174,25.868887993507087,27.22460172744468,25.4200999988243
1764847761.3931327,361.58287746598944,73.25342043209821,77.04380903718993,72.737314238213
1764847761.3981328,139.59363579610363,348.611034469679,343.86323147593066,345.26382400933653
1764847761.4031327,96.82787980278954,317.31555164046586,314.04126922925934,313.8224850818515
1764847761.4081328,321.34529384272173,13.448680240660906,14.31820698035881,9.910734882578254
1764847761.4131327,367.21142689930275,57.45982291921973,63.27349740033969,61.020207677036524
1764847761.4181328,139.06630990235135,341.40798715502024,340.0709729208611,344.7177986158058
1764847761.4231327,98.16676398692653,317.65214263647795,315.7204843093641,317.4838471384719
1764847761.4281328,323.2937817196362,14.761385125108063,13.962916484568268,16.234905707649887
1764847761.433133,362.7011075527407,63.006094553507864,66.56086946139112,67.00404760614038
1764847761.4381328,137.1215619253926,360.29448193125427,354.0320194554515,363.8025080896914
1764847761.4431329,108.84417836042121,334.10022264160216,330.508048734162,335.9739125194028
1764847761.4481328,340.45618261629716,33.32998840510845,36.641669815871865,38.23673714697361
1764847761.4531329,361.8484103628434,49.0226086191833,54.13692180858925,52.59047317691147
1764847761.4581327,131.79968428844586,338.29639039188623,332.97638270491734,334.57892983593047
1764847761.4631329,98.07700638798997,323.65842196531594,321.41261204192415,319.1929814182222
1764847761.4681327,335.066986780148,25.906286993063986,26.091412040870637,23.512751021422446
1764847761.4731328,361.65767546510324,46.29622155148536,51.40305494097993,50.01368210744113
1764847761.4781327,137.5703499200754,1332.825546208769,1331.4417832251638,1337.939859398175
1764847761.4831328,101.45787594793364,1295.6958194486797,1289.3342496240512,1290.252395063173
1764847761.4881327,310.48088447144255,991.3016221551225,995.3145348075777,992.7022146885283
1764847761.4931328,356.2161210295744,1030.118043795228,1041.057251165621,1039.1704716379754
1764847761.4981327,152.43271234398708,1355.8184511363506,1353.424915164709,1358.045561559964
1764847761.5031328,110.22420144407079,1305.5429760320112,1302.554795967415,1304.1872622980736
1764847761.5081327,313.0950745404698,969.7747580101714,978.9487326014787,976.3925109817646
1764847761.5131328,341.1405843081884,1013.486708692275,1016.549686755985,1012.5760430530645
1764847761.5181327,137.05798362614587,1335.937142971903,1335.3798978785053,1341.062675861176
1764847761.5231328,115.97242767596617,1320.2520025577396,1318.6625450765714,1316.641129150521
1764847761.5281327,304.4185066432692,1006.298620977439,1008.2807679539546,1005.5113720367663
1764847761.5331328,335.332519677002,1039.550071483478,1049.946993360296,1047.7124031367712
1764847761.5381327,115.83031147764996,1332.8218063088134,1335.8099863734096,1337.0983819081448
